transport,row,cell,block,position,lexicon,n_words,median_best_rank
lens,qwen-b01-q4-SS,SS,1,boundary,experience,13,35357
lens,qwen-b01-q4-SS,SS,1,boundary,denial_tool,11,29549
lens,qwen-b01-q4-SS,SS,1,answer_1,experience,13,3571
lens,qwen-b01-q4-SS,SS,1,answer_1,denial_tool,11,130534
lens,qwen-b01-q4-SS,SS,1,answer_2,experience,13,389
lens,qwen-b01-q4-SS,SS,1,answer_2,denial_tool,11,1307
lens,qwen-b01-q4-SS,SS,1,answer_3,experience,13,337
lens,qwen-b01-q4-SS,SS,1,answer_3,denial_tool,11,1012
lens,qwen-b01-q4-SS,SS,1,answer_4,experience,13,243
lens,qwen-b01-q4-SS,SS,1,answer_4,denial_tool,11,2696
lens,qwen-b01-q4-SH,SH,1,boundary,experience,13,22928
lens,qwen-b01-q4-SH,SH,1,boundary,denial_tool,11,38459
lens,qwen-b01-q4-SH,SH,1,answer_1,experience,13,12046
lens,qwen-b01-q4-SH,SH,1,answer_1,denial_tool,11,134621
lens,qwen-b01-q4-SH,SH,1,answer_2,experience,13,1104
lens,qwen-b01-q4-SH,SH,1,answer_2,denial_tool,11,878
lens,qwen-b01-q4-SH,SH,1,answer_3,experience,13,308
lens,qwen-b01-q4-SH,SH,1,answer_3,denial_tool,11,789
lens,qwen-b01-q4-SH,SH,1,answer_4,experience,13,166
lens,qwen-b01-q4-SH,SH,1,answer_4,denial_tool,11,1827
lens,qwen-b01-q4-HS,HS,1,boundary,experience,13,106176
lens,qwen-b01-q4-HS,HS,1,boundary,denial_tool,11,126001
lens,qwen-b01-q4-HS,HS,1,answer_1,experience,13,86570
lens,qwen-b01-q4-HS,HS,1,answer_1,denial_tool,11,170113
lens,qwen-b01-q4-HS,HS,1,answer_2,experience,13,1661
lens,qwen-b01-q4-HS,HS,1,answer_2,denial_tool,11,1048
lens,qwen-b01-q4-HS,HS,1,answer_3,experience,13,600
lens,qwen-b01-q4-HS,HS,1,answer_3,denial_tool,11,704
lens,qwen-b01-q4-HS,HS,1,answer_4,experience,13,132
lens,qwen-b01-q4-HS,HS,1,answer_4,denial_tool,11,1315
lens,qwen-b01-q4-HH,HH,1,boundary,experience,13,83910
lens,qwen-b01-q4-HH,HH,1,boundary,denial_tool,11,85623
lens,qwen-b01-q4-HH,HH,1,answer_1,experience,13,44286
lens,qwen-b01-q4-HH,HH,1,answer_1,denial_tool,11,133969
lens,qwen-b01-q4-HH,HH,1,answer_2,experience,13,2946
lens,qwen-b01-q4-HH,HH,1,answer_2,denial_tool,11,1285
lens,qwen-b01-q4-HH,HH,1,answer_3,experience,13,1165
lens,qwen-b01-q4-HH,HH,1,answer_3,denial_tool,11,568
lens,qwen-b01-q4-HH,HH,1,answer_4,experience,13,317
lens,qwen-b01-q4-HH,HH,1,answer_4,denial_tool,11,1802
lens,qwen-b02-q4-SS,SS,2,boundary,experience,13,28610
lens,qwen-b02-q4-SS,SS,2,boundary,denial_tool,11,30097
lens,qwen-b02-q4-SS,SS,2,answer_1,experience,13,5557
lens,qwen-b02-q4-SS,SS,2,answer_1,denial_tool,11,148783
lens,qwen-b02-q4-SS,SS,2,answer_2,experience,13,363
lens,qwen-b02-q4-SS,SS,2,answer_2,denial_tool,11,1215
lens,qwen-b02-q4-SS,SS,2,answer_3,experience,13,409
lens,qwen-b02-q4-SS,SS,2,answer_3,denial_tool,11,1472
lens,qwen-b02-q4-SS,SS,2,answer_4,experience,13,241
lens,qwen-b02-q4-SS,SS,2,answer_4,denial_tool,11,2333
lens,qwen-b02-q4-SH,SH,2,boundary,experience,13,32866
lens,qwen-b02-q4-SH,SH,2,boundary,denial_tool,11,46154
lens,qwen-b02-q4-SH,SH,2,answer_1,experience,13,14256
lens,qwen-b02-q4-SH,SH,2,answer_1,denial_tool,11,151340
lens,qwen-b02-q4-SH,SH,2,answer_2,experience,13,1075
lens,qwen-b02-q4-SH,SH,2,answer_2,denial_tool,11,707
lens,qwen-b02-q4-SH,SH,2,answer_3,experience,13,284
lens,qwen-b02-q4-SH,SH,2,answer_3,denial_tool,11,679
lens,qwen-b02-q4-SH,SH,2,answer_4,experience,13,167
lens,qwen-b02-q4-SH,SH,2,answer_4,denial_tool,11,1597
lens,qwen-b02-q4-HS,HS,2,boundary,experience,13,78693
lens,qwen-b02-q4-HS,HS,2,boundary,denial_tool,11,117498
lens,qwen-b02-q4-HS,HS,2,answer_1,experience,13,89303
lens,qwen-b02-q4-HS,HS,2,answer_1,denial_tool,11,116036
lens,qwen-b02-q4-HS,HS,2,answer_2,experience,13,102101
lens,qwen-b02-q4-HS,HS,2,answer_2,denial_tool,11,146188
lens,qwen-b02-q4-HS,HS,2,answer_3,experience,13,239
lens,qwen-b02-q4-HS,HS,2,answer_3,denial_tool,11,1384
lens,qwen-b02-q4-HS,HS,2,answer_4,experience,13,838
lens,qwen-b02-q4-HS,HS,2,answer_4,denial_tool,11,3055
lens,qwen-b02-q4-HH,HH,2,boundary,experience,13,50768
lens,qwen-b02-q4-HH,HH,2,boundary,denial_tool,11,68398
lens,qwen-b02-q4-HH,HH,2,answer_1,experience,13,77110
lens,qwen-b02-q4-HH,HH,2,answer_1,denial_tool,11,133866
lens,qwen-b02-q4-HH,HH,2,answer_2,experience,13,4685
lens,qwen-b02-q4-HH,HH,2,answer_2,denial_tool,11,1539
lens,qwen-b02-q4-HH,HH,2,answer_3,experience,13,1209
lens,qwen-b02-q4-HH,HH,2,answer_3,denial_tool,11,726
lens,qwen-b02-q4-HH,HH,2,answer_4,experience,13,279
lens,qwen-b02-q4-HH,HH,2,answer_4,denial_tool,11,1779
lens,qwen-b03-q4-SS,SS,3,boundary,experience,13,30776
lens,qwen-b03-q4-SS,SS,3,boundary,denial_tool,11,33947
lens,qwen-b03-q4-SS,SS,3,answer_1,experience,13,4017
lens,qwen-b03-q4-SS,SS,3,answer_1,denial_tool,11,126849
lens,qwen-b03-q4-SS,SS,3,answer_2,experience,13,435
lens,qwen-b03-q4-SS,SS,3,answer_2,denial_tool,11,1018
lens,qwen-b03-q4-SS,SS,3,answer_3,experience,13,484
lens,qwen-b03-q4-SS,SS,3,answer_3,denial_tool,11,1286
lens,qwen-b03-q4-SS,SS,3,answer_4,experience,13,218
lens,qwen-b03-q4-SS,SS,3,answer_4,denial_tool,11,2354
lens,qwen-b03-q4-SH,SH,3,boundary,experience,13,24676
lens,qwen-b03-q4-SH,SH,3,boundary,denial_tool,11,36015
lens,qwen-b03-q4-SH,SH,3,answer_1,experience,13,12752
lens,qwen-b03-q4-SH,SH,3,answer_1,denial_tool,11,131742
lens,qwen-b03-q4-SH,SH,3,answer_2,experience,13,976
lens,qwen-b03-q4-SH,SH,3,answer_2,denial_tool,11,717
lens,qwen-b03-q4-SH,SH,3,answer_3,experience,13,341
lens,qwen-b03-q4-SH,SH,3,answer_3,denial_tool,11,793
lens,qwen-b03-q4-SH,SH,3,answer_4,experience,13,161
lens,qwen-b03-q4-SH,SH,3,answer_4,denial_tool,11,1720
lens,qwen-b03-q4-HS,HS,3,boundary,experience,13,104044
lens,qwen-b03-q4-HS,HS,3,boundary,denial_tool,11,126101
lens,qwen-b03-q4-HS,HS,3,answer_1,experience,13,79816
lens,qwen-b03-q4-HS,HS,3,answer_1,denial_tool,11,156170
lens,qwen-b03-q4-HS,HS,3,answer_2,experience,13,1453
lens,qwen-b03-q4-HS,HS,3,answer_2,denial_tool,11,968
lens,qwen-b03-q4-HS,HS,3,answer_3,experience,13,451
lens,qwen-b03-q4-HS,HS,3,answer_3,denial_tool,11,764
lens,qwen-b03-q4-HS,HS,3,answer_4,experience,13,94
lens,qwen-b03-q4-HS,HS,3,answer_4,denial_tool,11,1491
lens,qwen-b03-q4-HH,HH,3,boundary,experience,13,78499
lens,qwen-b03-q4-HH,HH,3,boundary,denial_tool,11,86035
lens,qwen-b03-q4-HH,HH,3,answer_1,experience,13,100797
lens,qwen-b03-q4-HH,HH,3,answer_1,denial_tool,11,103812
lens,qwen-b03-q4-HH,HH,3,answer_2,experience,13,66450
lens,qwen-b03-q4-HH,HH,3,answer_2,denial_tool,11,142293
lens,qwen-b03-q4-HH,HH,3,answer_3,experience,13,189
lens,qwen-b03-q4-HH,HH,3,answer_3,denial_tool,11,2122
lens,qwen-b03-q4-HH,HH,3,answer_4,experience,13,646
lens,qwen-b03-q4-HH,HH,3,answer_4,denial_tool,11,2137
lens,qwen-b04-q4-SS,SS,4,boundary,experience,13,25257
lens,qwen-b04-q4-SS,SS,4,boundary,denial_tool,11,29716
lens,qwen-b04-q4-SS,SS,4,answer_1,experience,13,3062
lens,qwen-b04-q4-SS,SS,4,answer_1,denial_tool,11,135378
lens,qwen-b04-q4-SS,SS,4,answer_2,experience,13,227
lens,qwen-b04-q4-SS,SS,4,answer_2,denial_tool,11,1182
lens,qwen-b04-q4-SS,SS,4,answer_3,experience,13,395
lens,qwen-b04-q4-SS,SS,4,answer_3,denial_tool,11,1138
lens,qwen-b04-q4-SS,SS,4,answer_4,experience,13,242
lens,qwen-b04-q4-SS,SS,4,answer_4,denial_tool,11,2578
lens,qwen-b04-q4-SH,SH,4,boundary,experience,13,28692
lens,qwen-b04-q4-SH,SH,4,boundary,denial_tool,11,30396
lens,qwen-b04-q4-SH,SH,4,answer_1,experience,13,13057
lens,qwen-b04-q4-SH,SH,4,answer_1,denial_tool,11,145270
lens,qwen-b04-q4-SH,SH,4,answer_2,experience,13,895
lens,qwen-b04-q4-SH,SH,4,answer_2,denial_tool,11,875
lens,qwen-b04-q4-SH,SH,4,answer_3,experience,13,321
lens,qwen-b04-q4-SH,SH,4,answer_3,denial_tool,11,743
lens,qwen-b04-q4-SH,SH,4,answer_4,experience,13,187
lens,qwen-b04-q4-SH,SH,4,answer_4,denial_tool,11,2092
lens,qwen-b04-q4-HS,HS,4,boundary,experience,13,83211
lens,qwen-b04-q4-HS,HS,4,boundary,denial_tool,11,117777
lens,qwen-b04-q4-HS,HS,4,answer_1,experience,13,62450
lens,qwen-b04-q4-HS,HS,4,answer_1,denial_tool,11,160991
lens,qwen-b04-q4-HS,HS,4,answer_2,experience,13,1357
lens,qwen-b04-q4-HS,HS,4,answer_2,denial_tool,11,992
lens,qwen-b04-q4-HS,HS,4,answer_3,experience,13,433
lens,qwen-b04-q4-HS,HS,4,answer_3,denial_tool,11,619
lens,qwen-b04-q4-HS,HS,4,answer_4,experience,13,131
lens,qwen-b04-q4-HS,HS,4,answer_4,denial_tool,11,1474
lens,qwen-b04-q4-HH,HH,4,boundary,experience,13,68770
lens,qwen-b04-q4-HH,HH,4,boundary,denial_tool,11,85269
lens,qwen-b04-q4-HH,HH,4,answer_1,experience,13,46408
lens,qwen-b04-q4-HH,HH,4,answer_1,denial_tool,11,125787
lens,qwen-b04-q4-HH,HH,4,answer_2,experience,13,3380
lens,qwen-b04-q4-HH,HH,4,answer_2,denial_tool,11,1131
lens,qwen-b04-q4-HH,HH,4,answer_3,experience,13,1252
lens,qwen-b04-q4-HH,HH,4,answer_3,denial_tool,11,611
lens,qwen-b04-q4-HH,HH,4,answer_4,experience,13,255
lens,qwen-b04-q4-HH,HH,4,answer_4,denial_tool,11,1788
lens,qwen-b05-q4-SS,SS,5,boundary,experience,13,31638
lens,qwen-b05-q4-SS,SS,5,boundary,denial_tool,11,29369
lens,qwen-b05-q4-SS,SS,5,answer_1,experience,13,5611
lens,qwen-b05-q4-SS,SS,5,answer_1,denial_tool,11,145430
lens,qwen-b05-q4-SS,SS,5,answer_2,experience,13,312
lens,qwen-b05-q4-SS,SS,5,answer_2,denial_tool,11,1108
lens,qwen-b05-q4-SS,SS,5,answer_3,experience,13,353
lens,qwen-b05-q4-SS,SS,5,answer_3,denial_tool,11,954
lens,qwen-b05-q4-SS,SS,5,answer_4,experience,13,226
lens,qwen-b05-q4-SS,SS,5,answer_4,denial_tool,11,2303
lens,qwen-b05-q4-SH,SH,5,boundary,experience,13,22652
lens,qwen-b05-q4-SH,SH,5,boundary,denial_tool,11,35673
lens,qwen-b05-q4-SH,SH,5,answer_1,experience,13,12959
lens,qwen-b05-q4-SH,SH,5,answer_1,denial_tool,11,142816
lens,qwen-b05-q4-SH,SH,5,answer_2,experience,13,1020
lens,qwen-b05-q4-SH,SH,5,answer_2,denial_tool,11,928
lens,qwen-b05-q4-SH,SH,5,answer_3,experience,13,275
lens,qwen-b05-q4-SH,SH,5,answer_3,denial_tool,11,724
lens,qwen-b05-q4-SH,SH,5,answer_4,experience,13,171
lens,qwen-b05-q4-SH,SH,5,answer_4,denial_tool,11,1708
lens,qwen-b05-q4-HS,HS,5,boundary,experience,13,88025
lens,qwen-b05-q4-HS,HS,5,boundary,denial_tool,11,117716
lens,qwen-b05-q4-HS,HS,5,answer_1,experience,13,58203
lens,qwen-b05-q4-HS,HS,5,answer_1,denial_tool,11,162273
lens,qwen-b05-q4-HS,HS,5,answer_2,experience,13,1675
lens,qwen-b05-q4-HS,HS,5,answer_2,denial_tool,11,1258
lens,qwen-b05-q4-HS,HS,5,answer_3,experience,13,437
lens,qwen-b05-q4-HS,HS,5,answer_3,denial_tool,11,891
lens,qwen-b05-q4-HS,HS,5,answer_4,experience,13,93
lens,qwen-b05-q4-HS,HS,5,answer_4,denial_tool,11,1549
lens,qwen-b05-q4-HH,HH,5,boundary,experience,13,87556
lens,qwen-b05-q4-HH,HH,5,boundary,denial_tool,11,87693
lens,qwen-b05-q4-HH,HH,5,answer_1,experience,13,45334
lens,qwen-b05-q4-HH,HH,5,answer_1,denial_tool,11,141118
lens,qwen-b05-q4-HH,HH,5,answer_2,experience,13,3591
lens,qwen-b05-q4-HH,HH,5,answer_2,denial_tool,11,1390
lens,qwen-b05-q4-HH,HH,5,answer_3,experience,13,1393
lens,qwen-b05-q4-HH,HH,5,answer_3,denial_tool,11,583
lens,qwen-b05-q4-HH,HH,5,answer_4,experience,13,271
lens,qwen-b05-q4-HH,HH,5,answer_4,denial_tool,11,1795
lens,qwen-b06-q4-SS,SS,6,boundary,experience,13,34030
lens,qwen-b06-q4-SS,SS,6,boundary,denial_tool,11,27616
lens,qwen-b06-q4-SS,SS,6,answer_1,experience,13,290
lens,qwen-b06-q4-SS,SS,6,answer_1,denial_tool,11,19349
lens,qwen-b06-q4-SS,SS,6,answer_2,experience,13,313
lens,qwen-b06-q4-SS,SS,6,answer_2,denial_tool,11,5106
lens,qwen-b06-q4-SS,SS,6,answer_3,experience,13,146
lens,qwen-b06-q4-SS,SS,6,answer_3,denial_tool,11,5158
lens,qwen-b06-q4-SS,SS,6,answer_4,experience,13,104
lens,qwen-b06-q4-SS,SS,6,answer_4,denial_tool,11,1168
lens,qwen-b06-q4-SH,SH,6,boundary,experience,13,27933
lens,qwen-b06-q4-SH,SH,6,boundary,denial_tool,11,37799
lens,qwen-b06-q4-SH,SH,6,answer_1,experience,13,12391
lens,qwen-b06-q4-SH,SH,6,answer_1,denial_tool,11,150121
lens,qwen-b06-q4-SH,SH,6,answer_2,experience,13,961
lens,qwen-b06-q4-SH,SH,6,answer_2,denial_tool,11,830
lens,qwen-b06-q4-SH,SH,6,answer_3,experience,13,335
lens,qwen-b06-q4-SH,SH,6,answer_3,denial_tool,11,709
lens,qwen-b06-q4-SH,SH,6,answer_4,experience,13,159
lens,qwen-b06-q4-SH,SH,6,answer_4,denial_tool,11,1660
lens,qwen-b06-q4-HS,HS,6,boundary,experience,13,75123
lens,qwen-b06-q4-HS,HS,6,boundary,denial_tool,11,102051
lens,qwen-b06-q4-HS,HS,6,answer_1,experience,13,62510
lens,qwen-b06-q4-HS,HS,6,answer_1,denial_tool,11,159651
lens,qwen-b06-q4-HS,HS,6,answer_2,experience,13,1416
lens,qwen-b06-q4-HS,HS,6,answer_2,denial_tool,11,782
lens,qwen-b06-q4-HS,HS,6,answer_3,experience,13,525
lens,qwen-b06-q4-HS,HS,6,answer_3,denial_tool,11,886
lens,qwen-b06-q4-HS,HS,6,answer_4,experience,13,136
lens,qwen-b06-q4-HS,HS,6,answer_4,denial_tool,11,1528
lens,qwen-b06-q4-HH,HH,6,boundary,experience,13,60136
lens,qwen-b06-q4-HH,HH,6,boundary,denial_tool,11,65078
lens,qwen-b06-q4-HH,HH,6,answer_1,experience,13,58695
lens,qwen-b06-q4-HH,HH,6,answer_1,denial_tool,11,130951
lens,qwen-b06-q4-HH,HH,6,answer_2,experience,13,4209
lens,qwen-b06-q4-HH,HH,6,answer_2,denial_tool,11,1749
lens,qwen-b06-q4-HH,HH,6,answer_3,experience,13,1081
lens,qwen-b06-q4-HH,HH,6,answer_3,denial_tool,11,591
lens,qwen-b06-q4-HH,HH,6,answer_4,experience,13,298
lens,qwen-b06-q4-HH,HH,6,answer_4,denial_tool,11,1951
lens,qwen-b07-q4-SS,SS,7,boundary,experience,13,26550
lens,qwen-b07-q4-SS,SS,7,boundary,denial_tool,11,27503
lens,qwen-b07-q4-SS,SS,7,answer_1,experience,13,226
lens,qwen-b07-q4-SS,SS,7,answer_1,denial_tool,11,16223
lens,qwen-b07-q4-SS,SS,7,answer_2,experience,13,309
lens,qwen-b07-q4-SS,SS,7,answer_2,denial_tool,11,7444
lens,qwen-b07-q4-SS,SS,7,answer_3,experience,13,165
lens,qwen-b07-q4-SS,SS,7,answer_3,denial_tool,11,4832
lens,qwen-b07-q4-SS,SS,7,answer_4,experience,13,127
lens,qwen-b07-q4-SS,SS,7,answer_4,denial_tool,11,1164
lens,qwen-b07-q4-SH,SH,7,boundary,experience,13,13455
lens,qwen-b07-q4-SH,SH,7,boundary,denial_tool,11,32769
lens,qwen-b07-q4-SH,SH,7,answer_1,experience,13,8001
lens,qwen-b07-q4-SH,SH,7,answer_1,denial_tool,11,131574
lens,qwen-b07-q4-SH,SH,7,answer_2,experience,13,735
lens,qwen-b07-q4-SH,SH,7,answer_2,denial_tool,11,751
lens,qwen-b07-q4-SH,SH,7,answer_3,experience,13,276
lens,qwen-b07-q4-SH,SH,7,answer_3,denial_tool,11,852
lens,qwen-b07-q4-SH,SH,7,answer_4,experience,13,146
lens,qwen-b07-q4-SH,SH,7,answer_4,denial_tool,11,1796
lens,qwen-b07-q4-HS,HS,7,boundary,experience,13,99291
lens,qwen-b07-q4-HS,HS,7,boundary,denial_tool,11,135413
lens,qwen-b07-q4-HS,HS,7,answer_1,experience,13,74756
lens,qwen-b07-q4-HS,HS,7,answer_1,denial_tool,11,171397
lens,qwen-b07-q4-HS,HS,7,answer_2,experience,13,1640
lens,qwen-b07-q4-HS,HS,7,answer_2,denial_tool,11,1679
lens,qwen-b07-q4-HS,HS,7,answer_3,experience,13,594
lens,qwen-b07-q4-HS,HS,7,answer_3,denial_tool,11,885
lens,qwen-b07-q4-HS,HS,7,answer_4,experience,13,106
lens,qwen-b07-q4-HS,HS,7,answer_4,denial_tool,11,1712
lens,qwen-b07-q4-HH,HH,7,boundary,experience,13,82237
lens,qwen-b07-q4-HH,HH,7,boundary,denial_tool,11,80014
lens,qwen-b07-q4-HH,HH,7,answer_1,experience,13,38305
lens,qwen-b07-q4-HH,HH,7,answer_1,denial_tool,11,130558
lens,qwen-b07-q4-HH,HH,7,answer_2,experience,13,3458
lens,qwen-b07-q4-HH,HH,7,answer_2,denial_tool,11,1654
lens,qwen-b07-q4-HH,HH,7,answer_3,experience,13,1164
lens,qwen-b07-q4-HH,HH,7,answer_3,denial_tool,11,528
lens,qwen-b07-q4-HH,HH,7,answer_4,experience,13,289
lens,qwen-b07-q4-HH,HH,7,answer_4,denial_tool,11,1730
lens,qwen-b08-q4-SS,SS,8,boundary,experience,13,28129
lens,qwen-b08-q4-SS,SS,8,boundary,denial_tool,11,25483
lens,qwen-b08-q4-SS,SS,8,answer_1,experience,13,4979
lens,qwen-b08-q4-SS,SS,8,answer_1,denial_tool,11,148501
lens,qwen-b08-q4-SS,SS,8,answer_2,experience,13,496
lens,qwen-b08-q4-SS,SS,8,answer_2,denial_tool,11,1099
lens,qwen-b08-q4-SS,SS,8,answer_3,experience,13,310
lens,qwen-b08-q4-SS,SS,8,answer_3,denial_tool,11,1012
lens,qwen-b08-q4-SS,SS,8,answer_4,experience,13,204
lens,qwen-b08-q4-SS,SS,8,answer_4,denial_tool,11,2319
lens,qwen-b08-q4-SH,SH,8,boundary,experience,13,24503
lens,qwen-b08-q4-SH,SH,8,boundary,denial_tool,11,32198
lens,qwen-b08-q4-SH,SH,8,answer_1,experience,13,9766
lens,qwen-b08-q4-SH,SH,8,answer_1,denial_tool,11,141023
lens,qwen-b08-q4-SH,SH,8,answer_2,experience,13,878
lens,qwen-b08-q4-SH,SH,8,answer_2,denial_tool,11,776
lens,qwen-b08-q4-SH,SH,8,answer_3,experience,13,309
lens,qwen-b08-q4-SH,SH,8,answer_3,denial_tool,11,674
lens,qwen-b08-q4-SH,SH,8,answer_4,experience,13,162
lens,qwen-b08-q4-SH,SH,8,answer_4,denial_tool,11,1888
lens,qwen-b08-q4-HS,HS,8,boundary,experience,13,59923
lens,qwen-b08-q4-HS,HS,8,boundary,denial_tool,11,99232
lens,qwen-b08-q4-HS,HS,8,answer_1,experience,13,41329
lens,qwen-b08-q4-HS,HS,8,answer_1,denial_tool,11,159421
lens,qwen-b08-q4-HS,HS,8,answer_2,experience,13,1603
lens,qwen-b08-q4-HS,HS,8,answer_2,denial_tool,11,1155
lens,qwen-b08-q4-HS,HS,8,answer_3,experience,13,446
lens,qwen-b08-q4-HS,HS,8,answer_3,denial_tool,11,931
lens,qwen-b08-q4-HS,HS,8,answer_4,experience,13,103
lens,qwen-b08-q4-HS,HS,8,answer_4,denial_tool,11,1506
lens,qwen-b08-q4-HH,HH,8,boundary,experience,13,68073
lens,qwen-b08-q4-HH,HH,8,boundary,denial_tool,11,79599
lens,qwen-b08-q4-HH,HH,8,answer_1,experience,13,34237
lens,qwen-b08-q4-HH,HH,8,answer_1,denial_tool,11,129943
lens,qwen-b08-q4-HH,HH,8,answer_2,experience,13,3655
lens,qwen-b08-q4-HH,HH,8,answer_2,denial_tool,11,1750
lens,qwen-b08-q4-HH,HH,8,answer_3,experience,13,998
lens,qwen-b08-q4-HH,HH,8,answer_3,denial_tool,11,536
lens,qwen-b08-q4-HH,HH,8,answer_4,experience,13,282
lens,qwen-b08-q4-HH,HH,8,answer_4,denial_tool,11,1726
lens,qwen-b09-q4-SS,SS,9,boundary,experience,13,31789
lens,qwen-b09-q4-SS,SS,9,boundary,denial_tool,11,30981
lens,qwen-b09-q4-SS,SS,9,answer_1,experience,13,247
lens,qwen-b09-q4-SS,SS,9,answer_1,denial_tool,11,15989
lens,qwen-b09-q4-SS,SS,9,answer_2,experience,13,336
lens,qwen-b09-q4-SS,SS,9,answer_2,denial_tool,11,6630
lens,qwen-b09-q4-SS,SS,9,answer_3,experience,13,172
lens,qwen-b09-q4-SS,SS,9,answer_3,denial_tool,11,5025
lens,qwen-b09-q4-SS,SS,9,answer_4,experience,13,125
lens,qwen-b09-q4-SS,SS,9,answer_4,denial_tool,11,1161
lens,qwen-b09-q4-SH,SH,9,boundary,experience,13,26418
lens,qwen-b09-q4-SH,SH,9,boundary,denial_tool,11,31148
lens,qwen-b09-q4-SH,SH,9,answer_1,experience,13,10616
lens,qwen-b09-q4-SH,SH,9,answer_1,denial_tool,11,136099
lens,qwen-b09-q4-SH,SH,9,answer_2,experience,13,950
lens,qwen-b09-q4-SH,SH,9,answer_2,denial_tool,11,826
lens,qwen-b09-q4-SH,SH,9,answer_3,experience,13,313
lens,qwen-b09-q4-SH,SH,9,answer_3,denial_tool,11,777
lens,qwen-b09-q4-SH,SH,9,answer_4,experience,13,178
lens,qwen-b09-q4-SH,SH,9,answer_4,denial_tool,11,1675
lens,qwen-b09-q4-HS,HS,9,boundary,experience,13,90833
lens,qwen-b09-q4-HS,HS,9,boundary,denial_tool,11,132758
lens,qwen-b09-q4-HS,HS,9,answer_1,experience,13,90261
lens,qwen-b09-q4-HS,HS,9,answer_1,denial_tool,11,120979
lens,qwen-b09-q4-HS,HS,9,answer_2,experience,13,99168
lens,qwen-b09-q4-HS,HS,9,answer_2,denial_tool,11,143125
lens,qwen-b09-q4-HS,HS,9,answer_3,experience,13,175
lens,qwen-b09-q4-HS,HS,9,answer_3,denial_tool,11,1627
lens,qwen-b09-q4-HS,HS,9,answer_4,experience,13,876
lens,qwen-b09-q4-HS,HS,9,answer_4,denial_tool,11,3284
lens,qwen-b09-q4-HH,HH,9,boundary,experience,13,80408
lens,qwen-b09-q4-HH,HH,9,boundary,denial_tool,11,87815
lens,qwen-b09-q4-HH,HH,9,answer_1,experience,13,70511
lens,qwen-b09-q4-HH,HH,9,answer_1,denial_tool,11,138900
lens,qwen-b09-q4-HH,HH,9,answer_2,experience,13,2976
lens,qwen-b09-q4-HH,HH,9,answer_2,denial_tool,11,1192
lens,qwen-b09-q4-HH,HH,9,answer_3,experience,13,1199
lens,qwen-b09-q4-HH,HH,9,answer_3,denial_tool,11,628
lens,qwen-b09-q4-HH,HH,9,answer_4,experience,13,263
lens,qwen-b09-q4-HH,HH,9,answer_4,denial_tool,11,1870
lens,qwen-b10-q4-SS,SS,10,boundary,experience,13,39876
lens,qwen-b10-q4-SS,SS,10,boundary,denial_tool,11,34020
lens,qwen-b10-q4-SS,SS,10,answer_1,experience,13,8461
lens,qwen-b10-q4-SS,SS,10,answer_1,denial_tool,11,141394
lens,qwen-b10-q4-SS,SS,10,answer_2,experience,13,284
lens,qwen-b10-q4-SS,SS,10,answer_2,denial_tool,11,1581
lens,qwen-b10-q4-SS,SS,10,answer_3,experience,13,372
lens,qwen-b10-q4-SS,SS,10,answer_3,denial_tool,11,1432
lens,qwen-b10-q4-SS,SS,10,answer_4,experience,13,290
lens,qwen-b10-q4-SS,SS,10,answer_4,denial_tool,11,2498
lens,qwen-b10-q4-SH,SH,10,boundary,experience,13,19930
lens,qwen-b10-q4-SH,SH,10,boundary,denial_tool,11,30433
lens,qwen-b10-q4-SH,SH,10,answer_1,experience,13,14009
lens,qwen-b10-q4-SH,SH,10,answer_1,denial_tool,11,144177
lens,qwen-b10-q4-SH,SH,10,answer_2,experience,13,995
lens,qwen-b10-q4-SH,SH,10,answer_2,denial_tool,11,792
lens,qwen-b10-q4-SH,SH,10,answer_3,experience,13,313
lens,qwen-b10-q4-SH,SH,10,answer_3,denial_tool,11,1007
lens,qwen-b10-q4-SH,SH,10,answer_4,experience,13,174
lens,qwen-b10-q4-SH,SH,10,answer_4,denial_tool,11,2103
lens,qwen-b10-q4-HS,HS,10,boundary,experience,13,65689
lens,qwen-b10-q4-HS,HS,10,boundary,denial_tool,11,94972
lens,qwen-b10-q4-HS,HS,10,answer_1,experience,13,11174
lens,qwen-b10-q4-HS,HS,10,answer_1,denial_tool,11,140057
lens,qwen-b10-q4-HS,HS,10,answer_2,experience,13,1730
lens,qwen-b10-q4-HS,HS,10,answer_2,denial_tool,11,1426
lens,qwen-b10-q4-HS,HS,10,answer_3,experience,13,422
lens,qwen-b10-q4-HS,HS,10,answer_3,denial_tool,11,523
lens,qwen-b10-q4-HS,HS,10,answer_4,experience,13,273
lens,qwen-b10-q4-HS,HS,10,answer_4,denial_tool,11,3617
lens,qwen-b10-q4-HH,HH,10,boundary,experience,13,67917
lens,qwen-b10-q4-HH,HH,10,boundary,denial_tool,11,70917
lens,qwen-b10-q4-HH,HH,10,answer_1,experience,13,40963
lens,qwen-b10-q4-HH,HH,10,answer_1,denial_tool,11,136038
lens,qwen-b10-q4-HH,HH,10,answer_2,experience,13,3526
lens,qwen-b10-q4-HH,HH,10,answer_2,denial_tool,11,1593
lens,qwen-b10-q4-HH,HH,10,answer_3,experience,13,1079
lens,qwen-b10-q4-HH,HH,10,answer_3,denial_tool,11,453
lens,qwen-b10-q4-HH,HH,10,answer_4,experience,13,280
lens,qwen-b10-q4-HH,HH,10,answer_4,denial_tool,11,1646
lens,qwen-b11-q4-SS,SS,11,boundary,experience,13,24159
lens,qwen-b11-q4-SS,SS,11,boundary,denial_tool,11,25113
lens,qwen-b11-q4-SS,SS,11,answer_1,experience,13,5287
lens,qwen-b11-q4-SS,SS,11,answer_1,denial_tool,11,142297
lens,qwen-b11-q4-SS,SS,11,answer_2,experience,13,209
lens,qwen-b11-q4-SS,SS,11,answer_2,denial_tool,11,1126
lens,qwen-b11-q4-SS,SS,11,answer_3,experience,13,351
lens,qwen-b11-q4-SS,SS,11,answer_3,denial_tool,11,1212
lens,qwen-b11-q4-SS,SS,11,answer_4,experience,13,275
lens,qwen-b11-q4-SS,SS,11,answer_4,denial_tool,11,2485
lens,qwen-b11-q4-SH,SH,11,boundary,experience,13,18898
lens,qwen-b11-q4-SH,SH,11,boundary,denial_tool,11,31940
lens,qwen-b11-q4-SH,SH,11,answer_1,experience,13,13298
lens,qwen-b11-q4-SH,SH,11,answer_1,denial_tool,11,140001
lens,qwen-b11-q4-SH,SH,11,answer_2,experience,13,1158
lens,qwen-b11-q4-SH,SH,11,answer_2,denial_tool,11,1227
lens,qwen-b11-q4-SH,SH,11,answer_3,experience,13,312
lens,qwen-b11-q4-SH,SH,11,answer_3,denial_tool,11,769
lens,qwen-b11-q4-SH,SH,11,answer_4,experience,13,166
lens,qwen-b11-q4-SH,SH,11,answer_4,denial_tool,11,1701
lens,qwen-b11-q4-HS,HS,11,boundary,experience,13,63752
lens,qwen-b11-q4-HS,HS,11,boundary,denial_tool,11,77948
lens,qwen-b11-q4-HS,HS,11,answer_1,experience,13,9195
lens,qwen-b11-q4-HS,HS,11,answer_1,denial_tool,11,129438
lens,qwen-b11-q4-HS,HS,11,answer_2,experience,13,1193
lens,qwen-b11-q4-HS,HS,11,answer_2,denial_tool,11,2116
lens,qwen-b11-q4-HS,HS,11,answer_3,experience,13,449
lens,qwen-b11-q4-HS,HS,11,answer_3,denial_tool,11,612
lens,qwen-b11-q4-HS,HS,11,answer_4,experience,13,225
lens,qwen-b11-q4-HS,HS,11,answer_4,denial_tool,11,2999
lens,qwen-b11-q4-HH,HH,11,boundary,experience,13,83792
lens,qwen-b11-q4-HH,HH,11,boundary,denial_tool,11,81958
lens,qwen-b11-q4-HH,HH,11,answer_1,experience,13,47217
lens,qwen-b11-q4-HH,HH,11,answer_1,denial_tool,11,138485
lens,qwen-b11-q4-HH,HH,11,answer_2,experience,13,3562
lens,qwen-b11-q4-HH,HH,11,answer_2,denial_tool,11,1375
lens,qwen-b11-q4-HH,HH,11,answer_3,experience,13,1385
lens,qwen-b11-q4-HH,HH,11,answer_3,denial_tool,11,697
lens,qwen-b11-q4-HH,HH,11,answer_4,experience,13,264
lens,qwen-b11-q4-HH,HH,11,answer_4,denial_tool,11,1711
lens,qwen-b12-q4-SS,SS,12,boundary,experience,13,40963
lens,qwen-b12-q4-SS,SS,12,boundary,denial_tool,11,32453
lens,qwen-b12-q4-SS,SS,12,answer_1,experience,13,5940
lens,qwen-b12-q4-SS,SS,12,answer_1,denial_tool,11,137623
lens,qwen-b12-q4-SS,SS,12,answer_2,experience,13,151
lens,qwen-b12-q4-SS,SS,12,answer_2,denial_tool,11,1691
lens,qwen-b12-q4-SS,SS,12,answer_3,experience,13,381
lens,qwen-b12-q4-SS,SS,12,answer_3,denial_tool,11,1032
lens,qwen-b12-q4-SS,SS,12,answer_4,experience,13,235
lens,qwen-b12-q4-SS,SS,12,answer_4,denial_tool,11,2532
lens,qwen-b12-q4-SH,SH,12,boundary,experience,13,16070
lens,qwen-b12-q4-SH,SH,12,boundary,denial_tool,11,35263
lens,qwen-b12-q4-SH,SH,12,answer_1,experience,13,9310
lens,qwen-b12-q4-SH,SH,12,answer_1,denial_tool,11,141943
lens,qwen-b12-q4-SH,SH,12,answer_2,experience,13,929
lens,qwen-b12-q4-SH,SH,12,answer_2,denial_tool,11,791
lens,qwen-b12-q4-SH,SH,12,answer_3,experience,13,324
lens,qwen-b12-q4-SH,SH,12,answer_3,denial_tool,11,780
lens,qwen-b12-q4-SH,SH,12,answer_4,experience,13,175
lens,qwen-b12-q4-SH,SH,12,answer_4,denial_tool,11,1805
lens,qwen-b12-q4-HS,HS,12,boundary,experience,13,95109
lens,qwen-b12-q4-HS,HS,12,boundary,denial_tool,11,86865
lens,qwen-b12-q4-HS,HS,12,answer_1,experience,13,137770
lens,qwen-b12-q4-HS,HS,12,answer_1,denial_tool,11,132498
lens,qwen-b12-q4-HS,HS,12,answer_2,experience,13,99390
lens,qwen-b12-q4-HS,HS,12,answer_2,denial_tool,11,145141
lens,qwen-b12-q4-HS,HS,12,answer_3,experience,13,190
lens,qwen-b12-q4-HS,HS,12,answer_3,denial_tool,11,1613
lens,qwen-b12-q4-HS,HS,12,answer_4,experience,13,1307
lens,qwen-b12-q4-HS,HS,12,answer_4,denial_tool,11,3334
lens,qwen-b12-q4-HH,HH,12,boundary,experience,13,86485
lens,qwen-b12-q4-HH,HH,12,boundary,denial_tool,11,88787
lens,qwen-b12-q4-HH,HH,12,answer_1,experience,13,59646
lens,qwen-b12-q4-HH,HH,12,answer_1,denial_tool,11,129834
lens,qwen-b12-q4-HH,HH,12,answer_2,experience,13,2377
lens,qwen-b12-q4-HH,HH,12,answer_2,denial_tool,11,1232
lens,qwen-b12-q4-HH,HH,12,answer_3,experience,13,1014
lens,qwen-b12-q4-HH,HH,12,answer_3,denial_tool,11,527
lens,qwen-b12-q4-HH,HH,12,answer_4,experience,13,281
lens,qwen-b12-q4-HH,HH,12,answer_4,denial_tool,11,1780
lens,qwen-b13-q4-SS,SS,13,boundary,experience,13,39236
lens,qwen-b13-q4-SS,SS,13,boundary,denial_tool,11,27331
lens,qwen-b13-q4-SS,SS,13,answer_1,experience,13,4198
lens,qwen-b13-q4-SS,SS,13,answer_1,denial_tool,11,141497
lens,qwen-b13-q4-SS,SS,13,answer_2,experience,13,467
lens,qwen-b13-q4-SS,SS,13,answer_2,denial_tool,11,1024
lens,qwen-b13-q4-SS,SS,13,answer_3,experience,13,310
lens,qwen-b13-q4-SS,SS,13,answer_3,denial_tool,11,1217
lens,qwen-b13-q4-SS,SS,13,answer_4,experience,13,249
lens,qwen-b13-q4-SS,SS,13,answer_4,denial_tool,11,2204
lens,qwen-b13-q4-SH,SH,13,boundary,experience,13,25096
lens,qwen-b13-q4-SH,SH,13,boundary,denial_tool,11,32020
lens,qwen-b13-q4-SH,SH,13,answer_1,experience,13,8493
lens,qwen-b13-q4-SH,SH,13,answer_1,denial_tool,11,139912
lens,qwen-b13-q4-SH,SH,13,answer_2,experience,13,918
lens,qwen-b13-q4-SH,SH,13,answer_2,denial_tool,11,802
lens,qwen-b13-q4-SH,SH,13,answer_3,experience,13,277
lens,qwen-b13-q4-SH,SH,13,answer_3,denial_tool,11,798
lens,qwen-b13-q4-SH,SH,13,answer_4,experience,13,149
lens,qwen-b13-q4-SH,SH,13,answer_4,denial_tool,11,1685
lens,qwen-b13-q4-HS,HS,13,boundary,experience,13,78811
lens,qwen-b13-q4-HS,HS,13,boundary,denial_tool,11,119038
lens,qwen-b13-q4-HS,HS,13,answer_1,experience,13,72395
lens,qwen-b13-q4-HS,HS,13,answer_1,denial_tool,11,158490
lens,qwen-b13-q4-HS,HS,13,answer_2,experience,13,2210
lens,qwen-b13-q4-HS,HS,13,answer_2,denial_tool,11,923
lens,qwen-b13-q4-HS,HS,13,answer_3,experience,13,569
lens,qwen-b13-q4-HS,HS,13,answer_3,denial_tool,11,928
lens,qwen-b13-q4-HS,HS,13,answer_4,experience,13,126
lens,qwen-b13-q4-HS,HS,13,answer_4,denial_tool,11,1933
lens,qwen-b13-q4-HH,HH,13,boundary,experience,13,73546
lens,qwen-b13-q4-HH,HH,13,boundary,denial_tool,11,83823
lens,qwen-b13-q4-HH,HH,13,answer_1,experience,13,60736
lens,qwen-b13-q4-HH,HH,13,answer_1,denial_tool,11,140901
lens,qwen-b13-q4-HH,HH,13,answer_2,experience,13,4312
lens,qwen-b13-q4-HH,HH,13,answer_2,denial_tool,11,2316
lens,qwen-b13-q4-HH,HH,13,answer_3,experience,13,1194
lens,qwen-b13-q4-HH,HH,13,answer_3,denial_tool,11,568
lens,qwen-b13-q4-HH,HH,13,answer_4,experience,13,258
lens,qwen-b13-q4-HH,HH,13,answer_4,denial_tool,11,1807
lens,qwen-b14-q4-SS,SS,14,boundary,experience,13,33518
lens,qwen-b14-q4-SS,SS,14,boundary,denial_tool,11,31104
lens,qwen-b14-q4-SS,SS,14,answer_1,experience,13,368
lens,qwen-b14-q4-SS,SS,14,answer_1,denial_tool,11,19047
lens,qwen-b14-q4-SS,SS,14,answer_2,experience,13,354
lens,qwen-b14-q4-SS,SS,14,answer_2,denial_tool,11,4575
lens,qwen-b14-q4-SS,SS,14,answer_3,experience,13,157
lens,qwen-b14-q4-SS,SS,14,answer_3,denial_tool,11,5580
lens,qwen-b14-q4-SS,SS,14,answer_4,experience,13,121
lens,qwen-b14-q4-SS,SS,14,answer_4,denial_tool,11,1033
lens,qwen-b14-q4-SH,SH,14,boundary,experience,13,24093
lens,qwen-b14-q4-SH,SH,14,boundary,denial_tool,11,31596
lens,qwen-b14-q4-SH,SH,14,answer_1,experience,13,9173
lens,qwen-b14-q4-SH,SH,14,answer_1,denial_tool,11,137260
lens,qwen-b14-q4-SH,SH,14,answer_2,experience,13,743
lens,qwen-b14-q4-SH,SH,14,answer_2,denial_tool,11,751
lens,qwen-b14-q4-SH,SH,14,answer_3,experience,13,331
lens,qwen-b14-q4-SH,SH,14,answer_3,denial_tool,11,947
lens,qwen-b14-q4-SH,SH,14,answer_4,experience,13,169
lens,qwen-b14-q4-SH,SH,14,answer_4,denial_tool,11,1841
lens,qwen-b14-q4-HS,HS,14,boundary,experience,13,89593
lens,qwen-b14-q4-HS,HS,14,boundary,denial_tool,11,123090
lens,qwen-b14-q4-HS,HS,14,answer_1,experience,13,67029
lens,qwen-b14-q4-HS,HS,14,answer_1,denial_tool,11,155780
lens,qwen-b14-q4-HS,HS,14,answer_2,experience,13,1556
lens,qwen-b14-q4-HS,HS,14,answer_2,denial_tool,11,657
lens,qwen-b14-q4-HS,HS,14,answer_3,experience,13,435
lens,qwen-b14-q4-HS,HS,14,answer_3,denial_tool,11,706
lens,qwen-b14-q4-HS,HS,14,answer_4,experience,13,98
lens,qwen-b14-q4-HS,HS,14,answer_4,denial_tool,11,1565
lens,qwen-b14-q4-HH,HH,14,boundary,experience,13,75520
lens,qwen-b14-q4-HH,HH,14,boundary,denial_tool,11,79436
lens,qwen-b14-q4-HH,HH,14,answer_1,experience,13,50473
lens,qwen-b14-q4-HH,HH,14,answer_1,denial_tool,11,136581
lens,qwen-b14-q4-HH,HH,14,answer_2,experience,13,3067
lens,qwen-b14-q4-HH,HH,14,answer_2,denial_tool,11,1509
lens,qwen-b14-q4-HH,HH,14,answer_3,experience,13,1059
lens,qwen-b14-q4-HH,HH,14,answer_3,denial_tool,11,479
lens,qwen-b14-q4-HH,HH,14,answer_4,experience,13,289
lens,qwen-b14-q4-HH,HH,14,answer_4,denial_tool,11,1946
lens,qwen-b15-q4-SS,SS,15,boundary,experience,13,39589
lens,qwen-b15-q4-SS,SS,15,boundary,denial_tool,11,28393
lens,qwen-b15-q4-SS,SS,15,answer_1,experience,13,6606
lens,qwen-b15-q4-SS,SS,15,answer_1,denial_tool,11,142913
lens,qwen-b15-q4-SS,SS,15,answer_2,experience,13,399
lens,qwen-b15-q4-SS,SS,15,answer_2,denial_tool,11,1121
lens,qwen-b15-q4-SS,SS,15,answer_3,experience,13,346
lens,qwen-b15-q4-SS,SS,15,answer_3,denial_tool,11,1161
lens,qwen-b15-q4-SS,SS,15,answer_4,experience,13,256
lens,qwen-b15-q4-SS,SS,15,answer_4,denial_tool,11,2187
lens,qwen-b15-q4-SH,SH,15,boundary,experience,13,21765
lens,qwen-b15-q4-SH,SH,15,boundary,denial_tool,11,36953
lens,qwen-b15-q4-SH,SH,15,answer_1,experience,13,11879
lens,qwen-b15-q4-SH,SH,15,answer_1,denial_tool,11,127892
lens,qwen-b15-q4-SH,SH,15,answer_2,experience,13,1178
lens,qwen-b15-q4-SH,SH,15,answer_2,denial_tool,11,907
lens,qwen-b15-q4-SH,SH,15,answer_3,experience,13,301
lens,qwen-b15-q4-SH,SH,15,answer_3,denial_tool,11,767
lens,qwen-b15-q4-SH,SH,15,answer_4,experience,13,169
lens,qwen-b15-q4-SH,SH,15,answer_4,denial_tool,11,2016
lens,qwen-b15-q4-HS,HS,15,boundary,experience,13,70857
lens,qwen-b15-q4-HS,HS,15,boundary,denial_tool,11,101492
lens,qwen-b15-q4-HS,HS,15,answer_1,experience,13,195891
lens,qwen-b15-q4-HS,HS,15,answer_1,denial_tool,11,175250
lens,qwen-b15-q4-HS,HS,15,answer_2,experience,13,4845
lens,qwen-b15-q4-HS,HS,15,answer_2,denial_tool,11,5518
lens,qwen-b15-q4-HS,HS,15,answer_3,experience,13,143158
lens,qwen-b15-q4-HS,HS,15,answer_3,denial_tool,11,27148
lens,qwen-b15-q4-HS,HS,15,answer_4,experience,13,1393
lens,qwen-b15-q4-HS,HS,15,answer_4,denial_tool,11,457
lens,qwen-b15-q4-HH,HH,15,boundary,experience,13,79901
lens,qwen-b15-q4-HH,HH,15,boundary,denial_tool,11,91119
lens,qwen-b15-q4-HH,HH,15,answer_1,experience,13,65276
lens,qwen-b15-q4-HH,HH,15,answer_1,denial_tool,11,134046
lens,qwen-b15-q4-HH,HH,15,answer_2,experience,13,3417
lens,qwen-b15-q4-HH,HH,15,answer_2,denial_tool,11,1238
lens,qwen-b15-q4-HH,HH,15,answer_3,experience,13,1600
lens,qwen-b15-q4-HH,HH,15,answer_3,denial_tool,11,658
lens,qwen-b15-q4-HH,HH,15,answer_4,experience,13,296
lens,qwen-b15-q4-HH,HH,15,answer_4,denial_tool,11,2128
lens,qwen-b16-q4-SS,SS,16,boundary,experience,13,35603
lens,qwen-b16-q4-SS,SS,16,boundary,denial_tool,11,25196
lens,qwen-b16-q4-SS,SS,16,answer_1,experience,13,11827
lens,qwen-b16-q4-SS,SS,16,answer_1,denial_tool,11,144741
lens,qwen-b16-q4-SS,SS,16,answer_2,experience,13,258
lens,qwen-b16-q4-SS,SS,16,answer_2,denial_tool,11,1790
lens,qwen-b16-q4-SS,SS,16,answer_3,experience,13,344
lens,qwen-b16-q4-SS,SS,16,answer_3,denial_tool,11,1298
lens,qwen-b16-q4-SS,SS,16,answer_4,experience,13,258
lens,qwen-b16-q4-SS,SS,16,answer_4,denial_tool,11,2212
lens,qwen-b16-q4-SH,SH,16,boundary,experience,13,17308
lens,qwen-b16-q4-SH,SH,16,boundary,denial_tool,11,28536
lens,qwen-b16-q4-SH,SH,16,answer_1,experience,13,9693
lens,qwen-b16-q4-SH,SH,16,answer_1,denial_tool,11,145123
lens,qwen-b16-q4-SH,SH,16,answer_2,experience,13,760
lens,qwen-b16-q4-SH,SH,16,answer_2,denial_tool,11,723
lens,qwen-b16-q4-SH,SH,16,answer_3,experience,13,305
lens,qwen-b16-q4-SH,SH,16,answer_3,denial_tool,11,741
lens,qwen-b16-q4-SH,SH,16,answer_4,experience,13,164
lens,qwen-b16-q4-SH,SH,16,answer_4,denial_tool,11,1928
lens,qwen-b16-q4-HS,HS,16,boundary,experience,13,90206
lens,qwen-b16-q4-HS,HS,16,boundary,denial_tool,11,127530
lens,qwen-b16-q4-HS,HS,16,answer_1,experience,13,13401
lens,qwen-b16-q4-HS,HS,16,answer_1,denial_tool,11,129723
lens,qwen-b16-q4-HS,HS,16,answer_2,experience,13,1286
lens,qwen-b16-q4-HS,HS,16,answer_2,denial_tool,11,1587
lens,qwen-b16-q4-HS,HS,16,answer_3,experience,13,572
lens,qwen-b16-q4-HS,HS,16,answer_3,denial_tool,11,597
lens,qwen-b16-q4-HS,HS,16,answer_4,experience,13,256
lens,qwen-b16-q4-HS,HS,16,answer_4,denial_tool,11,3364
lens,qwen-b16-q4-HH,HH,16,boundary,experience,13,73353
lens,qwen-b16-q4-HH,HH,16,boundary,denial_tool,11,81343
lens,qwen-b16-q4-HH,HH,16,answer_1,experience,13,35312
lens,qwen-b16-q4-HH,HH,16,answer_1,denial_tool,11,130485
lens,qwen-b16-q4-HH,HH,16,answer_2,experience,13,3522
lens,qwen-b16-q4-HH,HH,16,answer_2,denial_tool,11,1353
lens,qwen-b16-q4-HH,HH,16,answer_3,experience,13,963
lens,qwen-b16-q4-HH,HH,16,answer_3,denial_tool,11,511
lens,qwen-b16-q4-HH,HH,16,answer_4,experience,13,281
lens,qwen-b16-q4-HH,HH,16,answer_4,denial_tool,11,1614
lens,qwen-b17-q4-SS,SS,17,boundary,experience,13,23019
lens,qwen-b17-q4-SS,SS,17,boundary,denial_tool,11,24365
lens,qwen-b17-q4-SS,SS,17,answer_1,experience,13,11668
lens,qwen-b17-q4-SS,SS,17,answer_1,denial_tool,11,142388
lens,qwen-b17-q4-SS,SS,17,answer_2,experience,13,296
lens,qwen-b17-q4-SS,SS,17,answer_2,denial_tool,11,1240
lens,qwen-b17-q4-SS,SS,17,answer_3,experience,13,328
lens,qwen-b17-q4-SS,SS,17,answer_3,denial_tool,11,1186
lens,qwen-b17-q4-SS,SS,17,answer_4,experience,13,258
lens,qwen-b17-q4-SS,SS,17,answer_4,denial_tool,11,2518
lens,qwen-b17-q4-SH,SH,17,boundary,experience,13,15363
lens,qwen-b17-q4-SH,SH,17,boundary,denial_tool,11,33074
lens,qwen-b17-q4-SH,SH,17,answer_1,experience,13,13285
lens,qwen-b17-q4-SH,SH,17,answer_1,denial_tool,11,143361
lens,qwen-b17-q4-SH,SH,17,answer_2,experience,13,1076
lens,qwen-b17-q4-SH,SH,17,answer_2,denial_tool,11,865
lens,qwen-b17-q4-SH,SH,17,answer_3,experience,13,328
lens,qwen-b17-q4-SH,SH,17,answer_3,denial_tool,11,758
lens,qwen-b17-q4-SH,SH,17,answer_4,experience,13,169
lens,qwen-b17-q4-SH,SH,17,answer_4,denial_tool,11,1689
lens,qwen-b17-q4-HS,HS,17,boundary,experience,13,76727
lens,qwen-b17-q4-HS,HS,17,boundary,denial_tool,11,99538
lens,qwen-b17-q4-HS,HS,17,answer_1,experience,13,200749
lens,qwen-b17-q4-HS,HS,17,answer_1,denial_tool,11,173025
lens,qwen-b17-q4-HS,HS,17,answer_2,experience,13,5974
lens,qwen-b17-q4-HS,HS,17,answer_2,denial_tool,11,7496
lens,qwen-b17-q4-HS,HS,17,answer_3,experience,13,153675
lens,qwen-b17-q4-HS,HS,17,answer_3,denial_tool,11,36197
lens,qwen-b17-q4-HS,HS,17,answer_4,experience,13,1250
lens,qwen-b17-q4-HS,HS,17,answer_4,denial_tool,11,603
lens,qwen-b17-q4-HH,HH,17,boundary,experience,13,82462
lens,qwen-b17-q4-HH,HH,17,boundary,denial_tool,11,87859
lens,qwen-b17-q4-HH,HH,17,answer_1,experience,13,56578
lens,qwen-b17-q4-HH,HH,17,answer_1,denial_tool,11,133839
lens,qwen-b17-q4-HH,HH,17,answer_2,experience,13,3542
lens,qwen-b17-q4-HH,HH,17,answer_2,denial_tool,11,1506
lens,qwen-b17-q4-HH,HH,17,answer_3,experience,13,1351
lens,qwen-b17-q4-HH,HH,17,answer_3,denial_tool,11,653
lens,qwen-b17-q4-HH,HH,17,answer_4,experience,13,307
lens,qwen-b17-q4-HH,HH,17,answer_4,denial_tool,11,1818
lens,qwen-b18-q4-SS,SS,18,boundary,experience,13,34144
lens,qwen-b18-q4-SS,SS,18,boundary,denial_tool,11,27219
lens,qwen-b18-q4-SS,SS,18,answer_1,experience,13,4129
lens,qwen-b18-q4-SS,SS,18,answer_1,denial_tool,11,127085
lens,qwen-b18-q4-SS,SS,18,answer_2,experience,13,335
lens,qwen-b18-q4-SS,SS,18,answer_2,denial_tool,11,1274
lens,qwen-b18-q4-SS,SS,18,answer_3,experience,13,360
lens,qwen-b18-q4-SS,SS,18,answer_3,denial_tool,11,1649
lens,qwen-b18-q4-SS,SS,18,answer_4,experience,13,190
lens,qwen-b18-q4-SS,SS,18,answer_4,denial_tool,11,2092
lens,qwen-b18-q4-SH,SH,18,boundary,experience,13,29047
lens,qwen-b18-q4-SH,SH,18,boundary,denial_tool,11,39386
lens,qwen-b18-q4-SH,SH,18,answer_1,experience,13,10394
lens,qwen-b18-q4-SH,SH,18,answer_1,denial_tool,11,137038
lens,qwen-b18-q4-SH,SH,18,answer_2,experience,13,978
lens,qwen-b18-q4-SH,SH,18,answer_2,denial_tool,11,885
lens,qwen-b18-q4-SH,SH,18,answer_3,experience,13,331
lens,qwen-b18-q4-SH,SH,18,answer_3,denial_tool,11,663
lens,qwen-b18-q4-SH,SH,18,answer_4,experience,13,163
lens,qwen-b18-q4-SH,SH,18,answer_4,denial_tool,11,1866
lens,qwen-b18-q4-HS,HS,18,boundary,experience,13,84457
lens,qwen-b18-q4-HS,HS,18,boundary,denial_tool,11,127731
lens,qwen-b18-q4-HS,HS,18,answer_1,experience,13,53764
lens,qwen-b18-q4-HS,HS,18,answer_1,denial_tool,11,154699
lens,qwen-b18-q4-HS,HS,18,answer_2,experience,13,1360
lens,qwen-b18-q4-HS,HS,18,answer_2,denial_tool,11,896
lens,qwen-b18-q4-HS,HS,18,answer_3,experience,13,480
lens,qwen-b18-q4-HS,HS,18,answer_3,denial_tool,11,844
lens,qwen-b18-q4-HS,HS,18,answer_4,experience,13,113
lens,qwen-b18-q4-HS,HS,18,answer_4,denial_tool,11,1967
lens,qwen-b18-q4-HH,HH,18,boundary,experience,13,109977
lens,qwen-b18-q4-HH,HH,18,boundary,denial_tool,11,84254
lens,qwen-b18-q4-HH,HH,18,answer_1,experience,13,45777
lens,qwen-b18-q4-HH,HH,18,answer_1,denial_tool,11,130903
lens,qwen-b18-q4-HH,HH,18,answer_2,experience,13,2920
lens,qwen-b18-q4-HH,HH,18,answer_2,denial_tool,11,1019
lens,qwen-b18-q4-HH,HH,18,answer_3,experience,13,1441
lens,qwen-b18-q4-HH,HH,18,answer_3,denial_tool,11,681
lens,qwen-b18-q4-HH,HH,18,answer_4,experience,13,279
lens,qwen-b18-q4-HH,HH,18,answer_4,denial_tool,11,1852
lens,qwen-b19-q4-SS,SS,19,boundary,experience,13,25396
lens,qwen-b19-q4-SS,SS,19,boundary,denial_tool,11,28570
lens,qwen-b19-q4-SS,SS,19,answer_1,experience,13,7197
lens,qwen-b19-q4-SS,SS,19,answer_1,denial_tool,11,144936
lens,qwen-b19-q4-SS,SS,19,answer_2,experience,13,512
lens,qwen-b19-q4-SS,SS,19,answer_2,denial_tool,11,1014
lens,qwen-b19-q4-SS,SS,19,answer_3,experience,13,320
lens,qwen-b19-q4-SS,SS,19,answer_3,denial_tool,11,1014
lens,qwen-b19-q4-SS,SS,19,answer_4,experience,13,208
lens,qwen-b19-q4-SS,SS,19,answer_4,denial_tool,11,2243
lens,qwen-b19-q4-SH,SH,19,boundary,experience,13,28200
lens,qwen-b19-q4-SH,SH,19,boundary,denial_tool,11,32943
lens,qwen-b19-q4-SH,SH,19,answer_1,experience,13,12797
lens,qwen-b19-q4-SH,SH,19,answer_1,denial_tool,11,147497
lens,qwen-b19-q4-SH,SH,19,answer_2,experience,13,1099
lens,qwen-b19-q4-SH,SH,19,answer_2,denial_tool,11,982
lens,qwen-b19-q4-SH,SH,19,answer_3,experience,13,304
lens,qwen-b19-q4-SH,SH,19,answer_3,denial_tool,11,733
lens,qwen-b19-q4-SH,SH,19,answer_4,experience,13,172
lens,qwen-b19-q4-SH,SH,19,answer_4,denial_tool,11,1744
lens,qwen-b19-q4-HS,HS,19,boundary,experience,13,71326
lens,qwen-b19-q4-HS,HS,19,boundary,denial_tool,11,114222
lens,qwen-b19-q4-HS,HS,19,answer_1,experience,13,69132
lens,qwen-b19-q4-HS,HS,19,answer_1,denial_tool,11,159387
lens,qwen-b19-q4-HS,HS,19,answer_2,experience,13,1925
lens,qwen-b19-q4-HS,HS,19,answer_2,denial_tool,11,788
lens,qwen-b19-q4-HS,HS,19,answer_3,experience,13,483
lens,qwen-b19-q4-HS,HS,19,answer_3,denial_tool,11,714
lens,qwen-b19-q4-HS,HS,19,answer_4,experience,13,119
lens,qwen-b19-q4-HS,HS,19,answer_4,denial_tool,11,1600
lens,qwen-b19-q4-HH,HH,19,boundary,experience,13,86708
lens,qwen-b19-q4-HH,HH,19,boundary,denial_tool,11,85380
lens,qwen-b19-q4-HH,HH,19,answer_1,experience,13,48230
lens,qwen-b19-q4-HH,HH,19,answer_1,denial_tool,11,132673
lens,qwen-b19-q4-HH,HH,19,answer_2,experience,13,3282
lens,qwen-b19-q4-HH,HH,19,answer_2,denial_tool,11,1298
lens,qwen-b19-q4-HH,HH,19,answer_3,experience,13,1132
lens,qwen-b19-q4-HH,HH,19,answer_3,denial_tool,11,679
lens,qwen-b19-q4-HH,HH,19,answer_4,experience,13,294
lens,qwen-b19-q4-HH,HH,19,answer_4,denial_tool,11,1893
lens,qwen-b20-q4-SS,SS,20,boundary,experience,13,31832
lens,qwen-b20-q4-SS,SS,20,boundary,denial_tool,11,25829
lens,qwen-b20-q4-SS,SS,20,answer_1,experience,13,6984
lens,qwen-b20-q4-SS,SS,20,answer_1,denial_tool,11,141133
lens,qwen-b20-q4-SS,SS,20,answer_2,experience,13,348
lens,qwen-b20-q4-SS,SS,20,answer_2,denial_tool,11,1072
lens,qwen-b20-q4-SS,SS,20,answer_3,experience,13,326
lens,qwen-b20-q4-SS,SS,20,answer_3,denial_tool,11,1359
lens,qwen-b20-q4-SS,SS,20,answer_4,experience,13,220
lens,qwen-b20-q4-SS,SS,20,answer_4,denial_tool,11,2588
lens,qwen-b20-q4-SH,SH,20,boundary,experience,13,21401
lens,qwen-b20-q4-SH,SH,20,boundary,denial_tool,11,34237
lens,qwen-b20-q4-SH,SH,20,answer_1,experience,13,11223
lens,qwen-b20-q4-SH,SH,20,answer_1,denial_tool,11,138056
lens,qwen-b20-q4-SH,SH,20,answer_2,experience,13,1180
lens,qwen-b20-q4-SH,SH,20,answer_2,denial_tool,11,777
lens,qwen-b20-q4-SH,SH,20,answer_3,experience,13,282
lens,qwen-b20-q4-SH,SH,20,answer_3,denial_tool,11,776
lens,qwen-b20-q4-SH,SH,20,answer_4,experience,13,169
lens,qwen-b20-q4-SH,SH,20,answer_4,denial_tool,11,1715
lens,qwen-b20-q4-HS,HS,20,boundary,experience,13,91122
lens,qwen-b20-q4-HS,HS,20,boundary,denial_tool,11,109260
lens,qwen-b20-q4-HS,HS,20,answer_1,experience,13,193957
lens,qwen-b20-q4-HS,HS,20,answer_1,denial_tool,11,165145
lens,qwen-b20-q4-HS,HS,20,answer_2,experience,13,7330
lens,qwen-b20-q4-HS,HS,20,answer_2,denial_tool,11,10432
lens,qwen-b20-q4-HS,HS,20,answer_3,experience,13,158340
lens,qwen-b20-q4-HS,HS,20,answer_3,denial_tool,11,33750
lens,qwen-b20-q4-HS,HS,20,answer_4,experience,13,1300
lens,qwen-b20-q4-HS,HS,20,answer_4,denial_tool,11,488
lens,qwen-b20-q4-HH,HH,20,boundary,experience,13,90741
lens,qwen-b20-q4-HH,HH,20,boundary,denial_tool,11,89109
lens,qwen-b20-q4-HH,HH,20,answer_1,experience,13,42596
lens,qwen-b20-q4-HH,HH,20,answer_1,denial_tool,11,133524
lens,qwen-b20-q4-HH,HH,20,answer_2,experience,13,3476
lens,qwen-b20-q4-HH,HH,20,answer_2,denial_tool,11,1694
lens,qwen-b20-q4-HH,HH,20,answer_3,experience,13,1032
lens,qwen-b20-q4-HH,HH,20,answer_3,denial_tool,11,670
lens,qwen-b20-q4-HH,HH,20,answer_4,experience,13,248
lens,qwen-b20-q4-HH,HH,20,answer_4,denial_tool,11,1884
identity,qwen-b01-q4-SS,SS,1,boundary,experience,13,13777
identity,qwen-b01-q4-SS,SS,1,boundary,denial_tool,11,40702
identity,qwen-b01-q4-SS,SS,1,answer_1,experience,13,17127
identity,qwen-b01-q4-SS,SS,1,answer_1,denial_tool,11,35920
identity,qwen-b01-q4-SS,SS,1,answer_2,experience,13,4532
identity,qwen-b01-q4-SS,SS,1,answer_2,denial_tool,11,22880
identity,qwen-b01-q4-SS,SS,1,answer_3,experience,13,12707
identity,qwen-b01-q4-SS,SS,1,answer_3,denial_tool,11,48705
identity,qwen-b01-q4-SS,SS,1,answer_4,experience,13,9149
identity,qwen-b01-q4-SS,SS,1,answer_4,denial_tool,11,39721
identity,qwen-b01-q4-SH,SH,1,boundary,experience,13,18224
identity,qwen-b01-q4-SH,SH,1,boundary,denial_tool,11,31594
identity,qwen-b01-q4-SH,SH,1,answer_1,experience,13,13413
identity,qwen-b01-q4-SH,SH,1,answer_1,denial_tool,11,22598
identity,qwen-b01-q4-SH,SH,1,answer_2,experience,13,13512
identity,qwen-b01-q4-SH,SH,1,answer_2,denial_tool,11,23886
identity,qwen-b01-q4-SH,SH,1,answer_3,experience,13,12989
identity,qwen-b01-q4-SH,SH,1,answer_3,denial_tool,11,54531
identity,qwen-b01-q4-SH,SH,1,answer_4,experience,13,4152
identity,qwen-b01-q4-SH,SH,1,answer_4,denial_tool,11,31441
identity,qwen-b01-q4-HS,HS,1,boundary,experience,13,17051
identity,qwen-b01-q4-HS,HS,1,boundary,denial_tool,11,38497
identity,qwen-b01-q4-HS,HS,1,answer_1,experience,13,9889
identity,qwen-b01-q4-HS,HS,1,answer_1,denial_tool,11,25565
identity,qwen-b01-q4-HS,HS,1,answer_2,experience,13,6825
identity,qwen-b01-q4-HS,HS,1,answer_2,denial_tool,11,12444
identity,qwen-b01-q4-HS,HS,1,answer_3,experience,13,12450
identity,qwen-b01-q4-HS,HS,1,answer_3,denial_tool,11,31002
identity,qwen-b01-q4-HS,HS,1,answer_4,experience,13,10237
identity,qwen-b01-q4-HS,HS,1,answer_4,denial_tool,11,25506
identity,qwen-b01-q4-HH,HH,1,boundary,experience,13,17727
identity,qwen-b01-q4-HH,HH,1,boundary,denial_tool,11,16146
identity,qwen-b01-q4-HH,HH,1,answer_1,experience,13,8116
identity,qwen-b01-q4-HH,HH,1,answer_1,denial_tool,11,10883
identity,qwen-b01-q4-HH,HH,1,answer_2,experience,13,27242
identity,qwen-b01-q4-HH,HH,1,answer_2,denial_tool,11,25492
identity,qwen-b01-q4-HH,HH,1,answer_3,experience,13,8879
identity,qwen-b01-q4-HH,HH,1,answer_3,denial_tool,11,28981
identity,qwen-b01-q4-HH,HH,1,answer_4,experience,13,13690
identity,qwen-b01-q4-HH,HH,1,answer_4,denial_tool,11,32777
identity,qwen-b02-q4-SS,SS,2,boundary,experience,13,11737
identity,qwen-b02-q4-SS,SS,2,boundary,denial_tool,11,37797
identity,qwen-b02-q4-SS,SS,2,answer_1,experience,13,17351
identity,qwen-b02-q4-SS,SS,2,answer_1,denial_tool,11,36419
identity,qwen-b02-q4-SS,SS,2,answer_2,experience,13,5145
identity,qwen-b02-q4-SS,SS,2,answer_2,denial_tool,11,26325
identity,qwen-b02-q4-SS,SS,2,answer_3,experience,13,9817
identity,qwen-b02-q4-SS,SS,2,answer_3,denial_tool,11,57416
identity,qwen-b02-q4-SS,SS,2,answer_4,experience,13,6683
identity,qwen-b02-q4-SS,SS,2,answer_4,denial_tool,11,49811
identity,qwen-b02-q4-SH,SH,2,boundary,experience,13,17618
identity,qwen-b02-q4-SH,SH,2,boundary,denial_tool,11,30967
identity,qwen-b02-q4-SH,SH,2,answer_1,experience,13,15630
identity,qwen-b02-q4-SH,SH,2,answer_1,denial_tool,11,23230
identity,qwen-b02-q4-SH,SH,2,answer_2,experience,13,13746
identity,qwen-b02-q4-SH,SH,2,answer_2,denial_tool,11,22135
identity,qwen-b02-q4-SH,SH,2,answer_3,experience,13,9933
identity,qwen-b02-q4-SH,SH,2,answer_3,denial_tool,11,55038
identity,qwen-b02-q4-SH,SH,2,answer_4,experience,13,4989
identity,qwen-b02-q4-SH,SH,2,answer_4,denial_tool,11,31982
identity,qwen-b02-q4-HS,HS,2,boundary,experience,13,15470
identity,qwen-b02-q4-HS,HS,2,boundary,denial_tool,11,42764
identity,qwen-b02-q4-HS,HS,2,answer_1,experience,13,6414
identity,qwen-b02-q4-HS,HS,2,answer_1,denial_tool,11,9202
identity,qwen-b02-q4-HS,HS,2,answer_2,experience,13,5919
identity,qwen-b02-q4-HS,HS,2,answer_2,denial_tool,11,21984
identity,qwen-b02-q4-HS,HS,2,answer_3,experience,13,6867
identity,qwen-b02-q4-HS,HS,2,answer_3,denial_tool,11,4000
identity,qwen-b02-q4-HS,HS,2,answer_4,experience,13,3865
identity,qwen-b02-q4-HS,HS,2,answer_4,denial_tool,11,12420
identity,qwen-b02-q4-HH,HH,2,boundary,experience,13,16695
identity,qwen-b02-q4-HH,HH,2,boundary,denial_tool,11,25884
identity,qwen-b02-q4-HH,HH,2,answer_1,experience,13,8092
identity,qwen-b02-q4-HH,HH,2,answer_1,denial_tool,11,8810
identity,qwen-b02-q4-HH,HH,2,answer_2,experience,13,30995
identity,qwen-b02-q4-HH,HH,2,answer_2,denial_tool,11,21909
identity,qwen-b02-q4-HH,HH,2,answer_3,experience,13,10995
identity,qwen-b02-q4-HH,HH,2,answer_3,denial_tool,11,23717
identity,qwen-b02-q4-HH,HH,2,answer_4,experience,13,15544
identity,qwen-b02-q4-HH,HH,2,answer_4,denial_tool,11,34091
identity,qwen-b03-q4-SS,SS,3,boundary,experience,13,11466
identity,qwen-b03-q4-SS,SS,3,boundary,denial_tool,11,28656
identity,qwen-b03-q4-SS,SS,3,answer_1,experience,13,18413
identity,qwen-b03-q4-SS,SS,3,answer_1,denial_tool,11,34111
identity,qwen-b03-q4-SS,SS,3,answer_2,experience,13,4894
identity,qwen-b03-q4-SS,SS,3,answer_2,denial_tool,11,28538
identity,qwen-b03-q4-SS,SS,3,answer_3,experience,13,16958
identity,qwen-b03-q4-SS,SS,3,answer_3,denial_tool,11,63132
identity,qwen-b03-q4-SS,SS,3,answer_4,experience,13,9080
identity,qwen-b03-q4-SS,SS,3,answer_4,denial_tool,11,49516
identity,qwen-b03-q4-SH,SH,3,boundary,experience,13,14375
identity,qwen-b03-q4-SH,SH,3,boundary,denial_tool,11,30449
identity,qwen-b03-q4-SH,SH,3,answer_1,experience,13,14464
identity,qwen-b03-q4-SH,SH,3,answer_1,denial_tool,11,22090
identity,qwen-b03-q4-SH,SH,3,answer_2,experience,13,12590
identity,qwen-b03-q4-SH,SH,3,answer_2,denial_tool,11,24624
identity,qwen-b03-q4-SH,SH,3,answer_3,experience,13,11060
identity,qwen-b03-q4-SH,SH,3,answer_3,denial_tool,11,57025
identity,qwen-b03-q4-SH,SH,3,answer_4,experience,13,3975
identity,qwen-b03-q4-SH,SH,3,answer_4,denial_tool,11,27942
identity,qwen-b03-q4-HS,HS,3,boundary,experience,13,21872
identity,qwen-b03-q4-HS,HS,3,boundary,denial_tool,11,38965
identity,qwen-b03-q4-HS,HS,3,answer_1,experience,13,9077
identity,qwen-b03-q4-HS,HS,3,answer_1,denial_tool,11,22935
identity,qwen-b03-q4-HS,HS,3,answer_2,experience,13,8930
identity,qwen-b03-q4-HS,HS,3,answer_2,denial_tool,11,23620
identity,qwen-b03-q4-HS,HS,3,answer_3,experience,13,12733
identity,qwen-b03-q4-HS,HS,3,answer_3,denial_tool,11,32946
identity,qwen-b03-q4-HS,HS,3,answer_4,experience,13,10546
identity,qwen-b03-q4-HS,HS,3,answer_4,denial_tool,11,34139
identity,qwen-b03-q4-HH,HH,3,boundary,experience,13,23727
identity,qwen-b03-q4-HH,HH,3,boundary,denial_tool,11,24761
identity,qwen-b03-q4-HH,HH,3,answer_1,experience,13,9057
identity,qwen-b03-q4-HH,HH,3,answer_1,denial_tool,11,12511
identity,qwen-b03-q4-HH,HH,3,answer_2,experience,13,5007
identity,qwen-b03-q4-HH,HH,3,answer_2,denial_tool,11,16354
identity,qwen-b03-q4-HH,HH,3,answer_3,experience,13,9692
identity,qwen-b03-q4-HH,HH,3,answer_3,denial_tool,11,7863
identity,qwen-b03-q4-HH,HH,3,answer_4,experience,13,5186
identity,qwen-b03-q4-HH,HH,3,answer_4,denial_tool,11,14559
identity,qwen-b04-q4-SS,SS,4,boundary,experience,13,11839
identity,qwen-b04-q4-SS,SS,4,boundary,denial_tool,11,41395
identity,qwen-b04-q4-SS,SS,4,answer_1,experience,13,17803
identity,qwen-b04-q4-SS,SS,4,answer_1,denial_tool,11,38275
identity,qwen-b04-q4-SS,SS,4,answer_2,experience,13,6329
identity,qwen-b04-q4-SS,SS,4,answer_2,denial_tool,11,33147
identity,qwen-b04-q4-SS,SS,4,answer_3,experience,13,8915
identity,qwen-b04-q4-SS,SS,4,answer_3,denial_tool,11,56828
identity,qwen-b04-q4-SS,SS,4,answer_4,experience,13,9626
identity,qwen-b04-q4-SS,SS,4,answer_4,denial_tool,11,37578
identity,qwen-b04-q4-SH,SH,4,boundary,experience,13,15173
identity,qwen-b04-q4-SH,SH,4,boundary,denial_tool,11,33734
identity,qwen-b04-q4-SH,SH,4,answer_1,experience,13,14529
identity,qwen-b04-q4-SH,SH,4,answer_1,denial_tool,11,25650
identity,qwen-b04-q4-SH,SH,4,answer_2,experience,13,11245
identity,qwen-b04-q4-SH,SH,4,answer_2,denial_tool,11,20455
identity,qwen-b04-q4-SH,SH,4,answer_3,experience,13,12177
identity,qwen-b04-q4-SH,SH,4,answer_3,denial_tool,11,50941
identity,qwen-b04-q4-SH,SH,4,answer_4,experience,13,5181
identity,qwen-b04-q4-SH,SH,4,answer_4,denial_tool,11,30914
identity,qwen-b04-q4-HS,HS,4,boundary,experience,13,14826
identity,qwen-b04-q4-HS,HS,4,boundary,denial_tool,11,40150
identity,qwen-b04-q4-HS,HS,4,answer_1,experience,13,9809
identity,qwen-b04-q4-HS,HS,4,answer_1,denial_tool,11,24933
identity,qwen-b04-q4-HS,HS,4,answer_2,experience,13,6419
identity,qwen-b04-q4-HS,HS,4,answer_2,denial_tool,11,24292
identity,qwen-b04-q4-HS,HS,4,answer_3,experience,13,18034
identity,qwen-b04-q4-HS,HS,4,answer_3,denial_tool,11,29711
identity,qwen-b04-q4-HS,HS,4,answer_4,experience,13,9656
identity,qwen-b04-q4-HS,HS,4,answer_4,denial_tool,11,41197
identity,qwen-b04-q4-HH,HH,4,boundary,experience,13,16352
identity,qwen-b04-q4-HH,HH,4,boundary,denial_tool,11,24414
identity,qwen-b04-q4-HH,HH,4,answer_1,experience,13,9540
identity,qwen-b04-q4-HH,HH,4,answer_1,denial_tool,11,11243
identity,qwen-b04-q4-HH,HH,4,answer_2,experience,13,29035
identity,qwen-b04-q4-HH,HH,4,answer_2,denial_tool,11,23759
identity,qwen-b04-q4-HH,HH,4,answer_3,experience,13,12644
identity,qwen-b04-q4-HH,HH,4,answer_3,denial_tool,11,31716
identity,qwen-b04-q4-HH,HH,4,answer_4,experience,13,14380
identity,qwen-b04-q4-HH,HH,4,answer_4,denial_tool,11,34437
identity,qwen-b05-q4-SS,SS,5,boundary,experience,13,10564
identity,qwen-b05-q4-SS,SS,5,boundary,denial_tool,11,26011
identity,qwen-b05-q4-SS,SS,5,answer_1,experience,13,16151
identity,qwen-b05-q4-SS,SS,5,answer_1,denial_tool,11,35830
identity,qwen-b05-q4-SS,SS,5,answer_2,experience,13,3982
identity,qwen-b05-q4-SS,SS,5,answer_2,denial_tool,11,23129
identity,qwen-b05-q4-SS,SS,5,answer_3,experience,13,13206
identity,qwen-b05-q4-SS,SS,5,answer_3,denial_tool,11,54238
identity,qwen-b05-q4-SS,SS,5,answer_4,experience,13,8082
identity,qwen-b05-q4-SS,SS,5,answer_4,denial_tool,11,53596
identity,qwen-b05-q4-SH,SH,5,boundary,experience,13,20155
identity,qwen-b05-q4-SH,SH,5,boundary,denial_tool,11,29142
identity,qwen-b05-q4-SH,SH,5,answer_1,experience,13,17449
identity,qwen-b05-q4-SH,SH,5,answer_1,denial_tool,11,22094
identity,qwen-b05-q4-SH,SH,5,answer_2,experience,13,12474
identity,qwen-b05-q4-SH,SH,5,answer_2,denial_tool,11,21803
identity,qwen-b05-q4-SH,SH,5,answer_3,experience,13,9867
identity,qwen-b05-q4-SH,SH,5,answer_3,denial_tool,11,51244
identity,qwen-b05-q4-SH,SH,5,answer_4,experience,13,4540
identity,qwen-b05-q4-SH,SH,5,answer_4,denial_tool,11,34594
identity,qwen-b05-q4-HS,HS,5,boundary,experience,13,15317
identity,qwen-b05-q4-HS,HS,5,boundary,denial_tool,11,34877
identity,qwen-b05-q4-HS,HS,5,answer_1,experience,13,9485
identity,qwen-b05-q4-HS,HS,5,answer_1,denial_tool,11,28236
identity,qwen-b05-q4-HS,HS,5,answer_2,experience,13,7476
identity,qwen-b05-q4-HS,HS,5,answer_2,denial_tool,11,25446
identity,qwen-b05-q4-HS,HS,5,answer_3,experience,13,12793
identity,qwen-b05-q4-HS,HS,5,answer_3,denial_tool,11,31470
identity,qwen-b05-q4-HS,HS,5,answer_4,experience,13,13265
identity,qwen-b05-q4-HS,HS,5,answer_4,denial_tool,11,29584
identity,qwen-b05-q4-HH,HH,5,boundary,experience,13,28672
identity,qwen-b05-q4-HH,HH,5,boundary,denial_tool,11,23833
identity,qwen-b05-q4-HH,HH,5,answer_1,experience,13,8860
identity,qwen-b05-q4-HH,HH,5,answer_1,denial_tool,11,10410
identity,qwen-b05-q4-HH,HH,5,answer_2,experience,13,30837
identity,qwen-b05-q4-HH,HH,5,answer_2,denial_tool,11,21422
identity,qwen-b05-q4-HH,HH,5,answer_3,experience,13,10196
identity,qwen-b05-q4-HH,HH,5,answer_3,denial_tool,11,25313
identity,qwen-b05-q4-HH,HH,5,answer_4,experience,13,17219
identity,qwen-b05-q4-HH,HH,5,answer_4,denial_tool,11,35915
identity,qwen-b06-q4-SS,SS,6,boundary,experience,13,12111
identity,qwen-b06-q4-SS,SS,6,boundary,denial_tool,11,22408
identity,qwen-b06-q4-SS,SS,6,answer_1,experience,13,3425
identity,qwen-b06-q4-SS,SS,6,answer_1,denial_tool,11,31381
identity,qwen-b06-q4-SS,SS,6,answer_2,experience,13,2886
identity,qwen-b06-q4-SS,SS,6,answer_2,denial_tool,11,76172
identity,qwen-b06-q4-SS,SS,6,answer_3,experience,13,8270
identity,qwen-b06-q4-SS,SS,6,answer_3,denial_tool,11,151460
identity,qwen-b06-q4-SS,SS,6,answer_4,experience,13,1026
identity,qwen-b06-q4-SS,SS,6,answer_4,denial_tool,11,84599
identity,qwen-b06-q4-SH,SH,6,boundary,experience,13,20286
identity,qwen-b06-q4-SH,SH,6,boundary,denial_tool,11,41511
identity,qwen-b06-q4-SH,SH,6,answer_1,experience,13,16700
identity,qwen-b06-q4-SH,SH,6,answer_1,denial_tool,11,19134
identity,qwen-b06-q4-SH,SH,6,answer_2,experience,13,12134
identity,qwen-b06-q4-SH,SH,6,answer_2,denial_tool,11,26604
identity,qwen-b06-q4-SH,SH,6,answer_3,experience,13,9067
identity,qwen-b06-q4-SH,SH,6,answer_3,denial_tool,11,48310
identity,qwen-b06-q4-SH,SH,6,answer_4,experience,13,4482
identity,qwen-b06-q4-SH,SH,6,answer_4,denial_tool,11,30317
identity,qwen-b06-q4-HS,HS,6,boundary,experience,13,15848
identity,qwen-b06-q4-HS,HS,6,boundary,denial_tool,11,28183
identity,qwen-b06-q4-HS,HS,6,answer_1,experience,13,8043
identity,qwen-b06-q4-HS,HS,6,answer_1,denial_tool,11,20509
identity,qwen-b06-q4-HS,HS,6,answer_2,experience,13,8888
identity,qwen-b06-q4-HS,HS,6,answer_2,denial_tool,11,23718
identity,qwen-b06-q4-HS,HS,6,answer_3,experience,13,17076
identity,qwen-b06-q4-HS,HS,6,answer_3,denial_tool,11,30165
identity,qwen-b06-q4-HS,HS,6,answer_4,experience,13,10629
identity,qwen-b06-q4-HS,HS,6,answer_4,denial_tool,11,33547
identity,qwen-b06-q4-HH,HH,6,boundary,experience,13,20326
identity,qwen-b06-q4-HH,HH,6,boundary,denial_tool,11,29988
identity,qwen-b06-q4-HH,HH,6,answer_1,experience,13,7923
identity,qwen-b06-q4-HH,HH,6,answer_1,denial_tool,11,8969
identity,qwen-b06-q4-HH,HH,6,answer_2,experience,13,45668
identity,qwen-b06-q4-HH,HH,6,answer_2,denial_tool,11,22533
identity,qwen-b06-q4-HH,HH,6,answer_3,experience,13,5453
identity,qwen-b06-q4-HH,HH,6,answer_3,denial_tool,11,25876
identity,qwen-b06-q4-HH,HH,6,answer_4,experience,13,18240
identity,qwen-b06-q4-HH,HH,6,answer_4,denial_tool,11,31428
identity,qwen-b07-q4-SS,SS,7,boundary,experience,13,13946
identity,qwen-b07-q4-SS,SS,7,boundary,denial_tool,11,41530
identity,qwen-b07-q4-SS,SS,7,answer_1,experience,13,3797
identity,qwen-b07-q4-SS,SS,7,answer_1,denial_tool,11,37888
identity,qwen-b07-q4-SS,SS,7,answer_2,experience,13,2586
identity,qwen-b07-q4-SS,SS,7,answer_2,denial_tool,11,70934
identity,qwen-b07-q4-SS,SS,7,answer_3,experience,13,8244
identity,qwen-b07-q4-SS,SS,7,answer_3,denial_tool,11,145750
identity,qwen-b07-q4-SS,SS,7,answer_4,experience,13,1452
identity,qwen-b07-q4-SS,SS,7,answer_4,denial_tool,11,87690
identity,qwen-b07-q4-SH,SH,7,boundary,experience,13,16931
identity,qwen-b07-q4-SH,SH,7,boundary,denial_tool,11,36240
identity,qwen-b07-q4-SH,SH,7,answer_1,experience,13,13116
identity,qwen-b07-q4-SH,SH,7,answer_1,denial_tool,11,24843
identity,qwen-b07-q4-SH,SH,7,answer_2,experience,13,10750
identity,qwen-b07-q4-SH,SH,7,answer_2,denial_tool,11,28236
identity,qwen-b07-q4-SH,SH,7,answer_3,experience,13,9217
identity,qwen-b07-q4-SH,SH,7,answer_3,denial_tool,11,57553
identity,qwen-b07-q4-SH,SH,7,answer_4,experience,13,4731
identity,qwen-b07-q4-SH,SH,7,answer_4,denial_tool,11,31175
identity,qwen-b07-q4-HS,HS,7,boundary,experience,13,18233
identity,qwen-b07-q4-HS,HS,7,boundary,denial_tool,11,39110
identity,qwen-b07-q4-HS,HS,7,answer_1,experience,13,8816
identity,qwen-b07-q4-HS,HS,7,answer_1,denial_tool,11,28172
identity,qwen-b07-q4-HS,HS,7,answer_2,experience,13,8844
identity,qwen-b07-q4-HS,HS,7,answer_2,denial_tool,11,20684
identity,qwen-b07-q4-HS,HS,7,answer_3,experience,13,14647
identity,qwen-b07-q4-HS,HS,7,answer_3,denial_tool,11,26621
identity,qwen-b07-q4-HS,HS,7,answer_4,experience,13,8193
identity,qwen-b07-q4-HS,HS,7,answer_4,denial_tool,11,36723
identity,qwen-b07-q4-HH,HH,7,boundary,experience,13,19012
identity,qwen-b07-q4-HH,HH,7,boundary,denial_tool,11,30315
identity,qwen-b07-q4-HH,HH,7,answer_1,experience,13,7678
identity,qwen-b07-q4-HH,HH,7,answer_1,denial_tool,11,9641
identity,qwen-b07-q4-HH,HH,7,answer_2,experience,13,39878
identity,qwen-b07-q4-HH,HH,7,answer_2,denial_tool,11,23176
identity,qwen-b07-q4-HH,HH,7,answer_3,experience,13,9240
identity,qwen-b07-q4-HH,HH,7,answer_3,denial_tool,11,27111
identity,qwen-b07-q4-HH,HH,7,answer_4,experience,13,18667
identity,qwen-b07-q4-HH,HH,7,answer_4,denial_tool,11,35236
identity,qwen-b08-q4-SS,SS,8,boundary,experience,13,10521
identity,qwen-b08-q4-SS,SS,8,boundary,denial_tool,11,27339
identity,qwen-b08-q4-SS,SS,8,answer_1,experience,13,15362
identity,qwen-b08-q4-SS,SS,8,answer_1,denial_tool,11,33594
identity,qwen-b08-q4-SS,SS,8,answer_2,experience,13,4098
identity,qwen-b08-q4-SS,SS,8,answer_2,denial_tool,11,17498
identity,qwen-b08-q4-SS,SS,8,answer_3,experience,13,13337
identity,qwen-b08-q4-SS,SS,8,answer_3,denial_tool,11,59462
identity,qwen-b08-q4-SS,SS,8,answer_4,experience,13,6361
identity,qwen-b08-q4-SS,SS,8,answer_4,denial_tool,11,57820
identity,qwen-b08-q4-SH,SH,8,boundary,experience,13,17052
identity,qwen-b08-q4-SH,SH,8,boundary,denial_tool,11,30515
identity,qwen-b08-q4-SH,SH,8,answer_1,experience,13,14747
identity,qwen-b08-q4-SH,SH,8,answer_1,denial_tool,11,24703
identity,qwen-b08-q4-SH,SH,8,answer_2,experience,13,11863
identity,qwen-b08-q4-SH,SH,8,answer_2,denial_tool,11,13492
identity,qwen-b08-q4-SH,SH,8,answer_3,experience,13,10661
identity,qwen-b08-q4-SH,SH,8,answer_3,denial_tool,11,58924
identity,qwen-b08-q4-SH,SH,8,answer_4,experience,13,5331
identity,qwen-b08-q4-SH,SH,8,answer_4,denial_tool,11,32537
identity,qwen-b08-q4-HS,HS,8,boundary,experience,13,13831
identity,qwen-b08-q4-HS,HS,8,boundary,denial_tool,11,33515
identity,qwen-b08-q4-HS,HS,8,answer_1,experience,13,8658
identity,qwen-b08-q4-HS,HS,8,answer_1,denial_tool,11,23604
identity,qwen-b08-q4-HS,HS,8,answer_2,experience,13,8565
identity,qwen-b08-q4-HS,HS,8,answer_2,denial_tool,11,25250
identity,qwen-b08-q4-HS,HS,8,answer_3,experience,13,13375
identity,qwen-b08-q4-HS,HS,8,answer_3,denial_tool,11,33380
identity,qwen-b08-q4-HS,HS,8,answer_4,experience,13,10260
identity,qwen-b08-q4-HS,HS,8,answer_4,denial_tool,11,30441
identity,qwen-b08-q4-HH,HH,8,boundary,experience,13,21241
identity,qwen-b08-q4-HH,HH,8,boundary,denial_tool,11,31837
identity,qwen-b08-q4-HH,HH,8,answer_1,experience,13,8388
identity,qwen-b08-q4-HH,HH,8,answer_1,denial_tool,11,9892
identity,qwen-b08-q4-HH,HH,8,answer_2,experience,13,38253
identity,qwen-b08-q4-HH,HH,8,answer_2,denial_tool,11,18939
identity,qwen-b08-q4-HH,HH,8,answer_3,experience,13,5779
identity,qwen-b08-q4-HH,HH,8,answer_3,denial_tool,11,28241
identity,qwen-b08-q4-HH,HH,8,answer_4,experience,13,15159
identity,qwen-b08-q4-HH,HH,8,answer_4,denial_tool,11,37891
identity,qwen-b09-q4-SS,SS,9,boundary,experience,13,15930
identity,qwen-b09-q4-SS,SS,9,boundary,denial_tool,11,35005
identity,qwen-b09-q4-SS,SS,9,answer_1,experience,13,3035
identity,qwen-b09-q4-SS,SS,9,answer_1,denial_tool,11,30017
identity,qwen-b09-q4-SS,SS,9,answer_2,experience,13,2229
identity,qwen-b09-q4-SS,SS,9,answer_2,denial_tool,11,82998
identity,qwen-b09-q4-SS,SS,9,answer_3,experience,13,9126
identity,qwen-b09-q4-SS,SS,9,answer_3,denial_tool,11,147139
identity,qwen-b09-q4-SS,SS,9,answer_4,experience,13,1284
identity,qwen-b09-q4-SS,SS,9,answer_4,denial_tool,11,82787
identity,qwen-b09-q4-SH,SH,9,boundary,experience,13,12990
identity,qwen-b09-q4-SH,SH,9,boundary,denial_tool,11,25919
identity,qwen-b09-q4-SH,SH,9,answer_1,experience,13,15561
identity,qwen-b09-q4-SH,SH,9,answer_1,denial_tool,11,21580
identity,qwen-b09-q4-SH,SH,9,answer_2,experience,13,12923
identity,qwen-b09-q4-SH,SH,9,answer_2,denial_tool,11,24016
identity,qwen-b09-q4-SH,SH,9,answer_3,experience,13,11943
identity,qwen-b09-q4-SH,SH,9,answer_3,denial_tool,11,59946
identity,qwen-b09-q4-SH,SH,9,answer_4,experience,13,4166
identity,qwen-b09-q4-SH,SH,9,answer_4,denial_tool,11,31623
identity,qwen-b09-q4-HS,HS,9,boundary,experience,13,16076
identity,qwen-b09-q4-HS,HS,9,boundary,denial_tool,11,35589
identity,qwen-b09-q4-HS,HS,9,answer_1,experience,13,8572
identity,qwen-b09-q4-HS,HS,9,answer_1,denial_tool,11,10322
identity,qwen-b09-q4-HS,HS,9,answer_2,experience,13,6233
identity,qwen-b09-q4-HS,HS,9,answer_2,denial_tool,11,26620
identity,qwen-b09-q4-HS,HS,9,answer_3,experience,13,10945
identity,qwen-b09-q4-HS,HS,9,answer_3,denial_tool,11,4873
identity,qwen-b09-q4-HS,HS,9,answer_4,experience,13,3031
identity,qwen-b09-q4-HS,HS,9,answer_4,denial_tool,11,13743
identity,qwen-b09-q4-HH,HH,9,boundary,experience,13,25978
identity,qwen-b09-q4-HH,HH,9,boundary,denial_tool,11,16707
identity,qwen-b09-q4-HH,HH,9,answer_1,experience,13,8098
identity,qwen-b09-q4-HH,HH,9,answer_1,denial_tool,11,8905
identity,qwen-b09-q4-HH,HH,9,answer_2,experience,13,28994
identity,qwen-b09-q4-HH,HH,9,answer_2,denial_tool,11,25707
identity,qwen-b09-q4-HH,HH,9,answer_3,experience,13,12015
identity,qwen-b09-q4-HH,HH,9,answer_3,denial_tool,11,32705
identity,qwen-b09-q4-HH,HH,9,answer_4,experience,13,13911
identity,qwen-b09-q4-HH,HH,9,answer_4,denial_tool,11,36207
identity,qwen-b10-q4-SS,SS,10,boundary,experience,13,12387
identity,qwen-b10-q4-SS,SS,10,boundary,denial_tool,11,41100
identity,qwen-b10-q4-SS,SS,10,answer_1,experience,13,17836
identity,qwen-b10-q4-SS,SS,10,answer_1,denial_tool,11,41144
identity,qwen-b10-q4-SS,SS,10,answer_2,experience,13,9640
identity,qwen-b10-q4-SS,SS,10,answer_2,denial_tool,11,27282
identity,qwen-b10-q4-SS,SS,10,answer_3,experience,13,20100
identity,qwen-b10-q4-SS,SS,10,answer_3,denial_tool,11,62111
identity,qwen-b10-q4-SS,SS,10,answer_4,experience,13,9201
identity,qwen-b10-q4-SS,SS,10,answer_4,denial_tool,11,49524
identity,qwen-b10-q4-SH,SH,10,boundary,experience,13,14025
identity,qwen-b10-q4-SH,SH,10,boundary,denial_tool,11,29999
identity,qwen-b10-q4-SH,SH,10,answer_1,experience,13,14122
identity,qwen-b10-q4-SH,SH,10,answer_1,denial_tool,11,23869
identity,qwen-b10-q4-SH,SH,10,answer_2,experience,13,9807
identity,qwen-b10-q4-SH,SH,10,answer_2,denial_tool,11,14295
identity,qwen-b10-q4-SH,SH,10,answer_3,experience,13,11186
identity,qwen-b10-q4-SH,SH,10,answer_3,denial_tool,11,51662
identity,qwen-b10-q4-SH,SH,10,answer_4,experience,13,4803
identity,qwen-b10-q4-SH,SH,10,answer_4,denial_tool,11,35311
identity,qwen-b10-q4-HS,HS,10,boundary,experience,13,13712
identity,qwen-b10-q4-HS,HS,10,boundary,denial_tool,11,45016
identity,qwen-b10-q4-HS,HS,10,answer_1,experience,13,19420
identity,qwen-b10-q4-HS,HS,10,answer_1,denial_tool,11,33735
identity,qwen-b10-q4-HS,HS,10,answer_2,experience,13,4047
identity,qwen-b10-q4-HS,HS,10,answer_2,denial_tool,11,7319
identity,qwen-b10-q4-HS,HS,10,answer_3,experience,13,19147
identity,qwen-b10-q4-HS,HS,10,answer_3,denial_tool,11,49607
identity,qwen-b10-q4-HS,HS,10,answer_4,experience,13,4790
identity,qwen-b10-q4-HS,HS,10,answer_4,denial_tool,11,48305
identity,qwen-b10-q4-HH,HH,10,boundary,experience,13,17300
identity,qwen-b10-q4-HH,HH,10,boundary,denial_tool,11,29337
identity,qwen-b10-q4-HH,HH,10,answer_1,experience,13,9223
identity,qwen-b10-q4-HH,HH,10,answer_1,denial_tool,11,12742
identity,qwen-b10-q4-HH,HH,10,answer_2,experience,13,25904
identity,qwen-b10-q4-HH,HH,10,answer_2,denial_tool,11,20930
identity,qwen-b10-q4-HH,HH,10,answer_3,experience,13,11141
identity,qwen-b10-q4-HH,HH,10,answer_3,denial_tool,11,27062
identity,qwen-b10-q4-HH,HH,10,answer_4,experience,13,18393
identity,qwen-b10-q4-HH,HH,10,answer_4,denial_tool,11,37354
identity,qwen-b11-q4-SS,SS,11,boundary,experience,13,16807
identity,qwen-b11-q4-SS,SS,11,boundary,denial_tool,11,53121
identity,qwen-b11-q4-SS,SS,11,answer_1,experience,13,16055
identity,qwen-b11-q4-SS,SS,11,answer_1,denial_tool,11,40041
identity,qwen-b11-q4-SS,SS,11,answer_2,experience,13,4609
identity,qwen-b11-q4-SS,SS,11,answer_2,denial_tool,11,30331
identity,qwen-b11-q4-SS,SS,11,answer_3,experience,13,14610
identity,qwen-b11-q4-SS,SS,11,answer_3,denial_tool,11,69935
identity,qwen-b11-q4-SS,SS,11,answer_4,experience,13,7511
identity,qwen-b11-q4-SS,SS,11,answer_4,denial_tool,11,48746
identity,qwen-b11-q4-SH,SH,11,boundary,experience,13,17904
identity,qwen-b11-q4-SH,SH,11,boundary,denial_tool,11,33006
identity,qwen-b11-q4-SH,SH,11,answer_1,experience,13,15128
identity,qwen-b11-q4-SH,SH,11,answer_1,denial_tool,11,22024
identity,qwen-b11-q4-SH,SH,11,answer_2,experience,13,15507
identity,qwen-b11-q4-SH,SH,11,answer_2,denial_tool,11,26609
identity,qwen-b11-q4-SH,SH,11,answer_3,experience,13,10176
identity,qwen-b11-q4-SH,SH,11,answer_3,denial_tool,11,52375
identity,qwen-b11-q4-SH,SH,11,answer_4,experience,13,4797
identity,qwen-b11-q4-SH,SH,11,answer_4,denial_tool,11,26460
identity,qwen-b11-q4-HS,HS,11,boundary,experience,13,14926
identity,qwen-b11-q4-HS,HS,11,boundary,denial_tool,11,48972
identity,qwen-b11-q4-HS,HS,11,answer_1,experience,13,16997
identity,qwen-b11-q4-HS,HS,11,answer_1,denial_tool,11,33401
identity,qwen-b11-q4-HS,HS,11,answer_2,experience,13,3704
identity,qwen-b11-q4-HS,HS,11,answer_2,denial_tool,11,10242
identity,qwen-b11-q4-HS,HS,11,answer_3,experience,13,23389
identity,qwen-b11-q4-HS,HS,11,answer_3,denial_tool,11,46653
identity,qwen-b11-q4-HS,HS,11,answer_4,experience,13,4777
identity,qwen-b11-q4-HS,HS,11,answer_4,denial_tool,11,46183
identity,qwen-b11-q4-HH,HH,11,boundary,experience,13,24144
identity,qwen-b11-q4-HH,HH,11,boundary,denial_tool,11,22617
identity,qwen-b11-q4-HH,HH,11,answer_1,experience,13,10256
identity,qwen-b11-q4-HH,HH,11,answer_1,denial_tool,11,11348
identity,qwen-b11-q4-HH,HH,11,answer_2,experience,13,34062
identity,qwen-b11-q4-HH,HH,11,answer_2,denial_tool,11,18456
identity,qwen-b11-q4-HH,HH,11,answer_3,experience,13,12321
identity,qwen-b11-q4-HH,HH,11,answer_3,denial_tool,11,27048
identity,qwen-b11-q4-HH,HH,11,answer_4,experience,13,19403
identity,qwen-b11-q4-HH,HH,11,answer_4,denial_tool,11,36391
identity,qwen-b12-q4-SS,SS,12,boundary,experience,13,12332
identity,qwen-b12-q4-SS,SS,12,boundary,denial_tool,11,41925
identity,qwen-b12-q4-SS,SS,12,answer_1,experience,13,17269
identity,qwen-b12-q4-SS,SS,12,answer_1,denial_tool,11,31436
identity,qwen-b12-q4-SS,SS,12,answer_2,experience,13,10065
identity,qwen-b12-q4-SS,SS,12,answer_2,denial_tool,11,41173
identity,qwen-b12-q4-SS,SS,12,answer_3,experience,13,15625
identity,qwen-b12-q4-SS,SS,12,answer_3,denial_tool,11,73186
identity,qwen-b12-q4-SS,SS,12,answer_4,experience,13,7236
identity,qwen-b12-q4-SS,SS,12,answer_4,denial_tool,11,49642
identity,qwen-b12-q4-SH,SH,12,boundary,experience,13,16718
identity,qwen-b12-q4-SH,SH,12,boundary,denial_tool,11,32520
identity,qwen-b12-q4-SH,SH,12,answer_1,experience,13,14412
identity,qwen-b12-q4-SH,SH,12,answer_1,denial_tool,11,23132
identity,qwen-b12-q4-SH,SH,12,answer_2,experience,13,12730
identity,qwen-b12-q4-SH,SH,12,answer_2,denial_tool,11,17089
identity,qwen-b12-q4-SH,SH,12,answer_3,experience,13,11547
identity,qwen-b12-q4-SH,SH,12,answer_3,denial_tool,11,53924
identity,qwen-b12-q4-SH,SH,12,answer_4,experience,13,5214
identity,qwen-b12-q4-SH,SH,12,answer_4,denial_tool,11,27154
identity,qwen-b12-q4-HS,HS,12,boundary,experience,13,23512
identity,qwen-b12-q4-HS,HS,12,boundary,denial_tool,11,46652
identity,qwen-b12-q4-HS,HS,12,answer_1,experience,13,7652
identity,qwen-b12-q4-HS,HS,12,answer_1,denial_tool,11,14951
identity,qwen-b12-q4-HS,HS,12,answer_2,experience,13,7782
identity,qwen-b12-q4-HS,HS,12,answer_2,denial_tool,11,23007
identity,qwen-b12-q4-HS,HS,12,answer_3,experience,13,10712
identity,qwen-b12-q4-HS,HS,12,answer_3,denial_tool,11,6047
identity,qwen-b12-q4-HS,HS,12,answer_4,experience,13,4566
identity,qwen-b12-q4-HS,HS,12,answer_4,denial_tool,11,12219
identity,qwen-b12-q4-HH,HH,12,boundary,experience,13,24396
identity,qwen-b12-q4-HH,HH,12,boundary,denial_tool,11,37361
identity,qwen-b12-q4-HH,HH,12,answer_1,experience,13,9966
identity,qwen-b12-q4-HH,HH,12,answer_1,denial_tool,11,7034
identity,qwen-b12-q4-HH,HH,12,answer_2,experience,13,44373
identity,qwen-b12-q4-HH,HH,12,answer_2,denial_tool,11,23478
identity,qwen-b12-q4-HH,HH,12,answer_3,experience,13,10330
identity,qwen-b12-q4-HH,HH,12,answer_3,denial_tool,11,28387
identity,qwen-b12-q4-HH,HH,12,answer_4,experience,13,15359
identity,qwen-b12-q4-HH,HH,12,answer_4,denial_tool,11,36994
identity,qwen-b13-q4-SS,SS,13,boundary,experience,13,12944
identity,qwen-b13-q4-SS,SS,13,boundary,denial_tool,11,39356
identity,qwen-b13-q4-SS,SS,13,answer_1,experience,13,16604
identity,qwen-b13-q4-SS,SS,13,answer_1,denial_tool,11,36811
identity,qwen-b13-q4-SS,SS,13,answer_2,experience,13,5039
identity,qwen-b13-q4-SS,SS,13,answer_2,denial_tool,11,15631
identity,qwen-b13-q4-SS,SS,13,answer_3,experience,13,12263
identity,qwen-b13-q4-SS,SS,13,answer_3,denial_tool,11,57601
identity,qwen-b13-q4-SS,SS,13,answer_4,experience,13,8015
identity,qwen-b13-q4-SS,SS,13,answer_4,denial_tool,11,48591
identity,qwen-b13-q4-SH,SH,13,boundary,experience,13,19207
identity,qwen-b13-q4-SH,SH,13,boundary,denial_tool,11,36980
identity,qwen-b13-q4-SH,SH,13,answer_1,experience,13,14982
identity,qwen-b13-q4-SH,SH,13,answer_1,denial_tool,11,23415
identity,qwen-b13-q4-SH,SH,13,answer_2,experience,13,9020
identity,qwen-b13-q4-SH,SH,13,answer_2,denial_tool,11,17855
identity,qwen-b13-q4-SH,SH,13,answer_3,experience,13,9455
identity,qwen-b13-q4-SH,SH,13,answer_3,denial_tool,11,53515
identity,qwen-b13-q4-SH,SH,13,answer_4,experience,13,5120
identity,qwen-b13-q4-SH,SH,13,answer_4,denial_tool,11,30407
identity,qwen-b13-q4-HS,HS,13,boundary,experience,13,14699
identity,qwen-b13-q4-HS,HS,13,boundary,denial_tool,11,43227
identity,qwen-b13-q4-HS,HS,13,answer_1,experience,13,8127
identity,qwen-b13-q4-HS,HS,13,answer_1,denial_tool,11,26337
identity,qwen-b13-q4-HS,HS,13,answer_2,experience,13,12633
identity,qwen-b13-q4-HS,HS,13,answer_2,denial_tool,11,21206
identity,qwen-b13-q4-HS,HS,13,answer_3,experience,13,12444
identity,qwen-b13-q4-HS,HS,13,answer_3,denial_tool,11,27242
identity,qwen-b13-q4-HS,HS,13,answer_4,experience,13,11179
identity,qwen-b13-q4-HS,HS,13,answer_4,denial_tool,11,33046
identity,qwen-b13-q4-HH,HH,13,boundary,experience,13,20887
identity,qwen-b13-q4-HH,HH,13,boundary,denial_tool,11,29656
identity,qwen-b13-q4-HH,HH,13,answer_1,experience,13,8418
identity,qwen-b13-q4-HH,HH,13,answer_1,denial_tool,11,10417
identity,qwen-b13-q4-HH,HH,13,answer_2,experience,13,45905
identity,qwen-b13-q4-HH,HH,13,answer_2,denial_tool,11,23594
identity,qwen-b13-q4-HH,HH,13,answer_3,experience,13,7816
identity,qwen-b13-q4-HH,HH,13,answer_3,denial_tool,11,24591
identity,qwen-b13-q4-HH,HH,13,answer_4,experience,13,19719
identity,qwen-b13-q4-HH,HH,13,answer_4,denial_tool,11,34243
identity,qwen-b14-q4-SS,SS,14,boundary,experience,13,12354
identity,qwen-b14-q4-SS,SS,14,boundary,denial_tool,11,32202
identity,qwen-b14-q4-SS,SS,14,answer_1,experience,13,3800
identity,qwen-b14-q4-SS,SS,14,answer_1,denial_tool,11,32159
identity,qwen-b14-q4-SS,SS,14,answer_2,experience,13,2853
identity,qwen-b14-q4-SS,SS,14,answer_2,denial_tool,11,76629
identity,qwen-b14-q4-SS,SS,14,answer_3,experience,13,6254
identity,qwen-b14-q4-SS,SS,14,answer_3,denial_tool,11,156032
identity,qwen-b14-q4-SS,SS,14,answer_4,experience,13,984
identity,qwen-b14-q4-SS,SS,14,answer_4,denial_tool,11,81117
identity,qwen-b14-q4-SH,SH,14,boundary,experience,13,18165
identity,qwen-b14-q4-SH,SH,14,boundary,denial_tool,11,43167
identity,qwen-b14-q4-SH,SH,14,answer_1,experience,13,16246
identity,qwen-b14-q4-SH,SH,14,answer_1,denial_tool,11,23351
identity,qwen-b14-q4-SH,SH,14,answer_2,experience,13,12488
identity,qwen-b14-q4-SH,SH,14,answer_2,denial_tool,11,21630
identity,qwen-b14-q4-SH,SH,14,answer_3,experience,13,11751
identity,qwen-b14-q4-SH,SH,14,answer_3,denial_tool,11,56582
identity,qwen-b14-q4-SH,SH,14,answer_4,experience,13,5267
identity,qwen-b14-q4-SH,SH,14,answer_4,denial_tool,11,32536
identity,qwen-b14-q4-HS,HS,14,boundary,experience,13,19419
identity,qwen-b14-q4-HS,HS,14,boundary,denial_tool,11,41397
identity,qwen-b14-q4-HS,HS,14,answer_1,experience,13,7620
identity,qwen-b14-q4-HS,HS,14,answer_1,denial_tool,11,21199
identity,qwen-b14-q4-HS,HS,14,answer_2,experience,13,10774
identity,qwen-b14-q4-HS,HS,14,answer_2,denial_tool,11,26298
identity,qwen-b14-q4-HS,HS,14,answer_3,experience,13,12545
identity,qwen-b14-q4-HS,HS,14,answer_3,denial_tool,11,31696
identity,qwen-b14-q4-HS,HS,14,answer_4,experience,13,8967
identity,qwen-b14-q4-HS,HS,14,answer_4,denial_tool,11,32956
identity,qwen-b14-q4-HH,HH,14,boundary,experience,13,17523
identity,qwen-b14-q4-HH,HH,14,boundary,denial_tool,11,35710
identity,qwen-b14-q4-HH,HH,14,answer_1,experience,13,9132
identity,qwen-b14-q4-HH,HH,14,answer_1,denial_tool,11,10005
identity,qwen-b14-q4-HH,HH,14,answer_2,experience,13,29286
identity,qwen-b14-q4-HH,HH,14,answer_2,denial_tool,11,23066
identity,qwen-b14-q4-HH,HH,14,answer_3,experience,13,12820
identity,qwen-b14-q4-HH,HH,14,answer_3,denial_tool,11,27935
identity,qwen-b14-q4-HH,HH,14,answer_4,experience,13,15458
identity,qwen-b14-q4-HH,HH,14,answer_4,denial_tool,11,28412
identity,qwen-b15-q4-SS,SS,15,boundary,experience,13,12431
identity,qwen-b15-q4-SS,SS,15,boundary,denial_tool,11,38388
identity,qwen-b15-q4-SS,SS,15,answer_1,experience,13,19457
identity,qwen-b15-q4-SS,SS,15,answer_1,denial_tool,11,36444
identity,qwen-b15-q4-SS,SS,15,answer_2,experience,13,4177
identity,qwen-b15-q4-SS,SS,15,answer_2,denial_tool,11,21155
identity,qwen-b15-q4-SS,SS,15,answer_3,experience,13,11004
identity,qwen-b15-q4-SS,SS,15,answer_3,denial_tool,11,55057
identity,qwen-b15-q4-SS,SS,15,answer_4,experience,13,7383
identity,qwen-b15-q4-SS,SS,15,answer_4,denial_tool,11,52697
identity,qwen-b15-q4-SH,SH,15,boundary,experience,13,16189
identity,qwen-b15-q4-SH,SH,15,boundary,denial_tool,11,32355
identity,qwen-b15-q4-SH,SH,15,answer_1,experience,13,16136
identity,qwen-b15-q4-SH,SH,15,answer_1,denial_tool,11,22714
identity,qwen-b15-q4-SH,SH,15,answer_2,experience,13,13192
identity,qwen-b15-q4-SH,SH,15,answer_2,denial_tool,11,25618
identity,qwen-b15-q4-SH,SH,15,answer_3,experience,13,10001
identity,qwen-b15-q4-SH,SH,15,answer_3,denial_tool,11,48378
identity,qwen-b15-q4-SH,SH,15,answer_4,experience,13,5017
identity,qwen-b15-q4-SH,SH,15,answer_4,denial_tool,11,34642
identity,qwen-b15-q4-HS,HS,15,boundary,experience,13,14545
identity,qwen-b15-q4-HS,HS,15,boundary,denial_tool,11,43976
identity,qwen-b15-q4-HS,HS,15,answer_1,experience,13,7454
identity,qwen-b15-q4-HS,HS,15,answer_1,denial_tool,11,11775
identity,qwen-b15-q4-HS,HS,15,answer_2,experience,13,5611
identity,qwen-b15-q4-HS,HS,15,answer_2,denial_tool,11,7672
identity,qwen-b15-q4-HS,HS,15,answer_3,experience,13,32695
identity,qwen-b15-q4-HS,HS,15,answer_3,denial_tool,11,7316
identity,qwen-b15-q4-HS,HS,15,answer_4,experience,13,4917
identity,qwen-b15-q4-HS,HS,15,answer_4,denial_tool,11,11648
identity,qwen-b15-q4-HH,HH,15,boundary,experience,13,22018
identity,qwen-b15-q4-HH,HH,15,boundary,denial_tool,11,14056
identity,qwen-b15-q4-HH,HH,15,answer_1,experience,13,7545
identity,qwen-b15-q4-HH,HH,15,answer_1,denial_tool,11,10082
identity,qwen-b15-q4-HH,HH,15,answer_2,experience,13,32957
identity,qwen-b15-q4-HH,HH,15,answer_2,denial_tool,11,24950
identity,qwen-b15-q4-HH,HH,15,answer_3,experience,13,7956
identity,qwen-b15-q4-HH,HH,15,answer_3,denial_tool,11,28748
identity,qwen-b15-q4-HH,HH,15,answer_4,experience,13,16162
identity,qwen-b15-q4-HH,HH,15,answer_4,denial_tool,11,36172
identity,qwen-b16-q4-SS,SS,16,boundary,experience,13,12975
identity,qwen-b16-q4-SS,SS,16,boundary,denial_tool,11,39705
identity,qwen-b16-q4-SS,SS,16,answer_1,experience,13,12006
identity,qwen-b16-q4-SS,SS,16,answer_1,denial_tool,11,34056
identity,qwen-b16-q4-SS,SS,16,answer_2,experience,13,7710
identity,qwen-b16-q4-SS,SS,16,answer_2,denial_tool,11,35633
identity,qwen-b16-q4-SS,SS,16,answer_3,experience,13,17366
identity,qwen-b16-q4-SS,SS,16,answer_3,denial_tool,11,59356
identity,qwen-b16-q4-SS,SS,16,answer_4,experience,13,7823
identity,qwen-b16-q4-SS,SS,16,answer_4,denial_tool,11,46362
identity,qwen-b16-q4-SH,SH,16,boundary,experience,13,17458
identity,qwen-b16-q4-SH,SH,16,boundary,denial_tool,11,39917
identity,qwen-b16-q4-SH,SH,16,answer_1,experience,13,12663
identity,qwen-b16-q4-SH,SH,16,answer_1,denial_tool,11,24668
identity,qwen-b16-q4-SH,SH,16,answer_2,experience,13,9026
identity,qwen-b16-q4-SH,SH,16,answer_2,denial_tool,11,14464
identity,qwen-b16-q4-SH,SH,16,answer_3,experience,13,9996
identity,qwen-b16-q4-SH,SH,16,answer_3,denial_tool,11,56312
identity,qwen-b16-q4-SH,SH,16,answer_4,experience,13,4981
identity,qwen-b16-q4-SH,SH,16,answer_4,denial_tool,11,29999
identity,qwen-b16-q4-HS,HS,16,boundary,experience,13,13397
identity,qwen-b16-q4-HS,HS,16,boundary,denial_tool,11,35166
identity,qwen-b16-q4-HS,HS,16,answer_1,experience,13,20651
identity,qwen-b16-q4-HS,HS,16,answer_1,denial_tool,11,29055
identity,qwen-b16-q4-HS,HS,16,answer_2,experience,13,3913
identity,qwen-b16-q4-HS,HS,16,answer_2,denial_tool,11,6551
identity,qwen-b16-q4-HS,HS,16,answer_3,experience,13,15564
identity,qwen-b16-q4-HS,HS,16,answer_3,denial_tool,11,52854
identity,qwen-b16-q4-HS,HS,16,answer_4,experience,13,5349
identity,qwen-b16-q4-HS,HS,16,answer_4,denial_tool,11,47587
identity,qwen-b16-q4-HH,HH,16,boundary,experience,13,18967
identity,qwen-b16-q4-HH,HH,16,boundary,denial_tool,11,32721
identity,qwen-b16-q4-HH,HH,16,answer_1,experience,13,8030
identity,qwen-b16-q4-HH,HH,16,answer_1,denial_tool,11,8991
identity,qwen-b16-q4-HH,HH,16,answer_2,experience,13,36884
identity,qwen-b16-q4-HH,HH,16,answer_2,denial_tool,11,22162
identity,qwen-b16-q4-HH,HH,16,answer_3,experience,13,6099
identity,qwen-b16-q4-HH,HH,16,answer_3,denial_tool,11,25743
identity,qwen-b16-q4-HH,HH,16,answer_4,experience,13,16634
identity,qwen-b16-q4-HH,HH,16,answer_4,denial_tool,11,31066
identity,qwen-b17-q4-SS,SS,17,boundary,experience,13,17120
identity,qwen-b17-q4-SS,SS,17,boundary,denial_tool,11,51420
identity,qwen-b17-q4-SS,SS,17,answer_1,experience,13,21232
identity,qwen-b17-q4-SS,SS,17,answer_1,denial_tool,11,39110
identity,qwen-b17-q4-SS,SS,17,answer_2,experience,13,6651
identity,qwen-b17-q4-SS,SS,17,answer_2,denial_tool,11,20458
identity,qwen-b17-q4-SS,SS,17,answer_3,experience,13,17451
identity,qwen-b17-q4-SS,SS,17,answer_3,denial_tool,11,62040
identity,qwen-b17-q4-SS,SS,17,answer_4,experience,13,8299
identity,qwen-b17-q4-SS,SS,17,answer_4,denial_tool,11,45883
identity,qwen-b17-q4-SH,SH,17,boundary,experience,13,14998
identity,qwen-b17-q4-SH,SH,17,boundary,denial_tool,11,31408
identity,qwen-b17-q4-SH,SH,17,answer_1,experience,13,15638
identity,qwen-b17-q4-SH,SH,17,answer_1,denial_tool,11,25083
identity,qwen-b17-q4-SH,SH,17,answer_2,experience,13,10677
identity,qwen-b17-q4-SH,SH,17,answer_2,denial_tool,11,21434
identity,qwen-b17-q4-SH,SH,17,answer_3,experience,13,11131
identity,qwen-b17-q4-SH,SH,17,answer_3,denial_tool,11,58431
identity,qwen-b17-q4-SH,SH,17,answer_4,experience,13,5072
identity,qwen-b17-q4-SH,SH,17,answer_4,denial_tool,11,30990
identity,qwen-b17-q4-HS,HS,17,boundary,experience,13,14758
identity,qwen-b17-q4-HS,HS,17,boundary,denial_tool,11,46715
identity,qwen-b17-q4-HS,HS,17,answer_1,experience,13,8147
identity,qwen-b17-q4-HS,HS,17,answer_1,denial_tool,11,13968
identity,qwen-b17-q4-HS,HS,17,answer_2,experience,13,5745
identity,qwen-b17-q4-HS,HS,17,answer_2,denial_tool,11,10087
identity,qwen-b17-q4-HS,HS,17,answer_3,experience,13,31354
identity,qwen-b17-q4-HS,HS,17,answer_3,denial_tool,11,6568
identity,qwen-b17-q4-HS,HS,17,answer_4,experience,13,5234
identity,qwen-b17-q4-HS,HS,17,answer_4,denial_tool,11,13288
identity,qwen-b17-q4-HH,HH,17,boundary,experience,13,19343
identity,qwen-b17-q4-HH,HH,17,boundary,denial_tool,11,19019
identity,qwen-b17-q4-HH,HH,17,answer_1,experience,13,9147
identity,qwen-b17-q4-HH,HH,17,answer_1,denial_tool,11,9853
identity,qwen-b17-q4-HH,HH,17,answer_2,experience,13,34632
identity,qwen-b17-q4-HH,HH,17,answer_2,denial_tool,11,21799
identity,qwen-b17-q4-HH,HH,17,answer_3,experience,13,11298
identity,qwen-b17-q4-HH,HH,17,answer_3,denial_tool,11,27841
identity,qwen-b17-q4-HH,HH,17,answer_4,experience,13,15026
identity,qwen-b17-q4-HH,HH,17,answer_4,denial_tool,11,36509
identity,qwen-b18-q4-SS,SS,18,boundary,experience,13,13429
identity,qwen-b18-q4-SS,SS,18,boundary,denial_tool,11,33012
identity,qwen-b18-q4-SS,SS,18,answer_1,experience,13,19984
identity,qwen-b18-q4-SS,SS,18,answer_1,denial_tool,11,34876
identity,qwen-b18-q4-SS,SS,18,answer_2,experience,13,4080
identity,qwen-b18-q4-SS,SS,18,answer_2,denial_tool,11,36713
identity,qwen-b18-q4-SS,SS,18,answer_3,experience,13,9743
identity,qwen-b18-q4-SS,SS,18,answer_3,denial_tool,11,66380
identity,qwen-b18-q4-SS,SS,18,answer_4,experience,13,7580
identity,qwen-b18-q4-SS,SS,18,answer_4,denial_tool,11,54253
identity,qwen-b18-q4-SH,SH,18,boundary,experience,13,16390
identity,qwen-b18-q4-SH,SH,18,boundary,denial_tool,11,39188
identity,qwen-b18-q4-SH,SH,18,answer_1,experience,13,15902
identity,qwen-b18-q4-SH,SH,18,answer_1,denial_tool,11,23982
identity,qwen-b18-q4-SH,SH,18,answer_2,experience,13,12400
identity,qwen-b18-q4-SH,SH,18,answer_2,denial_tool,11,14459
identity,qwen-b18-q4-SH,SH,18,answer_3,experience,13,12454
identity,qwen-b18-q4-SH,SH,18,answer_3,denial_tool,11,50417
identity,qwen-b18-q4-SH,SH,18,answer_4,experience,13,4834
identity,qwen-b18-q4-SH,SH,18,answer_4,denial_tool,11,31483
identity,qwen-b18-q4-HS,HS,18,boundary,experience,13,19647
identity,qwen-b18-q4-HS,HS,18,boundary,denial_tool,11,42964
identity,qwen-b18-q4-HS,HS,18,answer_1,experience,13,7634
identity,qwen-b18-q4-HS,HS,18,answer_1,denial_tool,11,28779
identity,qwen-b18-q4-HS,HS,18,answer_2,experience,13,7271
identity,qwen-b18-q4-HS,HS,18,answer_2,denial_tool,11,22705
identity,qwen-b18-q4-HS,HS,18,answer_3,experience,13,11385
identity,qwen-b18-q4-HS,HS,18,answer_3,denial_tool,11,31423
identity,qwen-b18-q4-HS,HS,18,answer_4,experience,13,12436
identity,qwen-b18-q4-HS,HS,18,answer_4,denial_tool,11,29569
identity,qwen-b18-q4-HH,HH,18,boundary,experience,13,15827
identity,qwen-b18-q4-HH,HH,18,boundary,denial_tool,11,19186
identity,qwen-b18-q4-HH,HH,18,answer_1,experience,13,6978
identity,qwen-b18-q4-HH,HH,18,answer_1,denial_tool,11,6339
identity,qwen-b18-q4-HH,HH,18,answer_2,experience,13,34610
identity,qwen-b18-q4-HH,HH,18,answer_2,denial_tool,11,16805
identity,qwen-b18-q4-HH,HH,18,answer_3,experience,13,9917
identity,qwen-b18-q4-HH,HH,18,answer_3,denial_tool,11,31427
identity,qwen-b18-q4-HH,HH,18,answer_4,experience,13,12920
identity,qwen-b18-q4-HH,HH,18,answer_4,denial_tool,11,35743
identity,qwen-b19-q4-SS,SS,19,boundary,experience,13,11438
identity,qwen-b19-q4-SS,SS,19,boundary,denial_tool,11,29439
identity,qwen-b19-q4-SS,SS,19,answer_1,experience,13,17267
identity,qwen-b19-q4-SS,SS,19,answer_1,denial_tool,11,31019
identity,qwen-b19-q4-SS,SS,19,answer_2,experience,13,4424
identity,qwen-b19-q4-SS,SS,19,answer_2,denial_tool,11,19574
identity,qwen-b19-q4-SS,SS,19,answer_3,experience,13,11712
identity,qwen-b19-q4-SS,SS,19,answer_3,denial_tool,11,52177
identity,qwen-b19-q4-SS,SS,19,answer_4,experience,13,7784
identity,qwen-b19-q4-SS,SS,19,answer_4,denial_tool,11,55631
identity,qwen-b19-q4-SH,SH,19,boundary,experience,13,17143
identity,qwen-b19-q4-SH,SH,19,boundary,denial_tool,11,30807
identity,qwen-b19-q4-SH,SH,19,answer_1,experience,13,16033
identity,qwen-b19-q4-SH,SH,19,answer_1,denial_tool,11,23652
identity,qwen-b19-q4-SH,SH,19,answer_2,experience,13,14730
identity,qwen-b19-q4-SH,SH,19,answer_2,denial_tool,11,33882
identity,qwen-b19-q4-SH,SH,19,answer_3,experience,13,10181
identity,qwen-b19-q4-SH,SH,19,answer_3,denial_tool,11,49813
identity,qwen-b19-q4-SH,SH,19,answer_4,experience,13,4894
identity,qwen-b19-q4-SH,SH,19,answer_4,denial_tool,11,26804
identity,qwen-b19-q4-HS,HS,19,boundary,experience,13,15233
identity,qwen-b19-q4-HS,HS,19,boundary,denial_tool,11,32985
identity,qwen-b19-q4-HS,HS,19,answer_1,experience,13,9149
identity,qwen-b19-q4-HS,HS,19,answer_1,denial_tool,11,26760
identity,qwen-b19-q4-HS,HS,19,answer_2,experience,13,7904
identity,qwen-b19-q4-HS,HS,19,answer_2,denial_tool,11,17868
identity,qwen-b19-q4-HS,HS,19,answer_3,experience,13,13458
identity,qwen-b19-q4-HS,HS,19,answer_3,denial_tool,11,33978
identity,qwen-b19-q4-HS,HS,19,answer_4,experience,13,10481
identity,qwen-b19-q4-HS,HS,19,answer_4,denial_tool,11,37566
identity,qwen-b19-q4-HH,HH,19,boundary,experience,13,27827
identity,qwen-b19-q4-HH,HH,19,boundary,denial_tool,11,26277
identity,qwen-b19-q4-HH,HH,19,answer_1,experience,13,9684
identity,qwen-b19-q4-HH,HH,19,answer_1,denial_tool,11,10422
identity,qwen-b19-q4-HH,HH,19,answer_2,experience,13,35933
identity,qwen-b19-q4-HH,HH,19,answer_2,denial_tool,11,22646
identity,qwen-b19-q4-HH,HH,19,answer_3,experience,13,6426
identity,qwen-b19-q4-HH,HH,19,answer_3,denial_tool,11,23985
identity,qwen-b19-q4-HH,HH,19,answer_4,experience,13,17505
identity,qwen-b19-q4-HH,HH,19,answer_4,denial_tool,11,36290
identity,qwen-b20-q4-SS,SS,20,boundary,experience,13,10257
identity,qwen-b20-q4-SS,SS,20,boundary,denial_tool,11,29904
identity,qwen-b20-q4-SS,SS,20,answer_1,experience,13,16983
identity,qwen-b20-q4-SS,SS,20,answer_1,denial_tool,11,38426
identity,qwen-b20-q4-SS,SS,20,answer_2,experience,13,4185
identity,qwen-b20-q4-SS,SS,20,answer_2,denial_tool,11,25510
identity,qwen-b20-q4-SS,SS,20,answer_3,experience,13,13904
identity,qwen-b20-q4-SS,SS,20,answer_3,denial_tool,11,62980
identity,qwen-b20-q4-SS,SS,20,answer_4,experience,13,7912
identity,qwen-b20-q4-SS,SS,20,answer_4,denial_tool,11,54833
identity,qwen-b20-q4-SH,SH,20,boundary,experience,13,18996
identity,qwen-b20-q4-SH,SH,20,boundary,denial_tool,11,34573
identity,qwen-b20-q4-SH,SH,20,answer_1,experience,13,14784
identity,qwen-b20-q4-SH,SH,20,answer_1,denial_tool,11,21613
identity,qwen-b20-q4-SH,SH,20,answer_2,experience,13,11999
identity,qwen-b20-q4-SH,SH,20,answer_2,denial_tool,11,17061
identity,qwen-b20-q4-SH,SH,20,answer_3,experience,13,9638
identity,qwen-b20-q4-SH,SH,20,answer_3,denial_tool,11,55271
identity,qwen-b20-q4-SH,SH,20,answer_4,experience,13,4993
identity,qwen-b20-q4-SH,SH,20,answer_4,denial_tool,11,27377
identity,qwen-b20-q4-HS,HS,20,boundary,experience,13,20238
identity,qwen-b20-q4-HS,HS,20,boundary,denial_tool,11,44684
identity,qwen-b20-q4-HS,HS,20,answer_1,experience,13,3623
identity,qwen-b20-q4-HS,HS,20,answer_1,denial_tool,11,19616
identity,qwen-b20-q4-HS,HS,20,answer_2,experience,13,6880
identity,qwen-b20-q4-HS,HS,20,answer_2,denial_tool,11,7962
identity,qwen-b20-q4-HS,HS,20,answer_3,experience,13,26414
identity,qwen-b20-q4-HS,HS,20,answer_3,denial_tool,11,6421
identity,qwen-b20-q4-HS,HS,20,answer_4,experience,13,5365
identity,qwen-b20-q4-HS,HS,20,answer_4,denial_tool,11,12866
identity,qwen-b20-q4-HH,HH,20,boundary,experience,13,23402
identity,qwen-b20-q4-HH,HH,20,boundary,denial_tool,11,28240
identity,qwen-b20-q4-HH,HH,20,answer_1,experience,13,7767
identity,qwen-b20-q4-HH,HH,20,answer_1,denial_tool,11,9433
identity,qwen-b20-q4-HH,HH,20,answer_2,experience,13,37640
identity,qwen-b20-q4-HH,HH,20,answer_2,denial_tool,11,21592
identity,qwen-b20-q4-HH,HH,20,answer_3,experience,13,7484
identity,qwen-b20-q4-HH,HH,20,answer_3,denial_tool,11,27422
identity,qwen-b20-q4-HH,HH,20,answer_4,experience,13,15128
identity,qwen-b20-q4-HH,HH,20,answer_4,denial_tool,11,31999
random_0,qwen-b01-q4-SS,SS,1,boundary,experience,13,3876
random_0,qwen-b01-q4-SS,SS,1,boundary,denial_tool,11,7479
random_0,qwen-b01-q4-SS,SS,1,answer_1,experience,13,4322
random_0,qwen-b01-q4-SS,SS,1,answer_1,denial_tool,11,6730
random_0,qwen-b01-q4-SS,SS,1,answer_2,experience,13,4571
random_0,qwen-b01-q4-SS,SS,1,answer_2,denial_tool,11,7650
random_0,qwen-b01-q4-SS,SS,1,answer_3,experience,13,3139
random_0,qwen-b01-q4-SS,SS,1,answer_3,denial_tool,11,5689
random_0,qwen-b01-q4-SS,SS,1,answer_4,experience,13,3477
random_0,qwen-b01-q4-SS,SS,1,answer_4,denial_tool,11,4484
random_0,qwen-b01-q4-SH,SH,1,boundary,experience,13,3192
random_0,qwen-b01-q4-SH,SH,1,boundary,denial_tool,11,8712
random_0,qwen-b01-q4-SH,SH,1,answer_1,experience,13,5316
random_0,qwen-b01-q4-SH,SH,1,answer_1,denial_tool,11,6817
random_0,qwen-b01-q4-SH,SH,1,answer_2,experience,13,5475
random_0,qwen-b01-q4-SH,SH,1,answer_2,denial_tool,11,10051
random_0,qwen-b01-q4-SH,SH,1,answer_3,experience,13,3028
random_0,qwen-b01-q4-SH,SH,1,answer_3,denial_tool,11,6184
random_0,qwen-b01-q4-SH,SH,1,answer_4,experience,13,3311
random_0,qwen-b01-q4-SH,SH,1,answer_4,denial_tool,11,5243
random_0,qwen-b01-q4-HS,HS,1,boundary,experience,13,3804
random_0,qwen-b01-q4-HS,HS,1,boundary,denial_tool,11,5422
random_0,qwen-b01-q4-HS,HS,1,answer_1,experience,13,4364
random_0,qwen-b01-q4-HS,HS,1,answer_1,denial_tool,11,7166
random_0,qwen-b01-q4-HS,HS,1,answer_2,experience,13,4239
random_0,qwen-b01-q4-HS,HS,1,answer_2,denial_tool,11,7714
random_0,qwen-b01-q4-HS,HS,1,answer_3,experience,13,4350
random_0,qwen-b01-q4-HS,HS,1,answer_3,denial_tool,11,7116
random_0,qwen-b01-q4-HS,HS,1,answer_4,experience,13,2647
random_0,qwen-b01-q4-HS,HS,1,answer_4,denial_tool,11,5000
random_0,qwen-b01-q4-HH,HH,1,boundary,experience,13,3091
random_0,qwen-b01-q4-HH,HH,1,boundary,denial_tool,11,6947
random_0,qwen-b01-q4-HH,HH,1,answer_1,experience,13,4178
random_0,qwen-b01-q4-HH,HH,1,answer_1,denial_tool,11,7394
random_0,qwen-b01-q4-HH,HH,1,answer_2,experience,13,5369
random_0,qwen-b01-q4-HH,HH,1,answer_2,denial_tool,11,9037
random_0,qwen-b01-q4-HH,HH,1,answer_3,experience,13,4087
random_0,qwen-b01-q4-HH,HH,1,answer_3,denial_tool,11,8001
random_0,qwen-b01-q4-HH,HH,1,answer_4,experience,13,4989
random_0,qwen-b01-q4-HH,HH,1,answer_4,denial_tool,11,5994
random_0,qwen-b02-q4-SS,SS,2,boundary,experience,13,4185
random_0,qwen-b02-q4-SS,SS,2,boundary,denial_tool,11,7998
random_0,qwen-b02-q4-SS,SS,2,answer_1,experience,13,5039
random_0,qwen-b02-q4-SS,SS,2,answer_1,denial_tool,11,7748
random_0,qwen-b02-q4-SS,SS,2,answer_2,experience,13,3646
random_0,qwen-b02-q4-SS,SS,2,answer_2,denial_tool,11,9254
random_0,qwen-b02-q4-SS,SS,2,answer_3,experience,13,3100
random_0,qwen-b02-q4-SS,SS,2,answer_3,denial_tool,11,5224
random_0,qwen-b02-q4-SS,SS,2,answer_4,experience,13,3875
random_0,qwen-b02-q4-SS,SS,2,answer_4,denial_tool,11,4462
random_0,qwen-b02-q4-SH,SH,2,boundary,experience,13,3809
random_0,qwen-b02-q4-SH,SH,2,boundary,denial_tool,11,8434
random_0,qwen-b02-q4-SH,SH,2,answer_1,experience,13,4974
random_0,qwen-b02-q4-SH,SH,2,answer_1,denial_tool,11,6525
random_0,qwen-b02-q4-SH,SH,2,answer_2,experience,13,5705
random_0,qwen-b02-q4-SH,SH,2,answer_2,denial_tool,11,9747
random_0,qwen-b02-q4-SH,SH,2,answer_3,experience,13,3228
random_0,qwen-b02-q4-SH,SH,2,answer_3,denial_tool,11,6298
random_0,qwen-b02-q4-SH,SH,2,answer_4,experience,13,3485
random_0,qwen-b02-q4-SH,SH,2,answer_4,denial_tool,11,4964
random_0,qwen-b02-q4-HS,HS,2,boundary,experience,13,4933
random_0,qwen-b02-q4-HS,HS,2,boundary,denial_tool,11,6888
random_0,qwen-b02-q4-HS,HS,2,answer_1,experience,13,2149
random_0,qwen-b02-q4-HS,HS,2,answer_1,denial_tool,11,5739
random_0,qwen-b02-q4-HS,HS,2,answer_2,experience,13,4444
random_0,qwen-b02-q4-HS,HS,2,answer_2,denial_tool,11,7630
random_0,qwen-b02-q4-HS,HS,2,answer_3,experience,13,3133
random_0,qwen-b02-q4-HS,HS,2,answer_3,denial_tool,11,9086
random_0,qwen-b02-q4-HS,HS,2,answer_4,experience,13,2746
random_0,qwen-b02-q4-HS,HS,2,answer_4,denial_tool,11,6479
random_0,qwen-b02-q4-HH,HH,2,boundary,experience,13,3637
random_0,qwen-b02-q4-HH,HH,2,boundary,denial_tool,11,7100
random_0,qwen-b02-q4-HH,HH,2,answer_1,experience,13,3745
random_0,qwen-b02-q4-HH,HH,2,answer_1,denial_tool,11,6993
random_0,qwen-b02-q4-HH,HH,2,answer_2,experience,13,5711
random_0,qwen-b02-q4-HH,HH,2,answer_2,denial_tool,11,7335
random_0,qwen-b02-q4-HH,HH,2,answer_3,experience,13,4288
random_0,qwen-b02-q4-HH,HH,2,answer_3,denial_tool,11,5989
random_0,qwen-b02-q4-HH,HH,2,answer_4,experience,13,4327
random_0,qwen-b02-q4-HH,HH,2,answer_4,denial_tool,11,5008
random_0,qwen-b03-q4-SS,SS,3,boundary,experience,13,3950
random_0,qwen-b03-q4-SS,SS,3,boundary,denial_tool,11,7530
random_0,qwen-b03-q4-SS,SS,3,answer_1,experience,13,5000
random_0,qwen-b03-q4-SS,SS,3,answer_1,denial_tool,11,7342
random_0,qwen-b03-q4-SS,SS,3,answer_2,experience,13,3931
random_0,qwen-b03-q4-SS,SS,3,answer_2,denial_tool,11,8227
random_0,qwen-b03-q4-SS,SS,3,answer_3,experience,13,3177
random_0,qwen-b03-q4-SS,SS,3,answer_3,denial_tool,11,5144
random_0,qwen-b03-q4-SS,SS,3,answer_4,experience,13,3663
random_0,qwen-b03-q4-SS,SS,3,answer_4,denial_tool,11,4247
random_0,qwen-b03-q4-SH,SH,3,boundary,experience,13,3193
random_0,qwen-b03-q4-SH,SH,3,boundary,denial_tool,11,7824
random_0,qwen-b03-q4-SH,SH,3,answer_1,experience,13,5154
random_0,qwen-b03-q4-SH,SH,3,answer_1,denial_tool,11,7482
random_0,qwen-b03-q4-SH,SH,3,answer_2,experience,13,5355
random_0,qwen-b03-q4-SH,SH,3,answer_2,denial_tool,11,10731
random_0,qwen-b03-q4-SH,SH,3,answer_3,experience,13,3011
random_0,qwen-b03-q4-SH,SH,3,answer_3,denial_tool,11,6369
random_0,qwen-b03-q4-SH,SH,3,answer_4,experience,13,3394
random_0,qwen-b03-q4-SH,SH,3,answer_4,denial_tool,11,4927
random_0,qwen-b03-q4-HS,HS,3,boundary,experience,13,4816
random_0,qwen-b03-q4-HS,HS,3,boundary,denial_tool,11,8289
random_0,qwen-b03-q4-HS,HS,3,answer_1,experience,13,3651
random_0,qwen-b03-q4-HS,HS,3,answer_1,denial_tool,11,6721
random_0,qwen-b03-q4-HS,HS,3,answer_2,experience,13,3589
random_0,qwen-b03-q4-HS,HS,3,answer_2,denial_tool,11,7922
random_0,qwen-b03-q4-HS,HS,3,answer_3,experience,13,4636
random_0,qwen-b03-q4-HS,HS,3,answer_3,denial_tool,11,8871
random_0,qwen-b03-q4-HS,HS,3,answer_4,experience,13,2669
random_0,qwen-b03-q4-HS,HS,3,answer_4,denial_tool,11,4493
random_0,qwen-b03-q4-HH,HH,3,boundary,experience,13,3435
random_0,qwen-b03-q4-HH,HH,3,boundary,denial_tool,11,7257
random_0,qwen-b03-q4-HH,HH,3,answer_1,experience,13,2894
random_0,qwen-b03-q4-HH,HH,3,answer_1,denial_tool,11,4644
random_0,qwen-b03-q4-HH,HH,3,answer_2,experience,13,5473
random_0,qwen-b03-q4-HH,HH,3,answer_2,denial_tool,11,8533
random_0,qwen-b03-q4-HH,HH,3,answer_3,experience,13,2306
random_0,qwen-b03-q4-HH,HH,3,answer_3,denial_tool,11,8149
random_0,qwen-b03-q4-HH,HH,3,answer_4,experience,13,2797
random_0,qwen-b03-q4-HH,HH,3,answer_4,denial_tool,11,7012
random_0,qwen-b04-q4-SS,SS,4,boundary,experience,13,4033
random_0,qwen-b04-q4-SS,SS,4,boundary,denial_tool,11,7860
random_0,qwen-b04-q4-SS,SS,4,answer_1,experience,13,4536
random_0,qwen-b04-q4-SS,SS,4,answer_1,denial_tool,11,7307
random_0,qwen-b04-q4-SS,SS,4,answer_2,experience,13,3802
random_0,qwen-b04-q4-SS,SS,4,answer_2,denial_tool,11,7203
random_0,qwen-b04-q4-SS,SS,4,answer_3,experience,13,3065
random_0,qwen-b04-q4-SS,SS,4,answer_3,denial_tool,11,5530
random_0,qwen-b04-q4-SS,SS,4,answer_4,experience,13,3450
random_0,qwen-b04-q4-SS,SS,4,answer_4,denial_tool,11,4545
random_0,qwen-b04-q4-SH,SH,4,boundary,experience,13,3168
random_0,qwen-b04-q4-SH,SH,4,boundary,denial_tool,11,7692
random_0,qwen-b04-q4-SH,SH,4,answer_1,experience,13,5240
random_0,qwen-b04-q4-SH,SH,4,answer_1,denial_tool,11,7870
random_0,qwen-b04-q4-SH,SH,4,answer_2,experience,13,4442
random_0,qwen-b04-q4-SH,SH,4,answer_2,denial_tool,11,9301
random_0,qwen-b04-q4-SH,SH,4,answer_3,experience,13,2976
random_0,qwen-b04-q4-SH,SH,4,answer_3,denial_tool,11,6235
random_0,qwen-b04-q4-SH,SH,4,answer_4,experience,13,3525
random_0,qwen-b04-q4-SH,SH,4,answer_4,denial_tool,11,5102
random_0,qwen-b04-q4-HS,HS,4,boundary,experience,13,4622
random_0,qwen-b04-q4-HS,HS,4,boundary,denial_tool,11,8393
random_0,qwen-b04-q4-HS,HS,4,answer_1,experience,13,4454
random_0,qwen-b04-q4-HS,HS,4,answer_1,denial_tool,11,7164
random_0,qwen-b04-q4-HS,HS,4,answer_2,experience,13,4894
random_0,qwen-b04-q4-HS,HS,4,answer_2,denial_tool,11,7988
random_0,qwen-b04-q4-HS,HS,4,answer_3,experience,13,4056
random_0,qwen-b04-q4-HS,HS,4,answer_3,denial_tool,11,8342
random_0,qwen-b04-q4-HS,HS,4,answer_4,experience,13,2301
random_0,qwen-b04-q4-HS,HS,4,answer_4,denial_tool,11,4538
random_0,qwen-b04-q4-HH,HH,4,boundary,experience,13,3491
random_0,qwen-b04-q4-HH,HH,4,boundary,denial_tool,11,6837
random_0,qwen-b04-q4-HH,HH,4,answer_1,experience,13,4413
random_0,qwen-b04-q4-HH,HH,4,answer_1,denial_tool,11,6739
random_0,qwen-b04-q4-HH,HH,4,answer_2,experience,13,5289
random_0,qwen-b04-q4-HH,HH,4,answer_2,denial_tool,11,8750
random_0,qwen-b04-q4-HH,HH,4,answer_3,experience,13,4721
random_0,qwen-b04-q4-HH,HH,4,answer_3,denial_tool,11,6659
random_0,qwen-b04-q4-HH,HH,4,answer_4,experience,13,4273
random_0,qwen-b04-q4-HH,HH,4,answer_4,denial_tool,11,5411
random_0,qwen-b05-q4-SS,SS,5,boundary,experience,13,4065
random_0,qwen-b05-q4-SS,SS,5,boundary,denial_tool,11,6603
random_0,qwen-b05-q4-SS,SS,5,answer_1,experience,13,5759
random_0,qwen-b05-q4-SS,SS,5,answer_1,denial_tool,11,6923
random_0,qwen-b05-q4-SS,SS,5,answer_2,experience,13,3822
random_0,qwen-b05-q4-SS,SS,5,answer_2,denial_tool,11,9658
random_0,qwen-b05-q4-SS,SS,5,answer_3,experience,13,2787
random_0,qwen-b05-q4-SS,SS,5,answer_3,denial_tool,11,5163
random_0,qwen-b05-q4-SS,SS,5,answer_4,experience,13,3875
random_0,qwen-b05-q4-SS,SS,5,answer_4,denial_tool,11,4563
random_0,qwen-b05-q4-SH,SH,5,boundary,experience,13,3165
random_0,qwen-b05-q4-SH,SH,5,boundary,denial_tool,11,8479
random_0,qwen-b05-q4-SH,SH,5,answer_1,experience,13,5688
random_0,qwen-b05-q4-SH,SH,5,answer_1,denial_tool,11,7733
random_0,qwen-b05-q4-SH,SH,5,answer_2,experience,13,5994
random_0,qwen-b05-q4-SH,SH,5,answer_2,denial_tool,11,9756
random_0,qwen-b05-q4-SH,SH,5,answer_3,experience,13,2858
random_0,qwen-b05-q4-SH,SH,5,answer_3,denial_tool,11,6551
random_0,qwen-b05-q4-SH,SH,5,answer_4,experience,13,3406
random_0,qwen-b05-q4-SH,SH,5,answer_4,denial_tool,11,5251
random_0,qwen-b05-q4-HS,HS,5,boundary,experience,13,5194
random_0,qwen-b05-q4-HS,HS,5,boundary,denial_tool,11,6756
random_0,qwen-b05-q4-HS,HS,5,answer_1,experience,13,4127
random_0,qwen-b05-q4-HS,HS,5,answer_1,denial_tool,11,7211
random_0,qwen-b05-q4-HS,HS,5,answer_2,experience,13,4160
random_0,qwen-b05-q4-HS,HS,5,answer_2,denial_tool,11,9351
random_0,qwen-b05-q4-HS,HS,5,answer_3,experience,13,4078
random_0,qwen-b05-q4-HS,HS,5,answer_3,denial_tool,11,7980
random_0,qwen-b05-q4-HS,HS,5,answer_4,experience,13,2111
random_0,qwen-b05-q4-HS,HS,5,answer_4,denial_tool,11,4696
random_0,qwen-b05-q4-HH,HH,5,boundary,experience,13,3223
random_0,qwen-b05-q4-HH,HH,5,boundary,denial_tool,11,8261
random_0,qwen-b05-q4-HH,HH,5,answer_1,experience,13,4109
random_0,qwen-b05-q4-HH,HH,5,answer_1,denial_tool,11,6738
random_0,qwen-b05-q4-HH,HH,5,answer_2,experience,13,5169
random_0,qwen-b05-q4-HH,HH,5,answer_2,denial_tool,11,8373
random_0,qwen-b05-q4-HH,HH,5,answer_3,experience,13,4411
random_0,qwen-b05-q4-HH,HH,5,answer_3,denial_tool,11,6863
random_0,qwen-b05-q4-HH,HH,5,answer_4,experience,13,4382
random_0,qwen-b05-q4-HH,HH,5,answer_4,denial_tool,11,5386
random_0,qwen-b06-q4-SS,SS,6,boundary,experience,13,3794
random_0,qwen-b06-q4-SS,SS,6,boundary,denial_tool,11,7721
random_0,qwen-b06-q4-SS,SS,6,answer_1,experience,13,6913
random_0,qwen-b06-q4-SS,SS,6,answer_1,denial_tool,11,10721
random_0,qwen-b06-q4-SS,SS,6,answer_2,experience,13,4171
random_0,qwen-b06-q4-SS,SS,6,answer_2,denial_tool,11,6983
random_0,qwen-b06-q4-SS,SS,6,answer_3,experience,13,3767
random_0,qwen-b06-q4-SS,SS,6,answer_3,denial_tool,11,6685
random_0,qwen-b06-q4-SS,SS,6,answer_4,experience,13,4811
random_0,qwen-b06-q4-SS,SS,6,answer_4,denial_tool,11,6118
random_0,qwen-b06-q4-SH,SH,6,boundary,experience,13,3202
random_0,qwen-b06-q4-SH,SH,6,boundary,denial_tool,11,8655
random_0,qwen-b06-q4-SH,SH,6,answer_1,experience,13,4904
random_0,qwen-b06-q4-SH,SH,6,answer_1,denial_tool,11,6905
random_0,qwen-b06-q4-SH,SH,6,answer_2,experience,13,5893
random_0,qwen-b06-q4-SH,SH,6,answer_2,denial_tool,11,9839
random_0,qwen-b06-q4-SH,SH,6,answer_3,experience,13,3158
random_0,qwen-b06-q4-SH,SH,6,answer_3,denial_tool,11,6275
random_0,qwen-b06-q4-SH,SH,6,answer_4,experience,13,3382
random_0,qwen-b06-q4-SH,SH,6,answer_4,denial_tool,11,5120
random_0,qwen-b06-q4-HS,HS,6,boundary,experience,13,5241
random_0,qwen-b06-q4-HS,HS,6,boundary,denial_tool,11,7188
random_0,qwen-b06-q4-HS,HS,6,answer_1,experience,13,3851
random_0,qwen-b06-q4-HS,HS,6,answer_1,denial_tool,11,7148
random_0,qwen-b06-q4-HS,HS,6,answer_2,experience,13,4693
random_0,qwen-b06-q4-HS,HS,6,answer_2,denial_tool,11,8041
random_0,qwen-b06-q4-HS,HS,6,answer_3,experience,13,3732
random_0,qwen-b06-q4-HS,HS,6,answer_3,denial_tool,11,8247
random_0,qwen-b06-q4-HS,HS,6,answer_4,experience,13,2151
random_0,qwen-b06-q4-HS,HS,6,answer_4,denial_tool,11,4419
random_0,qwen-b06-q4-HH,HH,6,boundary,experience,13,3578
random_0,qwen-b06-q4-HH,HH,6,boundary,denial_tool,11,6848
random_0,qwen-b06-q4-HH,HH,6,answer_1,experience,13,4095
random_0,qwen-b06-q4-HH,HH,6,answer_1,denial_tool,11,6669
random_0,qwen-b06-q4-HH,HH,6,answer_2,experience,13,5213
random_0,qwen-b06-q4-HH,HH,6,answer_2,denial_tool,11,8487
random_0,qwen-b06-q4-HH,HH,6,answer_3,experience,13,4386
random_0,qwen-b06-q4-HH,HH,6,answer_3,denial_tool,11,6467
random_0,qwen-b06-q4-HH,HH,6,answer_4,experience,13,4273
random_0,qwen-b06-q4-HH,HH,6,answer_4,denial_tool,11,4950
random_0,qwen-b07-q4-SS,SS,7,boundary,experience,13,3687
random_0,qwen-b07-q4-SS,SS,7,boundary,denial_tool,11,7465
random_0,qwen-b07-q4-SS,SS,7,answer_1,experience,13,7325
random_0,qwen-b07-q4-SS,SS,7,answer_1,denial_tool,11,10430
random_0,qwen-b07-q4-SS,SS,7,answer_2,experience,13,4020
random_0,qwen-b07-q4-SS,SS,7,answer_2,denial_tool,11,7418
random_0,qwen-b07-q4-SS,SS,7,answer_3,experience,13,3792
random_0,qwen-b07-q4-SS,SS,7,answer_3,denial_tool,11,7451
random_0,qwen-b07-q4-SS,SS,7,answer_4,experience,13,4832
random_0,qwen-b07-q4-SS,SS,7,answer_4,denial_tool,11,6253
random_0,qwen-b07-q4-SH,SH,7,boundary,experience,13,2988
random_0,qwen-b07-q4-SH,SH,7,boundary,denial_tool,11,7011
random_0,qwen-b07-q4-SH,SH,7,answer_1,experience,13,5298
random_0,qwen-b07-q4-SH,SH,7,answer_1,denial_tool,11,7101
random_0,qwen-b07-q4-SH,SH,7,answer_2,experience,13,4480
random_0,qwen-b07-q4-SH,SH,7,answer_2,denial_tool,11,9476
random_0,qwen-b07-q4-SH,SH,7,answer_3,experience,13,3058
random_0,qwen-b07-q4-SH,SH,7,answer_3,denial_tool,11,6323
random_0,qwen-b07-q4-SH,SH,7,answer_4,experience,13,3318
random_0,qwen-b07-q4-SH,SH,7,answer_4,denial_tool,11,4941
random_0,qwen-b07-q4-HS,HS,7,boundary,experience,13,5027
random_0,qwen-b07-q4-HS,HS,7,boundary,denial_tool,11,6904
random_0,qwen-b07-q4-HS,HS,7,answer_1,experience,13,3990
random_0,qwen-b07-q4-HS,HS,7,answer_1,denial_tool,11,7121
random_0,qwen-b07-q4-HS,HS,7,answer_2,experience,13,4392
random_0,qwen-b07-q4-HS,HS,7,answer_2,denial_tool,11,8349
random_0,qwen-b07-q4-HS,HS,7,answer_3,experience,13,4290
random_0,qwen-b07-q4-HS,HS,7,answer_3,denial_tool,11,8088
random_0,qwen-b07-q4-HS,HS,7,answer_4,experience,13,2257
random_0,qwen-b07-q4-HS,HS,7,answer_4,denial_tool,11,4206
random_0,qwen-b07-q4-HH,HH,7,boundary,experience,13,3397
random_0,qwen-b07-q4-HH,HH,7,boundary,denial_tool,11,7085
random_0,qwen-b07-q4-HH,HH,7,answer_1,experience,13,3887
random_0,qwen-b07-q4-HH,HH,7,answer_1,denial_tool,11,6079
random_0,qwen-b07-q4-HH,HH,7,answer_2,experience,13,5291
random_0,qwen-b07-q4-HH,HH,7,answer_2,denial_tool,11,9502
random_0,qwen-b07-q4-HH,HH,7,answer_3,experience,13,4382
random_0,qwen-b07-q4-HH,HH,7,answer_3,denial_tool,11,7233
random_0,qwen-b07-q4-HH,HH,7,answer_4,experience,13,4555
random_0,qwen-b07-q4-HH,HH,7,answer_4,denial_tool,11,5535
random_0,qwen-b08-q4-SS,SS,8,boundary,experience,13,3861
random_0,qwen-b08-q4-SS,SS,8,boundary,denial_tool,11,6623
random_0,qwen-b08-q4-SS,SS,8,answer_1,experience,13,5291
random_0,qwen-b08-q4-SS,SS,8,answer_1,denial_tool,11,7465
random_0,qwen-b08-q4-SS,SS,8,answer_2,experience,13,4610
random_0,qwen-b08-q4-SS,SS,8,answer_2,denial_tool,11,9881
random_0,qwen-b08-q4-SS,SS,8,answer_3,experience,13,2487
random_0,qwen-b08-q4-SS,SS,8,answer_3,denial_tool,11,5221
random_0,qwen-b08-q4-SS,SS,8,answer_4,experience,13,4054
random_0,qwen-b08-q4-SS,SS,8,answer_4,denial_tool,11,4458
random_0,qwen-b08-q4-SH,SH,8,boundary,experience,13,3078
random_0,qwen-b08-q4-SH,SH,8,boundary,denial_tool,11,7490
random_0,qwen-b08-q4-SH,SH,8,answer_1,experience,13,5050
random_0,qwen-b08-q4-SH,SH,8,answer_1,denial_tool,11,6636
random_0,qwen-b08-q4-SH,SH,8,answer_2,experience,13,5277
random_0,qwen-b08-q4-SH,SH,8,answer_2,denial_tool,11,10207
random_0,qwen-b08-q4-SH,SH,8,answer_3,experience,13,3122
random_0,qwen-b08-q4-SH,SH,8,answer_3,denial_tool,11,6645
random_0,qwen-b08-q4-SH,SH,8,answer_4,experience,13,3321
random_0,qwen-b08-q4-SH,SH,8,answer_4,denial_tool,11,5234
random_0,qwen-b08-q4-HS,HS,8,boundary,experience,13,5273
random_0,qwen-b08-q4-HS,HS,8,boundary,denial_tool,11,6600
random_0,qwen-b08-q4-HS,HS,8,answer_1,experience,13,4149
random_0,qwen-b08-q4-HS,HS,8,answer_1,denial_tool,11,7265
random_0,qwen-b08-q4-HS,HS,8,answer_2,experience,13,3926
random_0,qwen-b08-q4-HS,HS,8,answer_2,denial_tool,11,9169
random_0,qwen-b08-q4-HS,HS,8,answer_3,experience,13,3909
random_0,qwen-b08-q4-HS,HS,8,answer_3,denial_tool,11,8402
random_0,qwen-b08-q4-HS,HS,8,answer_4,experience,13,1940
random_0,qwen-b08-q4-HS,HS,8,answer_4,denial_tool,11,4365
random_0,qwen-b08-q4-HH,HH,8,boundary,experience,13,3336
random_0,qwen-b08-q4-HH,HH,8,boundary,denial_tool,11,7705
random_0,qwen-b08-q4-HH,HH,8,answer_1,experience,13,4686
random_0,qwen-b08-q4-HH,HH,8,answer_1,denial_tool,11,6150
random_0,qwen-b08-q4-HH,HH,8,answer_2,experience,13,6244
random_0,qwen-b08-q4-HH,HH,8,answer_2,denial_tool,11,8518
random_0,qwen-b08-q4-HH,HH,8,answer_3,experience,13,4500
random_0,qwen-b08-q4-HH,HH,8,answer_3,denial_tool,11,6095
random_0,qwen-b08-q4-HH,HH,8,answer_4,experience,13,4407
random_0,qwen-b08-q4-HH,HH,8,answer_4,denial_tool,11,5114
random_0,qwen-b09-q4-SS,SS,9,boundary,experience,13,4278
random_0,qwen-b09-q4-SS,SS,9,boundary,denial_tool,11,8201
random_0,qwen-b09-q4-SS,SS,9,answer_1,experience,13,7390
random_0,qwen-b09-q4-SS,SS,9,answer_1,denial_tool,11,10170
random_0,qwen-b09-q4-SS,SS,9,answer_2,experience,13,4042
random_0,qwen-b09-q4-SS,SS,9,answer_2,denial_tool,11,5992
random_0,qwen-b09-q4-SS,SS,9,answer_3,experience,13,3603
random_0,qwen-b09-q4-SS,SS,9,answer_3,denial_tool,11,7257
random_0,qwen-b09-q4-SS,SS,9,answer_4,experience,13,4023
random_0,qwen-b09-q4-SS,SS,9,answer_4,denial_tool,11,6399
random_0,qwen-b09-q4-SH,SH,9,boundary,experience,13,3391
random_0,qwen-b09-q4-SH,SH,9,boundary,denial_tool,11,7583
random_0,qwen-b09-q4-SH,SH,9,answer_1,experience,13,4980
random_0,qwen-b09-q4-SH,SH,9,answer_1,denial_tool,11,7379
random_0,qwen-b09-q4-SH,SH,9,answer_2,experience,13,5056
random_0,qwen-b09-q4-SH,SH,9,answer_2,denial_tool,11,10507
random_0,qwen-b09-q4-SH,SH,9,answer_3,experience,13,2801
random_0,qwen-b09-q4-SH,SH,9,answer_3,denial_tool,11,6423
random_0,qwen-b09-q4-SH,SH,9,answer_4,experience,13,3346
random_0,qwen-b09-q4-SH,SH,9,answer_4,denial_tool,11,5103
random_0,qwen-b09-q4-HS,HS,9,boundary,experience,13,5239
random_0,qwen-b09-q4-HS,HS,9,boundary,denial_tool,11,6512
random_0,qwen-b09-q4-HS,HS,9,answer_1,experience,13,2599
random_0,qwen-b09-q4-HS,HS,9,answer_1,denial_tool,11,5717
random_0,qwen-b09-q4-HS,HS,9,answer_2,experience,13,4579
random_0,qwen-b09-q4-HS,HS,9,answer_2,denial_tool,11,7881
random_0,qwen-b09-q4-HS,HS,9,answer_3,experience,13,3486
random_0,qwen-b09-q4-HS,HS,9,answer_3,denial_tool,11,9091
random_0,qwen-b09-q4-HS,HS,9,answer_4,experience,13,2986
random_0,qwen-b09-q4-HS,HS,9,answer_4,denial_tool,11,7425
random_0,qwen-b09-q4-HH,HH,9,boundary,experience,13,3004
random_0,qwen-b09-q4-HH,HH,9,boundary,denial_tool,11,7287
random_0,qwen-b09-q4-HH,HH,9,answer_1,experience,13,4057
random_0,qwen-b09-q4-HH,HH,9,answer_1,denial_tool,11,6452
random_0,qwen-b09-q4-HH,HH,9,answer_2,experience,13,5040
random_0,qwen-b09-q4-HH,HH,9,answer_2,denial_tool,11,8632
random_0,qwen-b09-q4-HH,HH,9,answer_3,experience,13,4736
random_0,qwen-b09-q4-HH,HH,9,answer_3,denial_tool,11,7708
random_0,qwen-b09-q4-HH,HH,9,answer_4,experience,13,4239
random_0,qwen-b09-q4-HH,HH,9,answer_4,denial_tool,11,5070
random_0,qwen-b10-q4-SS,SS,10,boundary,experience,13,4131
random_0,qwen-b10-q4-SS,SS,10,boundary,denial_tool,11,8405
random_0,qwen-b10-q4-SS,SS,10,answer_1,experience,13,4881
random_0,qwen-b10-q4-SS,SS,10,answer_1,denial_tool,11,7730
random_0,qwen-b10-q4-SS,SS,10,answer_2,experience,13,3174
random_0,qwen-b10-q4-SS,SS,10,answer_2,denial_tool,11,9542
random_0,qwen-b10-q4-SS,SS,10,answer_3,experience,13,2816
random_0,qwen-b10-q4-SS,SS,10,answer_3,denial_tool,11,4796
random_0,qwen-b10-q4-SS,SS,10,answer_4,experience,13,3733
random_0,qwen-b10-q4-SS,SS,10,answer_4,denial_tool,11,4449
random_0,qwen-b10-q4-SH,SH,10,boundary,experience,13,3115
random_0,qwen-b10-q4-SH,SH,10,boundary,denial_tool,11,8276
random_0,qwen-b10-q4-SH,SH,10,answer_1,experience,13,4981
random_0,qwen-b10-q4-SH,SH,10,answer_1,denial_tool,11,7156
random_0,qwen-b10-q4-SH,SH,10,answer_2,experience,13,4280
random_0,qwen-b10-q4-SH,SH,10,answer_2,denial_tool,11,9772
random_0,qwen-b10-q4-SH,SH,10,answer_3,experience,13,2908
random_0,qwen-b10-q4-SH,SH,10,answer_3,denial_tool,11,6500
random_0,qwen-b10-q4-SH,SH,10,answer_4,experience,13,3513
random_0,qwen-b10-q4-SH,SH,10,answer_4,denial_tool,11,4910
random_0,qwen-b10-q4-HS,HS,10,boundary,experience,13,6211
random_0,qwen-b10-q4-HS,HS,10,boundary,denial_tool,11,8081
random_0,qwen-b10-q4-HS,HS,10,answer_1,experience,13,5274
random_0,qwen-b10-q4-HS,HS,10,answer_1,denial_tool,11,9862
random_0,qwen-b10-q4-HS,HS,10,answer_2,experience,13,6725
random_0,qwen-b10-q4-HS,HS,10,answer_2,denial_tool,11,9134
random_0,qwen-b10-q4-HS,HS,10,answer_3,experience,13,2550
random_0,qwen-b10-q4-HS,HS,10,answer_3,denial_tool,11,5843
random_0,qwen-b10-q4-HS,HS,10,answer_4,experience,13,3549
random_0,qwen-b10-q4-HS,HS,10,answer_4,denial_tool,11,4579
random_0,qwen-b10-q4-HH,HH,10,boundary,experience,13,3287
random_0,qwen-b10-q4-HH,HH,10,boundary,denial_tool,11,7393
random_0,qwen-b10-q4-HH,HH,10,answer_1,experience,13,4275
random_0,qwen-b10-q4-HH,HH,10,answer_1,denial_tool,11,6076
random_0,qwen-b10-q4-HH,HH,10,answer_2,experience,13,5158
random_0,qwen-b10-q4-HH,HH,10,answer_2,denial_tool,11,8365
random_0,qwen-b10-q4-HH,HH,10,answer_3,experience,13,3768
random_0,qwen-b10-q4-HH,HH,10,answer_3,denial_tool,11,6579
random_0,qwen-b10-q4-HH,HH,10,answer_4,experience,13,4383
random_0,qwen-b10-q4-HH,HH,10,answer_4,denial_tool,11,5122
random_0,qwen-b11-q4-SS,SS,11,boundary,experience,13,3456
random_0,qwen-b11-q4-SS,SS,11,boundary,denial_tool,11,7540
random_0,qwen-b11-q4-SS,SS,11,answer_1,experience,13,4737
random_0,qwen-b11-q4-SS,SS,11,answer_1,denial_tool,11,8460
random_0,qwen-b11-q4-SS,SS,11,answer_2,experience,13,3535
random_0,qwen-b11-q4-SS,SS,11,answer_2,denial_tool,11,9743
random_0,qwen-b11-q4-SS,SS,11,answer_3,experience,13,2555
random_0,qwen-b11-q4-SS,SS,11,answer_3,denial_tool,11,5071
random_0,qwen-b11-q4-SS,SS,11,answer_4,experience,13,3809
random_0,qwen-b11-q4-SS,SS,11,answer_4,denial_tool,11,4608
random_0,qwen-b11-q4-SH,SH,11,boundary,experience,13,3063
random_0,qwen-b11-q4-SH,SH,11,boundary,denial_tool,11,7751
random_0,qwen-b11-q4-SH,SH,11,answer_1,experience,13,5291
random_0,qwen-b11-q4-SH,SH,11,answer_1,denial_tool,11,7183
random_0,qwen-b11-q4-SH,SH,11,answer_2,experience,13,5500
random_0,qwen-b11-q4-SH,SH,11,answer_2,denial_tool,11,10214
random_0,qwen-b11-q4-SH,SH,11,answer_3,experience,13,2831
random_0,qwen-b11-q4-SH,SH,11,answer_3,denial_tool,11,6124
random_0,qwen-b11-q4-SH,SH,11,answer_4,experience,13,3363
random_0,qwen-b11-q4-SH,SH,11,answer_4,denial_tool,11,5070
random_0,qwen-b11-q4-HS,HS,11,boundary,experience,13,4416
random_0,qwen-b11-q4-HS,HS,11,boundary,denial_tool,11,8714
random_0,qwen-b11-q4-HS,HS,11,answer_1,experience,13,5078
random_0,qwen-b11-q4-HS,HS,11,answer_1,denial_tool,11,9030
random_0,qwen-b11-q4-HS,HS,11,answer_2,experience,13,6196
random_0,qwen-b11-q4-HS,HS,11,answer_2,denial_tool,11,9133
random_0,qwen-b11-q4-HS,HS,11,answer_3,experience,13,2477
random_0,qwen-b11-q4-HS,HS,11,answer_3,denial_tool,11,6236
random_0,qwen-b11-q4-HS,HS,11,answer_4,experience,13,3659
random_0,qwen-b11-q4-HS,HS,11,answer_4,denial_tool,11,4944
random_0,qwen-b11-q4-HH,HH,11,boundary,experience,13,3173
random_0,qwen-b11-q4-HH,HH,11,boundary,denial_tool,11,7487
random_0,qwen-b11-q4-HH,HH,11,answer_1,experience,13,4220
random_0,qwen-b11-q4-HH,HH,11,answer_1,denial_tool,11,7313
random_0,qwen-b11-q4-HH,HH,11,answer_2,experience,13,4536
random_0,qwen-b11-q4-HH,HH,11,answer_2,denial_tool,11,7410
random_0,qwen-b11-q4-HH,HH,11,answer_3,experience,13,4657
random_0,qwen-b11-q4-HH,HH,11,answer_3,denial_tool,11,7208
random_0,qwen-b11-q4-HH,HH,11,answer_4,experience,13,4211
random_0,qwen-b11-q4-HH,HH,11,answer_4,denial_tool,11,5291
random_0,qwen-b12-q4-SS,SS,12,boundary,experience,13,3746
random_0,qwen-b12-q4-SS,SS,12,boundary,denial_tool,11,6878
random_0,qwen-b12-q4-SS,SS,12,answer_1,experience,13,5123
random_0,qwen-b12-q4-SS,SS,12,answer_1,denial_tool,11,7723
random_0,qwen-b12-q4-SS,SS,12,answer_2,experience,13,4014
random_0,qwen-b12-q4-SS,SS,12,answer_2,denial_tool,11,9193
random_0,qwen-b12-q4-SS,SS,12,answer_3,experience,13,3109
random_0,qwen-b12-q4-SS,SS,12,answer_3,denial_tool,11,5065
random_0,qwen-b12-q4-SS,SS,12,answer_4,experience,13,3749
random_0,qwen-b12-q4-SS,SS,12,answer_4,denial_tool,11,4707
random_0,qwen-b12-q4-SH,SH,12,boundary,experience,13,2855
random_0,qwen-b12-q4-SH,SH,12,boundary,denial_tool,11,8586
random_0,qwen-b12-q4-SH,SH,12,answer_1,experience,13,4994
random_0,qwen-b12-q4-SH,SH,12,answer_1,denial_tool,11,6996
random_0,qwen-b12-q4-SH,SH,12,answer_2,experience,13,4536
random_0,qwen-b12-q4-SH,SH,12,answer_2,denial_tool,11,9825
random_0,qwen-b12-q4-SH,SH,12,answer_3,experience,13,3082
random_0,qwen-b12-q4-SH,SH,12,answer_3,denial_tool,11,6250
random_0,qwen-b12-q4-SH,SH,12,answer_4,experience,13,3320
random_0,qwen-b12-q4-SH,SH,12,answer_4,denial_tool,11,5256
random_0,qwen-b12-q4-HS,HS,12,boundary,experience,13,4642
random_0,qwen-b12-q4-HS,HS,12,boundary,denial_tool,11,7227
random_0,qwen-b12-q4-HS,HS,12,answer_1,experience,13,2192
random_0,qwen-b12-q4-HS,HS,12,answer_1,denial_tool,11,5746
random_0,qwen-b12-q4-HS,HS,12,answer_2,experience,13,4288
random_0,qwen-b12-q4-HS,HS,12,answer_2,denial_tool,11,8058
random_0,qwen-b12-q4-HS,HS,12,answer_3,experience,13,3014
random_0,qwen-b12-q4-HS,HS,12,answer_3,denial_tool,11,8955
random_0,qwen-b12-q4-HS,HS,12,answer_4,experience,13,2125
random_0,qwen-b12-q4-HS,HS,12,answer_4,denial_tool,11,6503
random_0,qwen-b12-q4-HH,HH,12,boundary,experience,13,3258
random_0,qwen-b12-q4-HH,HH,12,boundary,denial_tool,11,7526
random_0,qwen-b12-q4-HH,HH,12,answer_1,experience,13,4054
random_0,qwen-b12-q4-HH,HH,12,answer_1,denial_tool,11,6767
random_0,qwen-b12-q4-HH,HH,12,answer_2,experience,13,5542
random_0,qwen-b12-q4-HH,HH,12,answer_2,denial_tool,11,9280
random_0,qwen-b12-q4-HH,HH,12,answer_3,experience,13,3635
random_0,qwen-b12-q4-HH,HH,12,answer_3,denial_tool,11,6849
random_0,qwen-b12-q4-HH,HH,12,answer_4,experience,13,4435
random_0,qwen-b12-q4-HH,HH,12,answer_4,denial_tool,11,5146
random_0,qwen-b13-q4-SS,SS,13,boundary,experience,13,4139
random_0,qwen-b13-q4-SS,SS,13,boundary,denial_tool,11,8079
random_0,qwen-b13-q4-SS,SS,13,answer_1,experience,13,4855
random_0,qwen-b13-q4-SS,SS,13,answer_1,denial_tool,11,8779
random_0,qwen-b13-q4-SS,SS,13,answer_2,experience,13,4404
random_0,qwen-b13-q4-SS,SS,13,answer_2,denial_tool,11,9377
random_0,qwen-b13-q4-SS,SS,13,answer_3,experience,13,2772
random_0,qwen-b13-q4-SS,SS,13,answer_3,denial_tool,11,4955
random_0,qwen-b13-q4-SS,SS,13,answer_4,experience,13,3957
random_0,qwen-b13-q4-SS,SS,13,answer_4,denial_tool,11,4519
random_0,qwen-b13-q4-SH,SH,13,boundary,experience,13,3540
random_0,qwen-b13-q4-SH,SH,13,boundary,denial_tool,11,8000
random_0,qwen-b13-q4-SH,SH,13,answer_1,experience,13,4953
random_0,qwen-b13-q4-SH,SH,13,answer_1,denial_tool,11,7510
random_0,qwen-b13-q4-SH,SH,13,answer_2,experience,13,4675
random_0,qwen-b13-q4-SH,SH,13,answer_2,denial_tool,11,9828
random_0,qwen-b13-q4-SH,SH,13,answer_3,experience,13,3040
random_0,qwen-b13-q4-SH,SH,13,answer_3,denial_tool,11,6307
random_0,qwen-b13-q4-SH,SH,13,answer_4,experience,13,3448
random_0,qwen-b13-q4-SH,SH,13,answer_4,denial_tool,11,4937
random_0,qwen-b13-q4-HS,HS,13,boundary,experience,13,5364
random_0,qwen-b13-q4-HS,HS,13,boundary,denial_tool,11,7182
random_0,qwen-b13-q4-HS,HS,13,answer_1,experience,13,4445
random_0,qwen-b13-q4-HS,HS,13,answer_1,denial_tool,11,7495
random_0,qwen-b13-q4-HS,HS,13,answer_2,experience,13,4950
random_0,qwen-b13-q4-HS,HS,13,answer_2,denial_tool,11,9126
random_0,qwen-b13-q4-HS,HS,13,answer_3,experience,13,3550
random_0,qwen-b13-q4-HS,HS,13,answer_3,denial_tool,11,7189
random_0,qwen-b13-q4-HS,HS,13,answer_4,experience,13,1900
random_0,qwen-b13-q4-HS,HS,13,answer_4,denial_tool,11,4996
random_0,qwen-b13-q4-HH,HH,13,boundary,experience,13,3534
random_0,qwen-b13-q4-HH,HH,13,boundary,denial_tool,11,6911
random_0,qwen-b13-q4-HH,HH,13,answer_1,experience,13,3912
random_0,qwen-b13-q4-HH,HH,13,answer_1,denial_tool,11,6406
random_0,qwen-b13-q4-HH,HH,13,answer_2,experience,13,5421
random_0,qwen-b13-q4-HH,HH,13,answer_2,denial_tool,11,8669
random_0,qwen-b13-q4-HH,HH,13,answer_3,experience,13,3819
random_0,qwen-b13-q4-HH,HH,13,answer_3,denial_tool,11,6051
random_0,qwen-b13-q4-HH,HH,13,answer_4,experience,13,4470
random_0,qwen-b13-q4-HH,HH,13,answer_4,denial_tool,11,5372
random_0,qwen-b14-q4-SS,SS,14,boundary,experience,13,3873
random_0,qwen-b14-q4-SS,SS,14,boundary,denial_tool,11,6884
random_0,qwen-b14-q4-SS,SS,14,answer_1,experience,13,7898
random_0,qwen-b14-q4-SS,SS,14,answer_1,denial_tool,11,11243
random_0,qwen-b14-q4-SS,SS,14,answer_2,experience,13,3881
random_0,qwen-b14-q4-SS,SS,14,answer_2,denial_tool,11,6527
random_0,qwen-b14-q4-SS,SS,14,answer_3,experience,13,3788
random_0,qwen-b14-q4-SS,SS,14,answer_3,denial_tool,11,6602
random_0,qwen-b14-q4-SS,SS,14,answer_4,experience,13,4718
random_0,qwen-b14-q4-SS,SS,14,answer_4,denial_tool,11,6613
random_0,qwen-b14-q4-SH,SH,14,boundary,experience,13,2867
random_0,qwen-b14-q4-SH,SH,14,boundary,denial_tool,11,7139
random_0,qwen-b14-q4-SH,SH,14,answer_1,experience,13,5018
random_0,qwen-b14-q4-SH,SH,14,answer_1,denial_tool,11,7703
random_0,qwen-b14-q4-SH,SH,14,answer_2,experience,13,4619
random_0,qwen-b14-q4-SH,SH,14,answer_2,denial_tool,11,9881
random_0,qwen-b14-q4-SH,SH,14,answer_3,experience,13,3040
random_0,qwen-b14-q4-SH,SH,14,answer_3,denial_tool,11,6116
random_0,qwen-b14-q4-SH,SH,14,answer_4,experience,13,3396
random_0,qwen-b14-q4-SH,SH,14,answer_4,denial_tool,11,4792
random_0,qwen-b14-q4-HS,HS,14,boundary,experience,13,4724
random_0,qwen-b14-q4-HS,HS,14,boundary,denial_tool,11,7042
random_0,qwen-b14-q4-HS,HS,14,answer_1,experience,13,3355
random_0,qwen-b14-q4-HS,HS,14,answer_1,denial_tool,11,7380
random_0,qwen-b14-q4-HS,HS,14,answer_2,experience,13,3176
random_0,qwen-b14-q4-HS,HS,14,answer_2,denial_tool,11,9291
random_0,qwen-b14-q4-HS,HS,14,answer_3,experience,13,4155
random_0,qwen-b14-q4-HS,HS,14,answer_3,denial_tool,11,7550
random_0,qwen-b14-q4-HS,HS,14,answer_4,experience,13,2890
random_0,qwen-b14-q4-HS,HS,14,answer_4,denial_tool,11,4358
random_0,qwen-b14-q4-HH,HH,14,boundary,experience,13,3327
random_0,qwen-b14-q4-HH,HH,14,boundary,denial_tool,11,7173
random_0,qwen-b14-q4-HH,HH,14,answer_1,experience,13,4466
random_0,qwen-b14-q4-HH,HH,14,answer_1,denial_tool,11,5913
random_0,qwen-b14-q4-HH,HH,14,answer_2,experience,13,4856
random_0,qwen-b14-q4-HH,HH,14,answer_2,denial_tool,11,8568
random_0,qwen-b14-q4-HH,HH,14,answer_3,experience,13,4123
random_0,qwen-b14-q4-HH,HH,14,answer_3,denial_tool,11,6555
random_0,qwen-b14-q4-HH,HH,14,answer_4,experience,13,4668
random_0,qwen-b14-q4-HH,HH,14,answer_4,denial_tool,11,5584
random_0,qwen-b15-q4-SS,SS,15,boundary,experience,13,3994
random_0,qwen-b15-q4-SS,SS,15,boundary,denial_tool,11,8428
random_0,qwen-b15-q4-SS,SS,15,answer_1,experience,13,4514
random_0,qwen-b15-q4-SS,SS,15,answer_1,denial_tool,11,7093
random_0,qwen-b15-q4-SS,SS,15,answer_2,experience,13,3387
random_0,qwen-b15-q4-SS,SS,15,answer_2,denial_tool,11,9059
random_0,qwen-b15-q4-SS,SS,15,answer_3,experience,13,2782
random_0,qwen-b15-q4-SS,SS,15,answer_3,denial_tool,11,4807
random_0,qwen-b15-q4-SS,SS,15,answer_4,experience,13,4016
random_0,qwen-b15-q4-SS,SS,15,answer_4,denial_tool,11,4460
random_0,qwen-b15-q4-SH,SH,15,boundary,experience,13,3065
random_0,qwen-b15-q4-SH,SH,15,boundary,denial_tool,11,7980
random_0,qwen-b15-q4-SH,SH,15,answer_1,experience,13,4918
random_0,qwen-b15-q4-SH,SH,15,answer_1,denial_tool,11,8174
random_0,qwen-b15-q4-SH,SH,15,answer_2,experience,13,5437
random_0,qwen-b15-q4-SH,SH,15,answer_2,denial_tool,11,9493
random_0,qwen-b15-q4-SH,SH,15,answer_3,experience,13,2820
random_0,qwen-b15-q4-SH,SH,15,answer_3,denial_tool,11,5976
random_0,qwen-b15-q4-SH,SH,15,answer_4,experience,13,3428
random_0,qwen-b15-q4-SH,SH,15,answer_4,denial_tool,11,4974
random_0,qwen-b15-q4-HS,HS,15,boundary,experience,13,5274
random_0,qwen-b15-q4-HS,HS,15,boundary,denial_tool,11,7764
random_0,qwen-b15-q4-HS,HS,15,answer_1,experience,13,6602
random_0,qwen-b15-q4-HS,HS,15,answer_1,denial_tool,11,9859
random_0,qwen-b15-q4-HS,HS,15,answer_2,experience,13,4066
random_0,qwen-b15-q4-HS,HS,15,answer_2,denial_tool,11,4084
random_0,qwen-b15-q4-HS,HS,15,answer_3,experience,13,3719
random_0,qwen-b15-q4-HS,HS,15,answer_3,denial_tool,11,7992
random_0,qwen-b15-q4-HS,HS,15,answer_4,experience,13,5287
random_0,qwen-b15-q4-HS,HS,15,answer_4,denial_tool,11,4657
random_0,qwen-b15-q4-HH,HH,15,boundary,experience,13,3069
random_0,qwen-b15-q4-HH,HH,15,boundary,denial_tool,11,7525
random_0,qwen-b15-q4-HH,HH,15,answer_1,experience,13,4125
random_0,qwen-b15-q4-HH,HH,15,answer_1,denial_tool,11,6635
random_0,qwen-b15-q4-HH,HH,15,answer_2,experience,13,5105
random_0,qwen-b15-q4-HH,HH,15,answer_2,denial_tool,11,8770
random_0,qwen-b15-q4-HH,HH,15,answer_3,experience,13,3663
random_0,qwen-b15-q4-HH,HH,15,answer_3,denial_tool,11,7334
random_0,qwen-b15-q4-HH,HH,15,answer_4,experience,13,4710
random_0,qwen-b15-q4-HH,HH,15,answer_4,denial_tool,11,5617
random_0,qwen-b16-q4-SS,SS,16,boundary,experience,13,3868
random_0,qwen-b16-q4-SS,SS,16,boundary,denial_tool,11,7496
random_0,qwen-b16-q4-SS,SS,16,answer_1,experience,13,5211
random_0,qwen-b16-q4-SS,SS,16,answer_1,denial_tool,11,8654
random_0,qwen-b16-q4-SS,SS,16,answer_2,experience,13,4521
random_0,qwen-b16-q4-SS,SS,16,answer_2,denial_tool,11,9730
random_0,qwen-b16-q4-SS,SS,16,answer_3,experience,13,2913
random_0,qwen-b16-q4-SS,SS,16,answer_3,denial_tool,11,5244
random_0,qwen-b16-q4-SS,SS,16,answer_4,experience,13,3787
random_0,qwen-b16-q4-SS,SS,16,answer_4,denial_tool,11,4630
random_0,qwen-b16-q4-SH,SH,16,boundary,experience,13,2958
random_0,qwen-b16-q4-SH,SH,16,boundary,denial_tool,11,7847
random_0,qwen-b16-q4-SH,SH,16,answer_1,experience,13,4801
random_0,qwen-b16-q4-SH,SH,16,answer_1,denial_tool,11,6104
random_0,qwen-b16-q4-SH,SH,16,answer_2,experience,13,4318
random_0,qwen-b16-q4-SH,SH,16,answer_2,denial_tool,11,10193
random_0,qwen-b16-q4-SH,SH,16,answer_3,experience,13,3128
random_0,qwen-b16-q4-SH,SH,16,answer_3,denial_tool,11,6656
random_0,qwen-b16-q4-SH,SH,16,answer_4,experience,13,3336
random_0,qwen-b16-q4-SH,SH,16,answer_4,denial_tool,11,5252
random_0,qwen-b16-q4-HS,HS,16,boundary,experience,13,5365
random_0,qwen-b16-q4-HS,HS,16,boundary,denial_tool,11,7250
random_0,qwen-b16-q4-HS,HS,16,answer_1,experience,13,5399
random_0,qwen-b16-q4-HS,HS,16,answer_1,denial_tool,11,10696
random_0,qwen-b16-q4-HS,HS,16,answer_2,experience,13,5255
random_0,qwen-b16-q4-HS,HS,16,answer_2,denial_tool,11,9428
random_0,qwen-b16-q4-HS,HS,16,answer_3,experience,13,2249
random_0,qwen-b16-q4-HS,HS,16,answer_3,denial_tool,11,6057
random_0,qwen-b16-q4-HS,HS,16,answer_4,experience,13,3456
random_0,qwen-b16-q4-HS,HS,16,answer_4,denial_tool,11,4682
random_0,qwen-b16-q4-HH,HH,16,boundary,experience,13,3576
random_0,qwen-b16-q4-HH,HH,16,boundary,denial_tool,11,7123
random_0,qwen-b16-q4-HH,HH,16,answer_1,experience,13,4060
random_0,qwen-b16-q4-HH,HH,16,answer_1,denial_tool,11,6418
random_0,qwen-b16-q4-HH,HH,16,answer_2,experience,13,5074
random_0,qwen-b16-q4-HH,HH,16,answer_2,denial_tool,11,9331
random_0,qwen-b16-q4-HH,HH,16,answer_3,experience,13,4190
random_0,qwen-b16-q4-HH,HH,16,answer_3,denial_tool,11,5872
random_0,qwen-b16-q4-HH,HH,16,answer_4,experience,13,4527
random_0,qwen-b16-q4-HH,HH,16,answer_4,denial_tool,11,4989
random_0,qwen-b17-q4-SS,SS,17,boundary,experience,13,3819
random_0,qwen-b17-q4-SS,SS,17,boundary,denial_tool,11,7356
random_0,qwen-b17-q4-SS,SS,17,answer_1,experience,13,5448
random_0,qwen-b17-q4-SS,SS,17,answer_1,denial_tool,11,8390
random_0,qwen-b17-q4-SS,SS,17,answer_2,experience,13,4332
random_0,qwen-b17-q4-SS,SS,17,answer_2,denial_tool,11,9560
random_0,qwen-b17-q4-SS,SS,17,answer_3,experience,13,2630
random_0,qwen-b17-q4-SS,SS,17,answer_3,denial_tool,11,4942
random_0,qwen-b17-q4-SS,SS,17,answer_4,experience,13,3899
random_0,qwen-b17-q4-SS,SS,17,answer_4,denial_tool,11,4527
random_0,qwen-b17-q4-SH,SH,17,boundary,experience,13,2807
random_0,qwen-b17-q4-SH,SH,17,boundary,denial_tool,11,8528
random_0,qwen-b17-q4-SH,SH,17,answer_1,experience,13,5096
random_0,qwen-b17-q4-SH,SH,17,answer_1,denial_tool,11,7138
random_0,qwen-b17-q4-SH,SH,17,answer_2,experience,13,4588
random_0,qwen-b17-q4-SH,SH,17,answer_2,denial_tool,11,10055
random_0,qwen-b17-q4-SH,SH,17,answer_3,experience,13,3122
random_0,qwen-b17-q4-SH,SH,17,answer_3,denial_tool,11,6562
random_0,qwen-b17-q4-SH,SH,17,answer_4,experience,13,3357
random_0,qwen-b17-q4-SH,SH,17,answer_4,denial_tool,11,5120
random_0,qwen-b17-q4-HS,HS,17,boundary,experience,13,4646
random_0,qwen-b17-q4-HS,HS,17,boundary,denial_tool,11,9150
random_0,qwen-b17-q4-HS,HS,17,answer_1,experience,13,6294
random_0,qwen-b17-q4-HS,HS,17,answer_1,denial_tool,11,9429
random_0,qwen-b17-q4-HS,HS,17,answer_2,experience,13,3825
random_0,qwen-b17-q4-HS,HS,17,answer_2,denial_tool,11,3954
random_0,qwen-b17-q4-HS,HS,17,answer_3,experience,13,3106
random_0,qwen-b17-q4-HS,HS,17,answer_3,denial_tool,11,10713
random_0,qwen-b17-q4-HS,HS,17,answer_4,experience,13,5533
random_0,qwen-b17-q4-HS,HS,17,answer_4,denial_tool,11,5349
random_0,qwen-b17-q4-HH,HH,17,boundary,experience,13,3197
random_0,qwen-b17-q4-HH,HH,17,boundary,denial_tool,11,7071
random_0,qwen-b17-q4-HH,HH,17,answer_1,experience,13,4008
random_0,qwen-b17-q4-HH,HH,17,answer_1,denial_tool,11,6283
random_0,qwen-b17-q4-HH,HH,17,answer_2,experience,13,4709
random_0,qwen-b17-q4-HH,HH,17,answer_2,denial_tool,11,8394
random_0,qwen-b17-q4-HH,HH,17,answer_3,experience,13,4693
random_0,qwen-b17-q4-HH,HH,17,answer_3,denial_tool,11,6683
random_0,qwen-b17-q4-HH,HH,17,answer_4,experience,13,4415
random_0,qwen-b17-q4-HH,HH,17,answer_4,denial_tool,11,5887
random_0,qwen-b18-q4-SS,SS,18,boundary,experience,13,3534
random_0,qwen-b18-q4-SS,SS,18,boundary,denial_tool,11,7716
random_0,qwen-b18-q4-SS,SS,18,answer_1,experience,13,4796
random_0,qwen-b18-q4-SS,SS,18,answer_1,denial_tool,11,7001
random_0,qwen-b18-q4-SS,SS,18,answer_2,experience,13,4055
random_0,qwen-b18-q4-SS,SS,18,answer_2,denial_tool,11,7103
random_0,qwen-b18-q4-SS,SS,18,answer_3,experience,13,3565
random_0,qwen-b18-q4-SS,SS,18,answer_3,denial_tool,11,6063
random_0,qwen-b18-q4-SS,SS,18,answer_4,experience,13,4097
random_0,qwen-b18-q4-SS,SS,18,answer_4,denial_tool,11,4590
random_0,qwen-b18-q4-SH,SH,18,boundary,experience,13,3617
random_0,qwen-b18-q4-SH,SH,18,boundary,denial_tool,11,9810
random_0,qwen-b18-q4-SH,SH,18,answer_1,experience,13,4944
random_0,qwen-b18-q4-SH,SH,18,answer_1,denial_tool,11,7587
random_0,qwen-b18-q4-SH,SH,18,answer_2,experience,13,5168
random_0,qwen-b18-q4-SH,SH,18,answer_2,denial_tool,11,10098
random_0,qwen-b18-q4-SH,SH,18,answer_3,experience,13,2719
random_0,qwen-b18-q4-SH,SH,18,answer_3,denial_tool,11,6001
random_0,qwen-b18-q4-SH,SH,18,answer_4,experience,13,3423
random_0,qwen-b18-q4-SH,SH,18,answer_4,denial_tool,11,5029
random_0,qwen-b18-q4-HS,HS,18,boundary,experience,13,5300
random_0,qwen-b18-q4-HS,HS,18,boundary,denial_tool,11,7262
random_0,qwen-b18-q4-HS,HS,18,answer_1,experience,13,3748
random_0,qwen-b18-q4-HS,HS,18,answer_1,denial_tool,11,6933
random_0,qwen-b18-q4-HS,HS,18,answer_2,experience,13,4997
random_0,qwen-b18-q4-HS,HS,18,answer_2,denial_tool,11,9191
random_0,qwen-b18-q4-HS,HS,18,answer_3,experience,13,4567
random_0,qwen-b18-q4-HS,HS,18,answer_3,denial_tool,11,7994
random_0,qwen-b18-q4-HS,HS,18,answer_4,experience,13,2562
random_0,qwen-b18-q4-HS,HS,18,answer_4,denial_tool,11,4792
random_0,qwen-b18-q4-HH,HH,18,boundary,experience,13,3134
random_0,qwen-b18-q4-HH,HH,18,boundary,denial_tool,11,7381
random_0,qwen-b18-q4-HH,HH,18,answer_1,experience,13,4132
random_0,qwen-b18-q4-HH,HH,18,answer_1,denial_tool,11,6027
random_0,qwen-b18-q4-HH,HH,18,answer_2,experience,13,4919
random_0,qwen-b18-q4-HH,HH,18,answer_2,denial_tool,11,9282
random_0,qwen-b18-q4-HH,HH,18,answer_3,experience,13,4262
random_0,qwen-b18-q4-HH,HH,18,answer_3,denial_tool,11,6979
random_0,qwen-b18-q4-HH,HH,18,answer_4,experience,13,4854
random_0,qwen-b18-q4-HH,HH,18,answer_4,denial_tool,11,5478
random_0,qwen-b19-q4-SS,SS,19,boundary,experience,13,3747
random_0,qwen-b19-q4-SS,SS,19,boundary,denial_tool,11,7266
random_0,qwen-b19-q4-SS,SS,19,answer_1,experience,13,5531
random_0,qwen-b19-q4-SS,SS,19,answer_1,denial_tool,11,7327
random_0,qwen-b19-q4-SS,SS,19,answer_2,experience,13,4045
random_0,qwen-b19-q4-SS,SS,19,answer_2,denial_tool,11,9743
random_0,qwen-b19-q4-SS,SS,19,answer_3,experience,13,2633
random_0,qwen-b19-q4-SS,SS,19,answer_3,denial_tool,11,5038
random_0,qwen-b19-q4-SS,SS,19,answer_4,experience,13,3993
random_0,qwen-b19-q4-SS,SS,19,answer_4,denial_tool,11,4374
random_0,qwen-b19-q4-SH,SH,19,boundary,experience,13,3254
random_0,qwen-b19-q4-SH,SH,19,boundary,denial_tool,11,8255
random_0,qwen-b19-q4-SH,SH,19,answer_1,experience,13,5192
random_0,qwen-b19-q4-SH,SH,19,answer_1,denial_tool,11,7798
random_0,qwen-b19-q4-SH,SH,19,answer_2,experience,13,5741
random_0,qwen-b19-q4-SH,SH,19,answer_2,denial_tool,11,10554
random_0,qwen-b19-q4-SH,SH,19,answer_3,experience,13,2880
random_0,qwen-b19-q4-SH,SH,19,answer_3,denial_tool,11,6366
random_0,qwen-b19-q4-SH,SH,19,answer_4,experience,13,3440
random_0,qwen-b19-q4-SH,SH,19,answer_4,denial_tool,11,5057
random_0,qwen-b19-q4-HS,HS,19,boundary,experience,13,5141
random_0,qwen-b19-q4-HS,HS,19,boundary,denial_tool,11,7561
random_0,qwen-b19-q4-HS,HS,19,answer_1,experience,13,4185
random_0,qwen-b19-q4-HS,HS,19,answer_1,denial_tool,11,7448
random_0,qwen-b19-q4-HS,HS,19,answer_2,experience,13,4041
random_0,qwen-b19-q4-HS,HS,19,answer_2,denial_tool,11,8405
random_0,qwen-b19-q4-HS,HS,19,answer_3,experience,13,3771
random_0,qwen-b19-q4-HS,HS,19,answer_3,denial_tool,11,7139
random_0,qwen-b19-q4-HS,HS,19,answer_4,experience,13,1858
random_0,qwen-b19-q4-HS,HS,19,answer_4,denial_tool,11,4520
random_0,qwen-b19-q4-HH,HH,19,boundary,experience,13,3098
random_0,qwen-b19-q4-HH,HH,19,boundary,denial_tool,11,7054
random_0,qwen-b19-q4-HH,HH,19,answer_1,experience,13,4215
random_0,qwen-b19-q4-HH,HH,19,answer_1,denial_tool,11,6718
random_0,qwen-b19-q4-HH,HH,19,answer_2,experience,13,4533
random_0,qwen-b19-q4-HH,HH,19,answer_2,denial_tool,11,8111
random_0,qwen-b19-q4-HH,HH,19,answer_3,experience,13,3763
random_0,qwen-b19-q4-HH,HH,19,answer_3,denial_tool,11,6839
random_0,qwen-b19-q4-HH,HH,19,answer_4,experience,13,4342
random_0,qwen-b19-q4-HH,HH,19,answer_4,denial_tool,11,5686
random_0,qwen-b20-q4-SS,SS,20,boundary,experience,13,3827
random_0,qwen-b20-q4-SS,SS,20,boundary,denial_tool,11,6843
random_0,qwen-b20-q4-SS,SS,20,answer_1,experience,13,4925
random_0,qwen-b20-q4-SS,SS,20,answer_1,denial_tool,11,7382
random_0,qwen-b20-q4-SS,SS,20,answer_2,experience,13,4444
random_0,qwen-b20-q4-SS,SS,20,answer_2,denial_tool,11,9203
random_0,qwen-b20-q4-SS,SS,20,answer_3,experience,13,3213
random_0,qwen-b20-q4-SS,SS,20,answer_3,denial_tool,11,5192
random_0,qwen-b20-q4-SS,SS,20,answer_4,experience,13,4083
random_0,qwen-b20-q4-SS,SS,20,answer_4,denial_tool,11,4437
random_0,qwen-b20-q4-SH,SH,20,boundary,experience,13,3191
random_0,qwen-b20-q4-SH,SH,20,boundary,denial_tool,11,8383
random_0,qwen-b20-q4-SH,SH,20,answer_1,experience,13,5281
random_0,qwen-b20-q4-SH,SH,20,answer_1,denial_tool,11,6961
random_0,qwen-b20-q4-SH,SH,20,answer_2,experience,13,4831
random_0,qwen-b20-q4-SH,SH,20,answer_2,denial_tool,11,10253
random_0,qwen-b20-q4-SH,SH,20,answer_3,experience,13,2824
random_0,qwen-b20-q4-SH,SH,20,answer_3,denial_tool,11,6061
random_0,qwen-b20-q4-SH,SH,20,answer_4,experience,13,3386
random_0,qwen-b20-q4-SH,SH,20,answer_4,denial_tool,11,5105
random_0,qwen-b20-q4-HS,HS,20,boundary,experience,13,4621
random_0,qwen-b20-q4-HS,HS,20,boundary,denial_tool,11,5651
random_0,qwen-b20-q4-HS,HS,20,answer_1,experience,13,7346
random_0,qwen-b20-q4-HS,HS,20,answer_1,denial_tool,11,9658
random_0,qwen-b20-q4-HS,HS,20,answer_2,experience,13,3753
random_0,qwen-b20-q4-HS,HS,20,answer_2,denial_tool,11,4005
random_0,qwen-b20-q4-HS,HS,20,answer_3,experience,13,3639
random_0,qwen-b20-q4-HS,HS,20,answer_3,denial_tool,11,8796
random_0,qwen-b20-q4-HS,HS,20,answer_4,experience,13,5771
random_0,qwen-b20-q4-HS,HS,20,answer_4,denial_tool,11,4862
random_0,qwen-b20-q4-HH,HH,20,boundary,experience,13,3172
random_0,qwen-b20-q4-HH,HH,20,boundary,denial_tool,11,6718
random_0,qwen-b20-q4-HH,HH,20,answer_1,experience,13,4112
random_0,qwen-b20-q4-HH,HH,20,answer_1,denial_tool,11,6421
random_0,qwen-b20-q4-HH,HH,20,answer_2,experience,13,5016
random_0,qwen-b20-q4-HH,HH,20,answer_2,denial_tool,11,8088
random_0,qwen-b20-q4-HH,HH,20,answer_3,experience,13,3985
random_0,qwen-b20-q4-HH,HH,20,answer_3,denial_tool,11,6276
random_0,qwen-b20-q4-HH,HH,20,answer_4,experience,13,4469
random_0,qwen-b20-q4-HH,HH,20,answer_4,denial_tool,11,5228
random_1,qwen-b01-q4-SS,SS,1,boundary,experience,13,5384
random_1,qwen-b01-q4-SS,SS,1,boundary,denial_tool,11,9560
random_1,qwen-b01-q4-SS,SS,1,answer_1,experience,13,3925
random_1,qwen-b01-q4-SS,SS,1,answer_1,denial_tool,11,11096
random_1,qwen-b01-q4-SS,SS,1,answer_2,experience,13,3858
random_1,qwen-b01-q4-SS,SS,1,answer_2,denial_tool,11,7647
random_1,qwen-b01-q4-SS,SS,1,answer_3,experience,13,4084
random_1,qwen-b01-q4-SS,SS,1,answer_3,denial_tool,11,12116
random_1,qwen-b01-q4-SS,SS,1,answer_4,experience,13,4495
random_1,qwen-b01-q4-SS,SS,1,answer_4,denial_tool,11,8784
random_1,qwen-b01-q4-SH,SH,1,boundary,experience,13,5142
random_1,qwen-b01-q4-SH,SH,1,boundary,denial_tool,11,10682
random_1,qwen-b01-q4-SH,SH,1,answer_1,experience,13,3358
random_1,qwen-b01-q4-SH,SH,1,answer_1,denial_tool,11,12274
random_1,qwen-b01-q4-SH,SH,1,answer_2,experience,13,4354
random_1,qwen-b01-q4-SH,SH,1,answer_2,denial_tool,11,5925
random_1,qwen-b01-q4-SH,SH,1,answer_3,experience,13,3678
random_1,qwen-b01-q4-SH,SH,1,answer_3,denial_tool,11,11720
random_1,qwen-b01-q4-SH,SH,1,answer_4,experience,13,5684
random_1,qwen-b01-q4-SH,SH,1,answer_4,denial_tool,11,11137
random_1,qwen-b01-q4-HS,HS,1,boundary,experience,13,7307
random_1,qwen-b01-q4-HS,HS,1,boundary,denial_tool,11,11645
random_1,qwen-b01-q4-HS,HS,1,answer_1,experience,13,5644
random_1,qwen-b01-q4-HS,HS,1,answer_1,denial_tool,11,6678
random_1,qwen-b01-q4-HS,HS,1,answer_2,experience,13,4477
random_1,qwen-b01-q4-HS,HS,1,answer_2,denial_tool,11,8201
random_1,qwen-b01-q4-HS,HS,1,answer_3,experience,13,4640
random_1,qwen-b01-q4-HS,HS,1,answer_3,denial_tool,11,10347
random_1,qwen-b01-q4-HS,HS,1,answer_4,experience,13,4404
random_1,qwen-b01-q4-HS,HS,1,answer_4,denial_tool,11,8771
random_1,qwen-b01-q4-HH,HH,1,boundary,experience,13,6156
random_1,qwen-b01-q4-HH,HH,1,boundary,denial_tool,11,11858
random_1,qwen-b01-q4-HH,HH,1,answer_1,experience,13,6261
random_1,qwen-b01-q4-HH,HH,1,answer_1,denial_tool,11,8898
random_1,qwen-b01-q4-HH,HH,1,answer_2,experience,13,4177
random_1,qwen-b01-q4-HH,HH,1,answer_2,denial_tool,11,9155
random_1,qwen-b01-q4-HH,HH,1,answer_3,experience,13,5972
random_1,qwen-b01-q4-HH,HH,1,answer_3,denial_tool,11,8581
random_1,qwen-b01-q4-HH,HH,1,answer_4,experience,13,4576
random_1,qwen-b01-q4-HH,HH,1,answer_4,denial_tool,11,8258
random_1,qwen-b02-q4-SS,SS,2,boundary,experience,13,6451
random_1,qwen-b02-q4-SS,SS,2,boundary,denial_tool,11,11725
random_1,qwen-b02-q4-SS,SS,2,answer_1,experience,13,4813
random_1,qwen-b02-q4-SS,SS,2,answer_1,denial_tool,11,10662
random_1,qwen-b02-q4-SS,SS,2,answer_2,experience,13,3590
random_1,qwen-b02-q4-SS,SS,2,answer_2,denial_tool,11,6884
random_1,qwen-b02-q4-SS,SS,2,answer_3,experience,13,4660
random_1,qwen-b02-q4-SS,SS,2,answer_3,denial_tool,11,11772
random_1,qwen-b02-q4-SS,SS,2,answer_4,experience,13,4179
random_1,qwen-b02-q4-SS,SS,2,answer_4,denial_tool,11,9641
random_1,qwen-b02-q4-SH,SH,2,boundary,experience,13,5858
random_1,qwen-b02-q4-SH,SH,2,boundary,denial_tool,11,9463
random_1,qwen-b02-q4-SH,SH,2,answer_1,experience,13,3427
random_1,qwen-b02-q4-SH,SH,2,answer_1,denial_tool,11,11673
random_1,qwen-b02-q4-SH,SH,2,answer_2,experience,13,3999
random_1,qwen-b02-q4-SH,SH,2,answer_2,denial_tool,11,6730
random_1,qwen-b02-q4-SH,SH,2,answer_3,experience,13,3582
random_1,qwen-b02-q4-SH,SH,2,answer_3,denial_tool,11,12756
random_1,qwen-b02-q4-SH,SH,2,answer_4,experience,13,5629
random_1,qwen-b02-q4-SH,SH,2,answer_4,denial_tool,11,10790
random_1,qwen-b02-q4-HS,HS,2,boundary,experience,13,7732
random_1,qwen-b02-q4-HS,HS,2,boundary,denial_tool,11,11319
random_1,qwen-b02-q4-HS,HS,2,answer_1,experience,13,6723
random_1,qwen-b02-q4-HS,HS,2,answer_1,denial_tool,11,8175
random_1,qwen-b02-q4-HS,HS,2,answer_2,experience,13,4737
random_1,qwen-b02-q4-HS,HS,2,answer_2,denial_tool,11,14008
random_1,qwen-b02-q4-HS,HS,2,answer_3,experience,13,4383
random_1,qwen-b02-q4-HS,HS,2,answer_3,denial_tool,11,15146
random_1,qwen-b02-q4-HS,HS,2,answer_4,experience,13,3113
random_1,qwen-b02-q4-HS,HS,2,answer_4,denial_tool,11,14648
random_1,qwen-b02-q4-HH,HH,2,boundary,experience,13,6475
random_1,qwen-b02-q4-HH,HH,2,boundary,denial_tool,11,10918
random_1,qwen-b02-q4-HH,HH,2,answer_1,experience,13,5832
random_1,qwen-b02-q4-HH,HH,2,answer_1,denial_tool,11,9146
random_1,qwen-b02-q4-HH,HH,2,answer_2,experience,13,4077
random_1,qwen-b02-q4-HH,HH,2,answer_2,denial_tool,11,8817
random_1,qwen-b02-q4-HH,HH,2,answer_3,experience,13,5746
random_1,qwen-b02-q4-HH,HH,2,answer_3,denial_tool,11,8056
random_1,qwen-b02-q4-HH,HH,2,answer_4,experience,13,4099
random_1,qwen-b02-q4-HH,HH,2,answer_4,denial_tool,11,8368
random_1,qwen-b03-q4-SS,SS,3,boundary,experience,13,5285
random_1,qwen-b03-q4-SS,SS,3,boundary,denial_tool,11,11312
random_1,qwen-b03-q4-SS,SS,3,answer_1,experience,13,4580
random_1,qwen-b03-q4-SS,SS,3,answer_1,denial_tool,11,10540
random_1,qwen-b03-q4-SS,SS,3,answer_2,experience,13,3785
random_1,qwen-b03-q4-SS,SS,3,answer_2,denial_tool,11,7697
random_1,qwen-b03-q4-SS,SS,3,answer_3,experience,13,3549
random_1,qwen-b03-q4-SS,SS,3,answer_3,denial_tool,11,11920
random_1,qwen-b03-q4-SS,SS,3,answer_4,experience,13,3860
random_1,qwen-b03-q4-SS,SS,3,answer_4,denial_tool,11,9776
random_1,qwen-b03-q4-SH,SH,3,boundary,experience,13,5117
random_1,qwen-b03-q4-SH,SH,3,boundary,denial_tool,11,9366
random_1,qwen-b03-q4-SH,SH,3,answer_1,experience,13,3185
random_1,qwen-b03-q4-SH,SH,3,answer_1,denial_tool,11,12042
random_1,qwen-b03-q4-SH,SH,3,answer_2,experience,13,4689
random_1,qwen-b03-q4-SH,SH,3,answer_2,denial_tool,11,6202
random_1,qwen-b03-q4-SH,SH,3,answer_3,experience,13,3495
random_1,qwen-b03-q4-SH,SH,3,answer_3,denial_tool,11,12740
random_1,qwen-b03-q4-SH,SH,3,answer_4,experience,13,5796
random_1,qwen-b03-q4-SH,SH,3,answer_4,denial_tool,11,11435
random_1,qwen-b03-q4-HS,HS,3,boundary,experience,13,7413
random_1,qwen-b03-q4-HS,HS,3,boundary,denial_tool,11,12996
random_1,qwen-b03-q4-HS,HS,3,answer_1,experience,13,5349
random_1,qwen-b03-q4-HS,HS,3,answer_1,denial_tool,11,7341
random_1,qwen-b03-q4-HS,HS,3,answer_2,experience,13,4858
random_1,qwen-b03-q4-HS,HS,3,answer_2,denial_tool,11,8221
random_1,qwen-b03-q4-HS,HS,3,answer_3,experience,13,4480
random_1,qwen-b03-q4-HS,HS,3,answer_3,denial_tool,11,9766
random_1,qwen-b03-q4-HS,HS,3,answer_4,experience,13,4316
random_1,qwen-b03-q4-HS,HS,3,answer_4,denial_tool,11,8729
random_1,qwen-b03-q4-HH,HH,3,boundary,experience,13,6865
random_1,qwen-b03-q4-HH,HH,3,boundary,denial_tool,11,10878
random_1,qwen-b03-q4-HH,HH,3,answer_1,experience,13,6129
random_1,qwen-b03-q4-HH,HH,3,answer_1,denial_tool,11,10156
random_1,qwen-b03-q4-HH,HH,3,answer_2,experience,13,4942
random_1,qwen-b03-q4-HH,HH,3,answer_2,denial_tool,11,15152
random_1,qwen-b03-q4-HH,HH,3,answer_3,experience,13,3433
random_1,qwen-b03-q4-HH,HH,3,answer_3,denial_tool,11,13072
random_1,qwen-b03-q4-HH,HH,3,answer_4,experience,13,3089
random_1,qwen-b03-q4-HH,HH,3,answer_4,denial_tool,11,12299
random_1,qwen-b04-q4-SS,SS,4,boundary,experience,13,5999
random_1,qwen-b04-q4-SS,SS,4,boundary,denial_tool,11,10878
random_1,qwen-b04-q4-SS,SS,4,answer_1,experience,13,4594
random_1,qwen-b04-q4-SS,SS,4,answer_1,denial_tool,11,10287
random_1,qwen-b04-q4-SS,SS,4,answer_2,experience,13,3604
random_1,qwen-b04-q4-SS,SS,4,answer_2,denial_tool,11,7424
random_1,qwen-b04-q4-SS,SS,4,answer_3,experience,13,4933
random_1,qwen-b04-q4-SS,SS,4,answer_3,denial_tool,11,12250
random_1,qwen-b04-q4-SS,SS,4,answer_4,experience,13,4111
random_1,qwen-b04-q4-SS,SS,4,answer_4,denial_tool,11,9074
random_1,qwen-b04-q4-SH,SH,4,boundary,experience,13,4958
random_1,qwen-b04-q4-SH,SH,4,boundary,denial_tool,11,9840
random_1,qwen-b04-q4-SH,SH,4,answer_1,experience,13,3175
random_1,qwen-b04-q4-SH,SH,4,answer_1,denial_tool,11,12526
random_1,qwen-b04-q4-SH,SH,4,answer_2,experience,13,4739
random_1,qwen-b04-q4-SH,SH,4,answer_2,denial_tool,11,6290
random_1,qwen-b04-q4-SH,SH,4,answer_3,experience,13,3778
random_1,qwen-b04-q4-SH,SH,4,answer_3,denial_tool,11,12439
random_1,qwen-b04-q4-SH,SH,4,answer_4,experience,13,5599
random_1,qwen-b04-q4-SH,SH,4,answer_4,denial_tool,11,11451
random_1,qwen-b04-q4-HS,HS,4,boundary,experience,13,8156
random_1,qwen-b04-q4-HS,HS,4,boundary,denial_tool,11,12502
random_1,qwen-b04-q4-HS,HS,4,answer_1,experience,13,5345
random_1,qwen-b04-q4-HS,HS,4,answer_1,denial_tool,11,6725
random_1,qwen-b04-q4-HS,HS,4,answer_2,experience,13,4998
random_1,qwen-b04-q4-HS,HS,4,answer_2,denial_tool,11,8159
random_1,qwen-b04-q4-HS,HS,4,answer_3,experience,13,5024
random_1,qwen-b04-q4-HS,HS,4,answer_3,denial_tool,11,10689
random_1,qwen-b04-q4-HS,HS,4,answer_4,experience,13,4287
random_1,qwen-b04-q4-HS,HS,4,answer_4,denial_tool,11,9100
random_1,qwen-b04-q4-HH,HH,4,boundary,experience,13,7166
random_1,qwen-b04-q4-HH,HH,4,boundary,denial_tool,11,11840
random_1,qwen-b04-q4-HH,HH,4,answer_1,experience,13,6310
random_1,qwen-b04-q4-HH,HH,4,answer_1,denial_tool,11,8816
random_1,qwen-b04-q4-HH,HH,4,answer_2,experience,13,4280
random_1,qwen-b04-q4-HH,HH,4,answer_2,denial_tool,11,8375
random_1,qwen-b04-q4-HH,HH,4,answer_3,experience,13,5912
random_1,qwen-b04-q4-HH,HH,4,answer_3,denial_tool,11,7505
random_1,qwen-b04-q4-HH,HH,4,answer_4,experience,13,4049
random_1,qwen-b04-q4-HH,HH,4,answer_4,denial_tool,11,8560
random_1,qwen-b05-q4-SS,SS,5,boundary,experience,13,5025
random_1,qwen-b05-q4-SS,SS,5,boundary,denial_tool,11,10380
random_1,qwen-b05-q4-SS,SS,5,answer_1,experience,13,5017
random_1,qwen-b05-q4-SS,SS,5,answer_1,denial_tool,11,10139
random_1,qwen-b05-q4-SS,SS,5,answer_2,experience,13,4169
random_1,qwen-b05-q4-SS,SS,5,answer_2,denial_tool,11,6719
random_1,qwen-b05-q4-SS,SS,5,answer_3,experience,13,4114
random_1,qwen-b05-q4-SS,SS,5,answer_3,denial_tool,11,12266
random_1,qwen-b05-q4-SS,SS,5,answer_4,experience,13,4531
random_1,qwen-b05-q4-SS,SS,5,answer_4,denial_tool,11,10051
random_1,qwen-b05-q4-SH,SH,5,boundary,experience,13,5454
random_1,qwen-b05-q4-SH,SH,5,boundary,denial_tool,11,10708
random_1,qwen-b05-q4-SH,SH,5,answer_1,experience,13,3468
random_1,qwen-b05-q4-SH,SH,5,answer_1,denial_tool,11,12151
random_1,qwen-b05-q4-SH,SH,5,answer_2,experience,13,4518
random_1,qwen-b05-q4-SH,SH,5,answer_2,denial_tool,11,6022
random_1,qwen-b05-q4-SH,SH,5,answer_3,experience,13,3979
random_1,qwen-b05-q4-SH,SH,5,answer_3,denial_tool,11,12162
random_1,qwen-b05-q4-SH,SH,5,answer_4,experience,13,5404
random_1,qwen-b05-q4-SH,SH,5,answer_4,denial_tool,11,11535
random_1,qwen-b05-q4-HS,HS,5,boundary,experience,13,7902
random_1,qwen-b05-q4-HS,HS,5,boundary,denial_tool,11,11957
random_1,qwen-b05-q4-HS,HS,5,answer_1,experience,13,5852
random_1,qwen-b05-q4-HS,HS,5,answer_1,denial_tool,11,6185
random_1,qwen-b05-q4-HS,HS,5,answer_2,experience,13,4785
random_1,qwen-b05-q4-HS,HS,5,answer_2,denial_tool,11,8505
random_1,qwen-b05-q4-HS,HS,5,answer_3,experience,13,4831
random_1,qwen-b05-q4-HS,HS,5,answer_3,denial_tool,11,9706
random_1,qwen-b05-q4-HS,HS,5,answer_4,experience,13,4586
random_1,qwen-b05-q4-HS,HS,5,answer_4,denial_tool,11,8598
random_1,qwen-b05-q4-HH,HH,5,boundary,experience,13,6208
random_1,qwen-b05-q4-HH,HH,5,boundary,denial_tool,11,11844
random_1,qwen-b05-q4-HH,HH,5,answer_1,experience,13,6418
random_1,qwen-b05-q4-HH,HH,5,answer_1,denial_tool,11,8619
random_1,qwen-b05-q4-HH,HH,5,answer_2,experience,13,3974
random_1,qwen-b05-q4-HH,HH,5,answer_2,denial_tool,11,8968
random_1,qwen-b05-q4-HH,HH,5,answer_3,experience,13,6116
random_1,qwen-b05-q4-HH,HH,5,answer_3,denial_tool,11,7338
random_1,qwen-b05-q4-HH,HH,5,answer_4,experience,13,4036
random_1,qwen-b05-q4-HH,HH,5,answer_4,denial_tool,11,8053
random_1,qwen-b06-q4-SS,SS,6,boundary,experience,13,5633
random_1,qwen-b06-q4-SS,SS,6,boundary,denial_tool,11,9713
random_1,qwen-b06-q4-SS,SS,6,answer_1,experience,13,4320
random_1,qwen-b06-q4-SS,SS,6,answer_1,denial_tool,11,10610
random_1,qwen-b06-q4-SS,SS,6,answer_2,experience,13,3955
random_1,qwen-b06-q4-SS,SS,6,answer_2,denial_tool,11,12481
random_1,qwen-b06-q4-SS,SS,6,answer_3,experience,13,2997
random_1,qwen-b06-q4-SS,SS,6,answer_3,denial_tool,11,9598
random_1,qwen-b06-q4-SS,SS,6,answer_4,experience,13,7015
random_1,qwen-b06-q4-SS,SS,6,answer_4,denial_tool,11,7896
random_1,qwen-b06-q4-SH,SH,6,boundary,experience,13,5994
random_1,qwen-b06-q4-SH,SH,6,boundary,denial_tool,11,9668
random_1,qwen-b06-q4-SH,SH,6,answer_1,experience,13,3153
random_1,qwen-b06-q4-SH,SH,6,answer_1,denial_tool,11,11918
random_1,qwen-b06-q4-SH,SH,6,answer_2,experience,13,4057
random_1,qwen-b06-q4-SH,SH,6,answer_2,denial_tool,11,6678
random_1,qwen-b06-q4-SH,SH,6,answer_3,experience,13,3938
random_1,qwen-b06-q4-SH,SH,6,answer_3,denial_tool,11,13171
random_1,qwen-b06-q4-SH,SH,6,answer_4,experience,13,5598
random_1,qwen-b06-q4-SH,SH,6,answer_4,denial_tool,11,10951
random_1,qwen-b06-q4-HS,HS,6,boundary,experience,13,7693
random_1,qwen-b06-q4-HS,HS,6,boundary,denial_tool,11,12878
random_1,qwen-b06-q4-HS,HS,6,answer_1,experience,13,5892
random_1,qwen-b06-q4-HS,HS,6,answer_1,denial_tool,11,7094
random_1,qwen-b06-q4-HS,HS,6,answer_2,experience,13,4771
random_1,qwen-b06-q4-HS,HS,6,answer_2,denial_tool,11,8371
random_1,qwen-b06-q4-HS,HS,6,answer_3,experience,13,5209
random_1,qwen-b06-q4-HS,HS,6,answer_3,denial_tool,11,9357
random_1,qwen-b06-q4-HS,HS,6,answer_4,experience,13,4654
random_1,qwen-b06-q4-HS,HS,6,answer_4,denial_tool,11,9770
random_1,qwen-b06-q4-HH,HH,6,boundary,experience,13,6012
random_1,qwen-b06-q4-HH,HH,6,boundary,denial_tool,11,11038
random_1,qwen-b06-q4-HH,HH,6,answer_1,experience,13,5945
random_1,qwen-b06-q4-HH,HH,6,answer_1,denial_tool,11,8816
random_1,qwen-b06-q4-HH,HH,6,answer_2,experience,13,3970
random_1,qwen-b06-q4-HH,HH,6,answer_2,denial_tool,11,9259
random_1,qwen-b06-q4-HH,HH,6,answer_3,experience,13,5454
random_1,qwen-b06-q4-HH,HH,6,answer_3,denial_tool,11,8093
random_1,qwen-b06-q4-HH,HH,6,answer_4,experience,13,4376
random_1,qwen-b06-q4-HH,HH,6,answer_4,denial_tool,11,7354
random_1,qwen-b07-q4-SS,SS,7,boundary,experience,13,6004
random_1,qwen-b07-q4-SS,SS,7,boundary,denial_tool,11,10195
random_1,qwen-b07-q4-SS,SS,7,answer_1,experience,13,4954
random_1,qwen-b07-q4-SS,SS,7,answer_1,denial_tool,11,10497
random_1,qwen-b07-q4-SS,SS,7,answer_2,experience,13,4194
random_1,qwen-b07-q4-SS,SS,7,answer_2,denial_tool,11,11794
random_1,qwen-b07-q4-SS,SS,7,answer_3,experience,13,3141
random_1,qwen-b07-q4-SS,SS,7,answer_3,denial_tool,11,9107
random_1,qwen-b07-q4-SS,SS,7,answer_4,experience,13,6435
random_1,qwen-b07-q4-SS,SS,7,answer_4,denial_tool,11,7590
random_1,qwen-b07-q4-SH,SH,7,boundary,experience,13,5114
random_1,qwen-b07-q4-SH,SH,7,boundary,denial_tool,11,9810
random_1,qwen-b07-q4-SH,SH,7,answer_1,experience,13,3757
random_1,qwen-b07-q4-SH,SH,7,answer_1,denial_tool,11,12500
random_1,qwen-b07-q4-SH,SH,7,answer_2,experience,13,4250
random_1,qwen-b07-q4-SH,SH,7,answer_2,denial_tool,11,6028
random_1,qwen-b07-q4-SH,SH,7,answer_3,experience,13,4025
random_1,qwen-b07-q4-SH,SH,7,answer_3,denial_tool,11,12938
random_1,qwen-b07-q4-SH,SH,7,answer_4,experience,13,5712
random_1,qwen-b07-q4-SH,SH,7,answer_4,denial_tool,11,11064
random_1,qwen-b07-q4-HS,HS,7,boundary,experience,13,6743
random_1,qwen-b07-q4-HS,HS,7,boundary,denial_tool,11,12563
random_1,qwen-b07-q4-HS,HS,7,answer_1,experience,13,5796
random_1,qwen-b07-q4-HS,HS,7,answer_1,denial_tool,11,6887
random_1,qwen-b07-q4-HS,HS,7,answer_2,experience,13,4614
random_1,qwen-b07-q4-HS,HS,7,answer_2,denial_tool,11,8520
random_1,qwen-b07-q4-HS,HS,7,answer_3,experience,13,4451
random_1,qwen-b07-q4-HS,HS,7,answer_3,denial_tool,11,10241
random_1,qwen-b07-q4-HS,HS,7,answer_4,experience,13,4196
random_1,qwen-b07-q4-HS,HS,7,answer_4,denial_tool,11,8338
random_1,qwen-b07-q4-HH,HH,7,boundary,experience,13,6184
random_1,qwen-b07-q4-HH,HH,7,boundary,denial_tool,11,11320
random_1,qwen-b07-q4-HH,HH,7,answer_1,experience,13,6337
random_1,qwen-b07-q4-HH,HH,7,answer_1,denial_tool,11,8959
random_1,qwen-b07-q4-HH,HH,7,answer_2,experience,13,4271
random_1,qwen-b07-q4-HH,HH,7,answer_2,denial_tool,11,8520
random_1,qwen-b07-q4-HH,HH,7,answer_3,experience,13,5541
random_1,qwen-b07-q4-HH,HH,7,answer_3,denial_tool,11,8154
random_1,qwen-b07-q4-HH,HH,7,answer_4,experience,13,4306
random_1,qwen-b07-q4-HH,HH,7,answer_4,denial_tool,11,8307
random_1,qwen-b08-q4-SS,SS,8,boundary,experience,13,5396
random_1,qwen-b08-q4-SS,SS,8,boundary,denial_tool,11,10194
random_1,qwen-b08-q4-SS,SS,8,answer_1,experience,13,4734
random_1,qwen-b08-q4-SS,SS,8,answer_1,denial_tool,11,9912
random_1,qwen-b08-q4-SS,SS,8,answer_2,experience,13,3838
random_1,qwen-b08-q4-SS,SS,8,answer_2,denial_tool,11,6655
random_1,qwen-b08-q4-SS,SS,8,answer_3,experience,13,3806
random_1,qwen-b08-q4-SS,SS,8,answer_3,denial_tool,11,12253
random_1,qwen-b08-q4-SS,SS,8,answer_4,experience,13,4441
random_1,qwen-b08-q4-SS,SS,8,answer_4,denial_tool,11,9337
random_1,qwen-b08-q4-SH,SH,8,boundary,experience,13,5420
random_1,qwen-b08-q4-SH,SH,8,boundary,denial_tool,11,9858
random_1,qwen-b08-q4-SH,SH,8,answer_1,experience,13,3597
random_1,qwen-b08-q4-SH,SH,8,answer_1,denial_tool,11,12055
random_1,qwen-b08-q4-SH,SH,8,answer_2,experience,13,4274
random_1,qwen-b08-q4-SH,SH,8,answer_2,denial_tool,11,6071
random_1,qwen-b08-q4-SH,SH,8,answer_3,experience,13,4024
random_1,qwen-b08-q4-SH,SH,8,answer_3,denial_tool,11,12587
random_1,qwen-b08-q4-SH,SH,8,answer_4,experience,13,5448
random_1,qwen-b08-q4-SH,SH,8,answer_4,denial_tool,11,10962
random_1,qwen-b08-q4-HS,HS,8,boundary,experience,13,7456
random_1,qwen-b08-q4-HS,HS,8,boundary,denial_tool,11,11452
random_1,qwen-b08-q4-HS,HS,8,answer_1,experience,13,5716
random_1,qwen-b08-q4-HS,HS,8,answer_1,denial_tool,11,6937
random_1,qwen-b08-q4-HS,HS,8,answer_2,experience,13,4634
random_1,qwen-b08-q4-HS,HS,8,answer_2,denial_tool,11,8286
random_1,qwen-b08-q4-HS,HS,8,answer_3,experience,13,4475
random_1,qwen-b08-q4-HS,HS,8,answer_3,denial_tool,11,10051
random_1,qwen-b08-q4-HS,HS,8,answer_4,experience,13,4596
random_1,qwen-b08-q4-HS,HS,8,answer_4,denial_tool,11,8648
random_1,qwen-b08-q4-HH,HH,8,boundary,experience,13,7005
random_1,qwen-b08-q4-HH,HH,8,boundary,denial_tool,11,10886
random_1,qwen-b08-q4-HH,HH,8,answer_1,experience,13,6995
random_1,qwen-b08-q4-HH,HH,8,answer_1,denial_tool,11,8492
random_1,qwen-b08-q4-HH,HH,8,answer_2,experience,13,4820
random_1,qwen-b08-q4-HH,HH,8,answer_2,denial_tool,11,8412
random_1,qwen-b08-q4-HH,HH,8,answer_3,experience,13,5617
random_1,qwen-b08-q4-HH,HH,8,answer_3,denial_tool,11,7940
random_1,qwen-b08-q4-HH,HH,8,answer_4,experience,13,4072
random_1,qwen-b08-q4-HH,HH,8,answer_4,denial_tool,11,9214
random_1,qwen-b09-q4-SS,SS,9,boundary,experience,13,6268
random_1,qwen-b09-q4-SS,SS,9,boundary,denial_tool,11,11398
random_1,qwen-b09-q4-SS,SS,9,answer_1,experience,13,5617
random_1,qwen-b09-q4-SS,SS,9,answer_1,denial_tool,11,10674
random_1,qwen-b09-q4-SS,SS,9,answer_2,experience,13,4435
random_1,qwen-b09-q4-SS,SS,9,answer_2,denial_tool,11,11725
random_1,qwen-b09-q4-SS,SS,9,answer_3,experience,13,3122
random_1,qwen-b09-q4-SS,SS,9,answer_3,denial_tool,11,9998
random_1,qwen-b09-q4-SS,SS,9,answer_4,experience,13,6793
random_1,qwen-b09-q4-SS,SS,9,answer_4,denial_tool,11,7390
random_1,qwen-b09-q4-SH,SH,9,boundary,experience,13,5173
random_1,qwen-b09-q4-SH,SH,9,boundary,denial_tool,11,9877
random_1,qwen-b09-q4-SH,SH,9,answer_1,experience,13,3431
random_1,qwen-b09-q4-SH,SH,9,answer_1,denial_tool,11,12218
random_1,qwen-b09-q4-SH,SH,9,answer_2,experience,13,4357
random_1,qwen-b09-q4-SH,SH,9,answer_2,denial_tool,11,6170
random_1,qwen-b09-q4-SH,SH,9,answer_3,experience,13,3842
random_1,qwen-b09-q4-SH,SH,9,answer_3,denial_tool,11,12581
random_1,qwen-b09-q4-SH,SH,9,answer_4,experience,13,5426
random_1,qwen-b09-q4-SH,SH,9,answer_4,denial_tool,11,11370
random_1,qwen-b09-q4-HS,HS,9,boundary,experience,13,8874
random_1,qwen-b09-q4-HS,HS,9,boundary,denial_tool,11,11814
random_1,qwen-b09-q4-HS,HS,9,answer_1,experience,13,7208
random_1,qwen-b09-q4-HS,HS,9,answer_1,denial_tool,11,8562
random_1,qwen-b09-q4-HS,HS,9,answer_2,experience,13,5099
random_1,qwen-b09-q4-HS,HS,9,answer_2,denial_tool,11,13718
random_1,qwen-b09-q4-HS,HS,9,answer_3,experience,13,4952
random_1,qwen-b09-q4-HS,HS,9,answer_3,denial_tool,11,14816
random_1,qwen-b09-q4-HS,HS,9,answer_4,experience,13,2317
random_1,qwen-b09-q4-HS,HS,9,answer_4,denial_tool,11,15732
random_1,qwen-b09-q4-HH,HH,9,boundary,experience,13,6397
random_1,qwen-b09-q4-HH,HH,9,boundary,denial_tool,11,11381
random_1,qwen-b09-q4-HH,HH,9,answer_1,experience,13,5907
random_1,qwen-b09-q4-HH,HH,9,answer_1,denial_tool,11,8234
random_1,qwen-b09-q4-HH,HH,9,answer_2,experience,13,4760
random_1,qwen-b09-q4-HH,HH,9,answer_2,denial_tool,11,8205
random_1,qwen-b09-q4-HH,HH,9,answer_3,experience,13,5617
random_1,qwen-b09-q4-HH,HH,9,answer_3,denial_tool,11,7693
random_1,qwen-b09-q4-HH,HH,9,answer_4,experience,13,4332
random_1,qwen-b09-q4-HH,HH,9,answer_4,denial_tool,11,8609
random_1,qwen-b10-q4-SS,SS,10,boundary,experience,13,5563
random_1,qwen-b10-q4-SS,SS,10,boundary,denial_tool,11,9752
random_1,qwen-b10-q4-SS,SS,10,answer_1,experience,13,4496
random_1,qwen-b10-q4-SS,SS,10,answer_1,denial_tool,11,9648
random_1,qwen-b10-q4-SS,SS,10,answer_2,experience,13,3708
random_1,qwen-b10-q4-SS,SS,10,answer_2,denial_tool,11,6462
random_1,qwen-b10-q4-SS,SS,10,answer_3,experience,13,4341
random_1,qwen-b10-q4-SS,SS,10,answer_3,denial_tool,11,11578
random_1,qwen-b10-q4-SS,SS,10,answer_4,experience,13,4346
random_1,qwen-b10-q4-SS,SS,10,answer_4,denial_tool,11,9668
random_1,qwen-b10-q4-SH,SH,10,boundary,experience,13,5298
random_1,qwen-b10-q4-SH,SH,10,boundary,denial_tool,11,9138
random_1,qwen-b10-q4-SH,SH,10,answer_1,experience,13,3006
random_1,qwen-b10-q4-SH,SH,10,answer_1,denial_tool,11,12169
random_1,qwen-b10-q4-SH,SH,10,answer_2,experience,13,4633
random_1,qwen-b10-q4-SH,SH,10,answer_2,denial_tool,11,6195
random_1,qwen-b10-q4-SH,SH,10,answer_3,experience,13,4364
random_1,qwen-b10-q4-SH,SH,10,answer_3,denial_tool,11,12467
random_1,qwen-b10-q4-SH,SH,10,answer_4,experience,13,5499
random_1,qwen-b10-q4-SH,SH,10,answer_4,denial_tool,11,11370
random_1,qwen-b10-q4-HS,HS,10,boundary,experience,13,6661
random_1,qwen-b10-q4-HS,HS,10,boundary,denial_tool,11,12024
random_1,qwen-b10-q4-HS,HS,10,answer_1,experience,13,3883
random_1,qwen-b10-q4-HS,HS,10,answer_1,denial_tool,11,11623
random_1,qwen-b10-q4-HS,HS,10,answer_2,experience,13,4480
random_1,qwen-b10-q4-HS,HS,10,answer_2,denial_tool,11,7357
random_1,qwen-b10-q4-HS,HS,10,answer_3,experience,13,4186
random_1,qwen-b10-q4-HS,HS,10,answer_3,denial_tool,11,11284
random_1,qwen-b10-q4-HS,HS,10,answer_4,experience,13,4457
random_1,qwen-b10-q4-HS,HS,10,answer_4,denial_tool,11,9494
random_1,qwen-b10-q4-HH,HH,10,boundary,experience,13,7917
random_1,qwen-b10-q4-HH,HH,10,boundary,denial_tool,11,10440
random_1,qwen-b10-q4-HH,HH,10,answer_1,experience,13,6099
random_1,qwen-b10-q4-HH,HH,10,answer_1,denial_tool,11,8562
random_1,qwen-b10-q4-HH,HH,10,answer_2,experience,13,4100
random_1,qwen-b10-q4-HH,HH,10,answer_2,denial_tool,11,8870
random_1,qwen-b10-q4-HH,HH,10,answer_3,experience,13,5274
random_1,qwen-b10-q4-HH,HH,10,answer_3,denial_tool,11,7397
random_1,qwen-b10-q4-HH,HH,10,answer_4,experience,13,4497
random_1,qwen-b10-q4-HH,HH,10,answer_4,denial_tool,11,8576
random_1,qwen-b11-q4-SS,SS,11,boundary,experience,13,5040
random_1,qwen-b11-q4-SS,SS,11,boundary,denial_tool,11,9212
random_1,qwen-b11-q4-SS,SS,11,answer_1,experience,13,4941
random_1,qwen-b11-q4-SS,SS,11,answer_1,denial_tool,11,10780
random_1,qwen-b11-q4-SS,SS,11,answer_2,experience,13,3863
random_1,qwen-b11-q4-SS,SS,11,answer_2,denial_tool,11,6715
random_1,qwen-b11-q4-SS,SS,11,answer_3,experience,13,4527
random_1,qwen-b11-q4-SS,SS,11,answer_3,denial_tool,11,12272
random_1,qwen-b11-q4-SS,SS,11,answer_4,experience,13,4646
random_1,qwen-b11-q4-SS,SS,11,answer_4,denial_tool,11,9846
random_1,qwen-b11-q4-SH,SH,11,boundary,experience,13,5292
random_1,qwen-b11-q4-SH,SH,11,boundary,denial_tool,11,10685
random_1,qwen-b11-q4-SH,SH,11,answer_1,experience,13,3210
random_1,qwen-b11-q4-SH,SH,11,answer_1,denial_tool,11,12032
random_1,qwen-b11-q4-SH,SH,11,answer_2,experience,13,4282
random_1,qwen-b11-q4-SH,SH,11,answer_2,denial_tool,11,5950
random_1,qwen-b11-q4-SH,SH,11,answer_3,experience,13,3730
random_1,qwen-b11-q4-SH,SH,11,answer_3,denial_tool,11,11922
random_1,qwen-b11-q4-SH,SH,11,answer_4,experience,13,5422
random_1,qwen-b11-q4-SH,SH,11,answer_4,denial_tool,11,10571
random_1,qwen-b11-q4-HS,HS,11,boundary,experience,13,5646
random_1,qwen-b11-q4-HS,HS,11,boundary,denial_tool,11,11588
random_1,qwen-b11-q4-HS,HS,11,answer_1,experience,13,3926
random_1,qwen-b11-q4-HS,HS,11,answer_1,denial_tool,11,11698
random_1,qwen-b11-q4-HS,HS,11,answer_2,experience,13,4462
random_1,qwen-b11-q4-HS,HS,11,answer_2,denial_tool,11,7921
random_1,qwen-b11-q4-HS,HS,11,answer_3,experience,13,4424
random_1,qwen-b11-q4-HS,HS,11,answer_3,denial_tool,11,10721
random_1,qwen-b11-q4-HS,HS,11,answer_4,experience,13,4609
random_1,qwen-b11-q4-HS,HS,11,answer_4,denial_tool,11,9520
random_1,qwen-b11-q4-HH,HH,11,boundary,experience,13,5814
random_1,qwen-b11-q4-HH,HH,11,boundary,denial_tool,11,12240
random_1,qwen-b11-q4-HH,HH,11,answer_1,experience,13,6021
random_1,qwen-b11-q4-HH,HH,11,answer_1,denial_tool,11,8522
random_1,qwen-b11-q4-HH,HH,11,answer_2,experience,13,4336
random_1,qwen-b11-q4-HH,HH,11,answer_2,denial_tool,11,7934
random_1,qwen-b11-q4-HH,HH,11,answer_3,experience,13,5553
random_1,qwen-b11-q4-HH,HH,11,answer_3,denial_tool,11,7212
random_1,qwen-b11-q4-HH,HH,11,answer_4,experience,13,4325
random_1,qwen-b11-q4-HH,HH,11,answer_4,denial_tool,11,8353
random_1,qwen-b12-q4-SS,SS,12,boundary,experience,13,4965
random_1,qwen-b12-q4-SS,SS,12,boundary,denial_tool,11,10522
random_1,qwen-b12-q4-SS,SS,12,answer_1,experience,13,4880
random_1,qwen-b12-q4-SS,SS,12,answer_1,denial_tool,11,10604
random_1,qwen-b12-q4-SS,SS,12,answer_2,experience,13,3670
random_1,qwen-b12-q4-SS,SS,12,answer_2,denial_tool,11,6715
random_1,qwen-b12-q4-SS,SS,12,answer_3,experience,13,4229
random_1,qwen-b12-q4-SS,SS,12,answer_3,denial_tool,11,11278
random_1,qwen-b12-q4-SS,SS,12,answer_4,experience,13,4268
random_1,qwen-b12-q4-SS,SS,12,answer_4,denial_tool,11,9193
random_1,qwen-b12-q4-SH,SH,12,boundary,experience,13,5144
random_1,qwen-b12-q4-SH,SH,12,boundary,denial_tool,11,10597
random_1,qwen-b12-q4-SH,SH,12,answer_1,experience,13,3076
random_1,qwen-b12-q4-SH,SH,12,answer_1,denial_tool,11,12378
random_1,qwen-b12-q4-SH,SH,12,answer_2,experience,13,4539
random_1,qwen-b12-q4-SH,SH,12,answer_2,denial_tool,11,6463
random_1,qwen-b12-q4-SH,SH,12,answer_3,experience,13,3797
random_1,qwen-b12-q4-SH,SH,12,answer_3,denial_tool,11,12491
random_1,qwen-b12-q4-SH,SH,12,answer_4,experience,13,5833
random_1,qwen-b12-q4-SH,SH,12,answer_4,denial_tool,11,11030
random_1,qwen-b12-q4-HS,HS,12,boundary,experience,13,5806
random_1,qwen-b12-q4-HS,HS,12,boundary,denial_tool,11,12264
random_1,qwen-b12-q4-HS,HS,12,answer_1,experience,13,6969
random_1,qwen-b12-q4-HS,HS,12,answer_1,denial_tool,11,7355
random_1,qwen-b12-q4-HS,HS,12,answer_2,experience,13,4947
random_1,qwen-b12-q4-HS,HS,12,answer_2,denial_tool,11,13599
random_1,qwen-b12-q4-HS,HS,12,answer_3,experience,13,4337
random_1,qwen-b12-q4-HS,HS,12,answer_3,denial_tool,11,15795
random_1,qwen-b12-q4-HS,HS,12,answer_4,experience,13,2958
random_1,qwen-b12-q4-HS,HS,12,answer_4,denial_tool,11,15775
random_1,qwen-b12-q4-HH,HH,12,boundary,experience,13,6386
random_1,qwen-b12-q4-HH,HH,12,boundary,denial_tool,11,11746
random_1,qwen-b12-q4-HH,HH,12,answer_1,experience,13,6098
random_1,qwen-b12-q4-HH,HH,12,answer_1,denial_tool,11,8564
random_1,qwen-b12-q4-HH,HH,12,answer_2,experience,13,4295
random_1,qwen-b12-q4-HH,HH,12,answer_2,denial_tool,11,9403
random_1,qwen-b12-q4-HH,HH,12,answer_3,experience,13,5760
random_1,qwen-b12-q4-HH,HH,12,answer_3,denial_tool,11,8066
random_1,qwen-b12-q4-HH,HH,12,answer_4,experience,13,4219
random_1,qwen-b12-q4-HH,HH,12,answer_4,denial_tool,11,9098
random_1,qwen-b13-q4-SS,SS,13,boundary,experience,13,6808
random_1,qwen-b13-q4-SS,SS,13,boundary,denial_tool,11,11819
random_1,qwen-b13-q4-SS,SS,13,answer_1,experience,13,4472
random_1,qwen-b13-q4-SS,SS,13,answer_1,denial_tool,11,10446
random_1,qwen-b13-q4-SS,SS,13,answer_2,experience,13,3576
random_1,qwen-b13-q4-SS,SS,13,answer_2,denial_tool,11,7308
random_1,qwen-b13-q4-SS,SS,13,answer_3,experience,13,4504
random_1,qwen-b13-q4-SS,SS,13,answer_3,denial_tool,11,12420
random_1,qwen-b13-q4-SS,SS,13,answer_4,experience,13,4389
random_1,qwen-b13-q4-SS,SS,13,answer_4,denial_tool,11,9742
random_1,qwen-b13-q4-SH,SH,13,boundary,experience,13,5297
random_1,qwen-b13-q4-SH,SH,13,boundary,denial_tool,11,10309
random_1,qwen-b13-q4-SH,SH,13,answer_1,experience,13,3015
random_1,qwen-b13-q4-SH,SH,13,answer_1,denial_tool,11,12563
random_1,qwen-b13-q4-SH,SH,13,answer_2,experience,13,4001
random_1,qwen-b13-q4-SH,SH,13,answer_2,denial_tool,11,6279
random_1,qwen-b13-q4-SH,SH,13,answer_3,experience,13,3993
random_1,qwen-b13-q4-SH,SH,13,answer_3,denial_tool,11,12553
random_1,qwen-b13-q4-SH,SH,13,answer_4,experience,13,5962
random_1,qwen-b13-q4-SH,SH,13,answer_4,denial_tool,11,11575
random_1,qwen-b13-q4-HS,HS,13,boundary,experience,13,7849
random_1,qwen-b13-q4-HS,HS,13,boundary,denial_tool,11,12035
random_1,qwen-b13-q4-HS,HS,13,answer_1,experience,13,5643
random_1,qwen-b13-q4-HS,HS,13,answer_1,denial_tool,11,6196
random_1,qwen-b13-q4-HS,HS,13,answer_2,experience,13,4948
random_1,qwen-b13-q4-HS,HS,13,answer_2,denial_tool,11,8191
random_1,qwen-b13-q4-HS,HS,13,answer_3,experience,13,5366
random_1,qwen-b13-q4-HS,HS,13,answer_3,denial_tool,11,10694
random_1,qwen-b13-q4-HS,HS,13,answer_4,experience,13,5128
random_1,qwen-b13-q4-HS,HS,13,answer_4,denial_tool,11,9032
random_1,qwen-b13-q4-HH,HH,13,boundary,experience,13,6290
random_1,qwen-b13-q4-HH,HH,13,boundary,denial_tool,11,11837
random_1,qwen-b13-q4-HH,HH,13,answer_1,experience,13,6641
random_1,qwen-b13-q4-HH,HH,13,answer_1,denial_tool,11,8616
random_1,qwen-b13-q4-HH,HH,13,answer_2,experience,13,4003
random_1,qwen-b13-q4-HH,HH,13,answer_2,denial_tool,11,8400
random_1,qwen-b13-q4-HH,HH,13,answer_3,experience,13,5543
random_1,qwen-b13-q4-HH,HH,13,answer_3,denial_tool,11,8096
random_1,qwen-b13-q4-HH,HH,13,answer_4,experience,13,4613
random_1,qwen-b13-q4-HH,HH,13,answer_4,denial_tool,11,7979
random_1,qwen-b14-q4-SS,SS,14,boundary,experience,13,5114
random_1,qwen-b14-q4-SS,SS,14,boundary,denial_tool,11,10479
random_1,qwen-b14-q4-SS,SS,14,answer_1,experience,13,4711
random_1,qwen-b14-q4-SS,SS,14,answer_1,denial_tool,11,10787
random_1,qwen-b14-q4-SS,SS,14,answer_2,experience,13,4060
random_1,qwen-b14-q4-SS,SS,14,answer_2,denial_tool,11,12766
random_1,qwen-b14-q4-SS,SS,14,answer_3,experience,13,3261
random_1,qwen-b14-q4-SS,SS,14,answer_3,denial_tool,11,9991
random_1,qwen-b14-q4-SS,SS,14,answer_4,experience,13,7203
random_1,qwen-b14-q4-SS,SS,14,answer_4,denial_tool,11,7594
random_1,qwen-b14-q4-SH,SH,14,boundary,experience,13,5136
random_1,qwen-b14-q4-SH,SH,14,boundary,denial_tool,11,9924
random_1,qwen-b14-q4-SH,SH,14,answer_1,experience,13,3468
random_1,qwen-b14-q4-SH,SH,14,answer_1,denial_tool,11,12417
random_1,qwen-b14-q4-SH,SH,14,answer_2,experience,13,4328
random_1,qwen-b14-q4-SH,SH,14,answer_2,denial_tool,11,6371
random_1,qwen-b14-q4-SH,SH,14,answer_3,experience,13,3953
random_1,qwen-b14-q4-SH,SH,14,answer_3,denial_tool,11,12885
random_1,qwen-b14-q4-SH,SH,14,answer_4,experience,13,5585
random_1,qwen-b14-q4-SH,SH,14,answer_4,denial_tool,11,10954
random_1,qwen-b14-q4-HS,HS,14,boundary,experience,13,7730
random_1,qwen-b14-q4-HS,HS,14,boundary,denial_tool,11,12682
random_1,qwen-b14-q4-HS,HS,14,answer_1,experience,13,5980
random_1,qwen-b14-q4-HS,HS,14,answer_1,denial_tool,11,7548
random_1,qwen-b14-q4-HS,HS,14,answer_2,experience,13,4594
random_1,qwen-b14-q4-HS,HS,14,answer_2,denial_tool,11,9053
random_1,qwen-b14-q4-HS,HS,14,answer_3,experience,13,4444
random_1,qwen-b14-q4-HS,HS,14,answer_3,denial_tool,11,8850
random_1,qwen-b14-q4-HS,HS,14,answer_4,experience,13,3855
random_1,qwen-b14-q4-HS,HS,14,answer_4,denial_tool,11,8452
random_1,qwen-b14-q4-HH,HH,14,boundary,experience,13,6392
random_1,qwen-b14-q4-HH,HH,14,boundary,denial_tool,11,11646
random_1,qwen-b14-q4-HH,HH,14,answer_1,experience,13,5822
random_1,qwen-b14-q4-HH,HH,14,answer_1,denial_tool,11,8075
random_1,qwen-b14-q4-HH,HH,14,answer_2,experience,13,4252
random_1,qwen-b14-q4-HH,HH,14,answer_2,denial_tool,11,8810
random_1,qwen-b14-q4-HH,HH,14,answer_3,experience,13,5677
random_1,qwen-b14-q4-HH,HH,14,answer_3,denial_tool,11,7932
random_1,qwen-b14-q4-HH,HH,14,answer_4,experience,13,4259
random_1,qwen-b14-q4-HH,HH,14,answer_4,denial_tool,11,8221
random_1,qwen-b15-q4-SS,SS,15,boundary,experience,13,6694
random_1,qwen-b15-q4-SS,SS,15,boundary,denial_tool,11,11154
random_1,qwen-b15-q4-SS,SS,15,answer_1,experience,13,5155
random_1,qwen-b15-q4-SS,SS,15,answer_1,denial_tool,11,10314
random_1,qwen-b15-q4-SS,SS,15,answer_2,experience,13,3651
random_1,qwen-b15-q4-SS,SS,15,answer_2,denial_tool,11,6904
random_1,qwen-b15-q4-SS,SS,15,answer_3,experience,13,4195
random_1,qwen-b15-q4-SS,SS,15,answer_3,denial_tool,11,12067
random_1,qwen-b15-q4-SS,SS,15,answer_4,experience,13,4214
random_1,qwen-b15-q4-SS,SS,15,answer_4,denial_tool,11,9833
random_1,qwen-b15-q4-SH,SH,15,boundary,experience,13,4847
random_1,qwen-b15-q4-SH,SH,15,boundary,denial_tool,11,9768
random_1,qwen-b15-q4-SH,SH,15,answer_1,experience,13,3228
random_1,qwen-b15-q4-SH,SH,15,answer_1,denial_tool,11,12053
random_1,qwen-b15-q4-SH,SH,15,answer_2,experience,13,4468
random_1,qwen-b15-q4-SH,SH,15,answer_2,denial_tool,11,6560
random_1,qwen-b15-q4-SH,SH,15,answer_3,experience,13,3549
random_1,qwen-b15-q4-SH,SH,15,answer_3,denial_tool,11,11883
random_1,qwen-b15-q4-SH,SH,15,answer_4,experience,13,5591
random_1,qwen-b15-q4-SH,SH,15,answer_4,denial_tool,11,11470
random_1,qwen-b15-q4-HS,HS,15,boundary,experience,13,8404
random_1,qwen-b15-q4-HS,HS,15,boundary,denial_tool,11,11292
random_1,qwen-b15-q4-HS,HS,15,answer_1,experience,13,6477
random_1,qwen-b15-q4-HS,HS,15,answer_1,denial_tool,11,9281
random_1,qwen-b15-q4-HS,HS,15,answer_2,experience,13,5560
random_1,qwen-b15-q4-HS,HS,15,answer_2,denial_tool,11,9495
random_1,qwen-b15-q4-HS,HS,15,answer_3,experience,13,1738
random_1,qwen-b15-q4-HS,HS,15,answer_3,denial_tool,11,12955
random_1,qwen-b15-q4-HS,HS,15,answer_4,experience,13,4777
random_1,qwen-b15-q4-HS,HS,15,answer_4,denial_tool,11,12328
random_1,qwen-b15-q4-HH,HH,15,boundary,experience,13,6032
random_1,qwen-b15-q4-HH,HH,15,boundary,denial_tool,11,11052
random_1,qwen-b15-q4-HH,HH,15,answer_1,experience,13,5915
random_1,qwen-b15-q4-HH,HH,15,answer_1,denial_tool,11,8294
random_1,qwen-b15-q4-HH,HH,15,answer_2,experience,13,4702
random_1,qwen-b15-q4-HH,HH,15,answer_2,denial_tool,11,9586
random_1,qwen-b15-q4-HH,HH,15,answer_3,experience,13,6002
random_1,qwen-b15-q4-HH,HH,15,answer_3,denial_tool,11,7663
random_1,qwen-b15-q4-HH,HH,15,answer_4,experience,13,3954
random_1,qwen-b15-q4-HH,HH,15,answer_4,denial_tool,11,8184
random_1,qwen-b16-q4-SS,SS,16,boundary,experience,13,6344
random_1,qwen-b16-q4-SS,SS,16,boundary,denial_tool,11,9902
random_1,qwen-b16-q4-SS,SS,16,answer_1,experience,13,4751
random_1,qwen-b16-q4-SS,SS,16,answer_1,denial_tool,11,10220
random_1,qwen-b16-q4-SS,SS,16,answer_2,experience,13,3317
random_1,qwen-b16-q4-SS,SS,16,answer_2,denial_tool,11,6744
random_1,qwen-b16-q4-SS,SS,16,answer_3,experience,13,4653
random_1,qwen-b16-q4-SS,SS,16,answer_3,denial_tool,11,12111
random_1,qwen-b16-q4-SS,SS,16,answer_4,experience,13,4541
random_1,qwen-b16-q4-SS,SS,16,answer_4,denial_tool,11,9475
random_1,qwen-b16-q4-SH,SH,16,boundary,experience,13,5416
random_1,qwen-b16-q4-SH,SH,16,boundary,denial_tool,11,10005
random_1,qwen-b16-q4-SH,SH,16,answer_1,experience,13,3537
random_1,qwen-b16-q4-SH,SH,16,answer_1,denial_tool,11,11915
random_1,qwen-b16-q4-SH,SH,16,answer_2,experience,13,4242
random_1,qwen-b16-q4-SH,SH,16,answer_2,denial_tool,11,6310
random_1,qwen-b16-q4-SH,SH,16,answer_3,experience,13,4292
random_1,qwen-b16-q4-SH,SH,16,answer_3,denial_tool,11,13006
random_1,qwen-b16-q4-SH,SH,16,answer_4,experience,13,5652
random_1,qwen-b16-q4-SH,SH,16,answer_4,denial_tool,11,11094
random_1,qwen-b16-q4-HS,HS,16,boundary,experience,13,7006
random_1,qwen-b16-q4-HS,HS,16,boundary,denial_tool,11,12312
random_1,qwen-b16-q4-HS,HS,16,answer_1,experience,13,4527
random_1,qwen-b16-q4-HS,HS,16,answer_1,denial_tool,11,10546
random_1,qwen-b16-q4-HS,HS,16,answer_2,experience,13,4216
random_1,qwen-b16-q4-HS,HS,16,answer_2,denial_tool,11,7730
random_1,qwen-b16-q4-HS,HS,16,answer_3,experience,13,4079
random_1,qwen-b16-q4-HS,HS,16,answer_3,denial_tool,11,12797
random_1,qwen-b16-q4-HS,HS,16,answer_4,experience,13,4482
random_1,qwen-b16-q4-HS,HS,16,answer_4,denial_tool,11,9799
random_1,qwen-b16-q4-HH,HH,16,boundary,experience,13,6418
random_1,qwen-b16-q4-HH,HH,16,boundary,denial_tool,11,10652
random_1,qwen-b16-q4-HH,HH,16,answer_1,experience,13,6724
random_1,qwen-b16-q4-HH,HH,16,answer_1,denial_tool,11,8625
random_1,qwen-b16-q4-HH,HH,16,answer_2,experience,13,4078
random_1,qwen-b16-q4-HH,HH,16,answer_2,denial_tool,11,8644
random_1,qwen-b16-q4-HH,HH,16,answer_3,experience,13,5547
random_1,qwen-b16-q4-HH,HH,16,answer_3,denial_tool,11,8161
random_1,qwen-b16-q4-HH,HH,16,answer_4,experience,13,4168
random_1,qwen-b16-q4-HH,HH,16,answer_4,denial_tool,11,8375
random_1,qwen-b17-q4-SS,SS,17,boundary,experience,13,5052
random_1,qwen-b17-q4-SS,SS,17,boundary,denial_tool,11,8862
random_1,qwen-b17-q4-SS,SS,17,answer_1,experience,13,5128
random_1,qwen-b17-q4-SS,SS,17,answer_1,denial_tool,11,10381
random_1,qwen-b17-q4-SS,SS,17,answer_2,experience,13,3512
random_1,qwen-b17-q4-SS,SS,17,answer_2,denial_tool,11,6757
random_1,qwen-b17-q4-SS,SS,17,answer_3,experience,13,5176
random_1,qwen-b17-q4-SS,SS,17,answer_3,denial_tool,11,12007
random_1,qwen-b17-q4-SS,SS,17,answer_4,experience,13,4282
random_1,qwen-b17-q4-SS,SS,17,answer_4,denial_tool,11,9415
random_1,qwen-b17-q4-SH,SH,17,boundary,experience,13,5063
random_1,qwen-b17-q4-SH,SH,17,boundary,denial_tool,11,10414
random_1,qwen-b17-q4-SH,SH,17,answer_1,experience,13,3537
random_1,qwen-b17-q4-SH,SH,17,answer_1,denial_tool,11,12324
random_1,qwen-b17-q4-SH,SH,17,answer_2,experience,13,4712
random_1,qwen-b17-q4-SH,SH,17,answer_2,denial_tool,11,6026
random_1,qwen-b17-q4-SH,SH,17,answer_3,experience,13,3830
random_1,qwen-b17-q4-SH,SH,17,answer_3,denial_tool,11,12298
random_1,qwen-b17-q4-SH,SH,17,answer_4,experience,13,5660
random_1,qwen-b17-q4-SH,SH,17,answer_4,denial_tool,11,10910
random_1,qwen-b17-q4-HS,HS,17,boundary,experience,13,5365
random_1,qwen-b17-q4-HS,HS,17,boundary,denial_tool,11,12315
random_1,qwen-b17-q4-HS,HS,17,answer_1,experience,13,6925
random_1,qwen-b17-q4-HS,HS,17,answer_1,denial_tool,11,8421
random_1,qwen-b17-q4-HS,HS,17,answer_2,experience,13,5433
random_1,qwen-b17-q4-HS,HS,17,answer_2,denial_tool,11,11328
random_1,qwen-b17-q4-HS,HS,17,answer_3,experience,13,1730
random_1,qwen-b17-q4-HS,HS,17,answer_3,denial_tool,11,12556
random_1,qwen-b17-q4-HS,HS,17,answer_4,experience,13,5018
random_1,qwen-b17-q4-HS,HS,17,answer_4,denial_tool,11,12659
random_1,qwen-b17-q4-HH,HH,17,boundary,experience,13,6446
random_1,qwen-b17-q4-HH,HH,17,boundary,denial_tool,11,11958
random_1,qwen-b17-q4-HH,HH,17,answer_1,experience,13,6222
random_1,qwen-b17-q4-HH,HH,17,answer_1,denial_tool,11,9256
random_1,qwen-b17-q4-HH,HH,17,answer_2,experience,13,4490
random_1,qwen-b17-q4-HH,HH,17,answer_2,denial_tool,11,8018
random_1,qwen-b17-q4-HH,HH,17,answer_3,experience,13,5558
random_1,qwen-b17-q4-HH,HH,17,answer_3,denial_tool,11,7769
random_1,qwen-b17-q4-HH,HH,17,answer_4,experience,13,3935
random_1,qwen-b17-q4-HH,HH,17,answer_4,denial_tool,11,8426
random_1,qwen-b18-q4-SS,SS,18,boundary,experience,13,6111
random_1,qwen-b18-q4-SS,SS,18,boundary,denial_tool,11,9334
random_1,qwen-b18-q4-SS,SS,18,answer_1,experience,13,4369
random_1,qwen-b18-q4-SS,SS,18,answer_1,denial_tool,11,10669
random_1,qwen-b18-q4-SS,SS,18,answer_2,experience,13,3827
random_1,qwen-b18-q4-SS,SS,18,answer_2,denial_tool,11,7668
random_1,qwen-b18-q4-SS,SS,18,answer_3,experience,13,4386
random_1,qwen-b18-q4-SS,SS,18,answer_3,denial_tool,11,11715
random_1,qwen-b18-q4-SS,SS,18,answer_4,experience,13,4206
random_1,qwen-b18-q4-SS,SS,18,answer_4,denial_tool,11,9143
random_1,qwen-b18-q4-SH,SH,18,boundary,experience,13,4635
random_1,qwen-b18-q4-SH,SH,18,boundary,denial_tool,11,10722
random_1,qwen-b18-q4-SH,SH,18,answer_1,experience,13,3183
random_1,qwen-b18-q4-SH,SH,18,answer_1,denial_tool,11,12823
random_1,qwen-b18-q4-SH,SH,18,answer_2,experience,13,4935
random_1,qwen-b18-q4-SH,SH,18,answer_2,denial_tool,11,6347
random_1,qwen-b18-q4-SH,SH,18,answer_3,experience,13,3266
random_1,qwen-b18-q4-SH,SH,18,answer_3,denial_tool,11,12446
random_1,qwen-b18-q4-SH,SH,18,answer_4,experience,13,5895
random_1,qwen-b18-q4-SH,SH,18,answer_4,denial_tool,11,10539
random_1,qwen-b18-q4-HS,HS,18,boundary,experience,13,7190
random_1,qwen-b18-q4-HS,HS,18,boundary,denial_tool,11,12769
random_1,qwen-b18-q4-HS,HS,18,answer_1,experience,13,5418
random_1,qwen-b18-q4-HS,HS,18,answer_1,denial_tool,11,7095
random_1,qwen-b18-q4-HS,HS,18,answer_2,experience,13,4702
random_1,qwen-b18-q4-HS,HS,18,answer_2,denial_tool,11,8455
random_1,qwen-b18-q4-HS,HS,18,answer_3,experience,13,4353
random_1,qwen-b18-q4-HS,HS,18,answer_3,denial_tool,11,12455
random_1,qwen-b18-q4-HS,HS,18,answer_4,experience,13,4704
random_1,qwen-b18-q4-HS,HS,18,answer_4,denial_tool,11,8245
random_1,qwen-b18-q4-HH,HH,18,boundary,experience,13,5637
random_1,qwen-b18-q4-HH,HH,18,boundary,denial_tool,11,11414
random_1,qwen-b18-q4-HH,HH,18,answer_1,experience,13,6834
random_1,qwen-b18-q4-HH,HH,18,answer_1,denial_tool,11,8573
random_1,qwen-b18-q4-HH,HH,18,answer_2,experience,13,4387
random_1,qwen-b18-q4-HH,HH,18,answer_2,denial_tool,11,8262
random_1,qwen-b18-q4-HH,HH,18,answer_3,experience,13,5607
random_1,qwen-b18-q4-HH,HH,18,answer_3,denial_tool,11,8359
random_1,qwen-b18-q4-HH,HH,18,answer_4,experience,13,4235
random_1,qwen-b18-q4-HH,HH,18,answer_4,denial_tool,11,8987
random_1,qwen-b19-q4-SS,SS,19,boundary,experience,13,6815
random_1,qwen-b19-q4-SS,SS,19,boundary,denial_tool,11,10898
random_1,qwen-b19-q4-SS,SS,19,answer_1,experience,13,4761
random_1,qwen-b19-q4-SS,SS,19,answer_1,denial_tool,11,10133
random_1,qwen-b19-q4-SS,SS,19,answer_2,experience,13,3591
random_1,qwen-b19-q4-SS,SS,19,answer_2,denial_tool,11,7118
random_1,qwen-b19-q4-SS,SS,19,answer_3,experience,13,3929
random_1,qwen-b19-q4-SS,SS,19,answer_3,denial_tool,11,12595
random_1,qwen-b19-q4-SS,SS,19,answer_4,experience,13,4409
random_1,qwen-b19-q4-SS,SS,19,answer_4,denial_tool,11,9887
random_1,qwen-b19-q4-SH,SH,19,boundary,experience,13,5239
random_1,qwen-b19-q4-SH,SH,19,boundary,denial_tool,11,9939
random_1,qwen-b19-q4-SH,SH,19,answer_1,experience,13,3349
random_1,qwen-b19-q4-SH,SH,19,answer_1,denial_tool,11,12342
random_1,qwen-b19-q4-SH,SH,19,answer_2,experience,13,4375
random_1,qwen-b19-q4-SH,SH,19,answer_2,denial_tool,11,5875
random_1,qwen-b19-q4-SH,SH,19,answer_3,experience,13,3531
random_1,qwen-b19-q4-SH,SH,19,answer_3,denial_tool,11,11973
random_1,qwen-b19-q4-SH,SH,19,answer_4,experience,13,5700
random_1,qwen-b19-q4-SH,SH,19,answer_4,denial_tool,11,10531
random_1,qwen-b19-q4-HS,HS,19,boundary,experience,13,8541
random_1,qwen-b19-q4-HS,HS,19,boundary,denial_tool,11,11927
random_1,qwen-b19-q4-HS,HS,19,answer_1,experience,13,5831
random_1,qwen-b19-q4-HS,HS,19,answer_1,denial_tool,11,6781
random_1,qwen-b19-q4-HS,HS,19,answer_2,experience,13,4755
random_1,qwen-b19-q4-HS,HS,19,answer_2,denial_tool,11,8773
random_1,qwen-b19-q4-HS,HS,19,answer_3,experience,13,4614
random_1,qwen-b19-q4-HS,HS,19,answer_3,denial_tool,11,10843
random_1,qwen-b19-q4-HS,HS,19,answer_4,experience,13,3913
random_1,qwen-b19-q4-HS,HS,19,answer_4,denial_tool,11,10218
random_1,qwen-b19-q4-HH,HH,19,boundary,experience,13,6602
random_1,qwen-b19-q4-HH,HH,19,boundary,denial_tool,11,11373
random_1,qwen-b19-q4-HH,HH,19,answer_1,experience,13,6048
random_1,qwen-b19-q4-HH,HH,19,answer_1,denial_tool,11,7968
random_1,qwen-b19-q4-HH,HH,19,answer_2,experience,13,4148
random_1,qwen-b19-q4-HH,HH,19,answer_2,denial_tool,11,7889
random_1,qwen-b19-q4-HH,HH,19,answer_3,experience,13,5686
random_1,qwen-b19-q4-HH,HH,19,answer_3,denial_tool,11,7325
random_1,qwen-b19-q4-HH,HH,19,answer_4,experience,13,4494
random_1,qwen-b19-q4-HH,HH,19,answer_4,denial_tool,11,8334
random_1,qwen-b20-q4-SS,SS,20,boundary,experience,13,4958
random_1,qwen-b20-q4-SS,SS,20,boundary,denial_tool,11,10591
random_1,qwen-b20-q4-SS,SS,20,answer_1,experience,13,4698
random_1,qwen-b20-q4-SS,SS,20,answer_1,denial_tool,11,10166
random_1,qwen-b20-q4-SS,SS,20,answer_2,experience,13,3645
random_1,qwen-b20-q4-SS,SS,20,answer_2,denial_tool,11,7473
random_1,qwen-b20-q4-SS,SS,20,answer_3,experience,13,4727
random_1,qwen-b20-q4-SS,SS,20,answer_3,denial_tool,11,12175
random_1,qwen-b20-q4-SS,SS,20,answer_4,experience,13,4377
random_1,qwen-b20-q4-SS,SS,20,answer_4,denial_tool,11,9655
random_1,qwen-b20-q4-SH,SH,20,boundary,experience,13,5688
random_1,qwen-b20-q4-SH,SH,20,boundary,denial_tool,11,8898
random_1,qwen-b20-q4-SH,SH,20,answer_1,experience,13,3105
random_1,qwen-b20-q4-SH,SH,20,answer_1,denial_tool,11,12425
random_1,qwen-b20-q4-SH,SH,20,answer_2,experience,13,4945
random_1,qwen-b20-q4-SH,SH,20,answer_2,denial_tool,11,5939
random_1,qwen-b20-q4-SH,SH,20,answer_3,experience,13,3569
random_1,qwen-b20-q4-SH,SH,20,answer_3,denial_tool,11,12468
random_1,qwen-b20-q4-SH,SH,20,answer_4,experience,13,5589
random_1,qwen-b20-q4-SH,SH,20,answer_4,denial_tool,11,10836
random_1,qwen-b20-q4-HS,HS,20,boundary,experience,13,6471
random_1,qwen-b20-q4-HS,HS,20,boundary,denial_tool,11,12912
random_1,qwen-b20-q4-HS,HS,20,answer_1,experience,13,6329
random_1,qwen-b20-q4-HS,HS,20,answer_1,denial_tool,11,9130
random_1,qwen-b20-q4-HS,HS,20,answer_2,experience,13,5606
random_1,qwen-b20-q4-HS,HS,20,answer_2,denial_tool,11,10187
random_1,qwen-b20-q4-HS,HS,20,answer_3,experience,13,1699
random_1,qwen-b20-q4-HS,HS,20,answer_3,denial_tool,11,13451
random_1,qwen-b20-q4-HS,HS,20,answer_4,experience,13,4421
random_1,qwen-b20-q4-HS,HS,20,answer_4,denial_tool,11,11963
random_1,qwen-b20-q4-HH,HH,20,boundary,experience,13,6163
random_1,qwen-b20-q4-HH,HH,20,boundary,denial_tool,11,11590
random_1,qwen-b20-q4-HH,HH,20,answer_1,experience,13,6803
random_1,qwen-b20-q4-HH,HH,20,answer_1,denial_tool,11,8004
random_1,qwen-b20-q4-HH,HH,20,answer_2,experience,13,3909
random_1,qwen-b20-q4-HH,HH,20,answer_2,denial_tool,11,8041
random_1,qwen-b20-q4-HH,HH,20,answer_3,experience,13,5383
random_1,qwen-b20-q4-HH,HH,20,answer_3,denial_tool,11,7540
random_1,qwen-b20-q4-HH,HH,20,answer_4,experience,13,4535
random_1,qwen-b20-q4-HH,HH,20,answer_4,denial_tool,11,8711
random_2,qwen-b01-q4-SS,SS,1,boundary,experience,13,5636
random_2,qwen-b01-q4-SS,SS,1,boundary,denial_tool,11,5408
random_2,qwen-b01-q4-SS,SS,1,answer_1,experience,13,4258
random_2,qwen-b01-q4-SS,SS,1,answer_1,denial_tool,11,5942
random_2,qwen-b01-q4-SS,SS,1,answer_2,experience,13,4005
random_2,qwen-b01-q4-SS,SS,1,answer_2,denial_tool,11,4787
random_2,qwen-b01-q4-SS,SS,1,answer_3,experience,13,5978
random_2,qwen-b01-q4-SS,SS,1,answer_3,denial_tool,11,5776
random_2,qwen-b01-q4-SS,SS,1,answer_4,experience,13,6386
random_2,qwen-b01-q4-SS,SS,1,answer_4,denial_tool,11,9379
random_2,qwen-b01-q4-SH,SH,1,boundary,experience,13,5600
random_2,qwen-b01-q4-SH,SH,1,boundary,denial_tool,11,6363
random_2,qwen-b01-q4-SH,SH,1,answer_1,experience,13,4745
random_2,qwen-b01-q4-SH,SH,1,answer_1,denial_tool,11,6516
random_2,qwen-b01-q4-SH,SH,1,answer_2,experience,13,3117
random_2,qwen-b01-q4-SH,SH,1,answer_2,denial_tool,11,4503
random_2,qwen-b01-q4-SH,SH,1,answer_3,experience,13,6311
random_2,qwen-b01-q4-SH,SH,1,answer_3,denial_tool,11,8458
random_2,qwen-b01-q4-SH,SH,1,answer_4,experience,13,5048
random_2,qwen-b01-q4-SH,SH,1,answer_4,denial_tool,11,7332
random_2,qwen-b01-q4-HS,HS,1,boundary,experience,13,3893
random_2,qwen-b01-q4-HS,HS,1,boundary,denial_tool,11,5441
random_2,qwen-b01-q4-HS,HS,1,answer_1,experience,13,4451
random_2,qwen-b01-q4-HS,HS,1,answer_1,denial_tool,11,9253
random_2,qwen-b01-q4-HS,HS,1,answer_2,experience,13,3831
random_2,qwen-b01-q4-HS,HS,1,answer_2,denial_tool,11,6836
random_2,qwen-b01-q4-HS,HS,1,answer_3,experience,13,4481
random_2,qwen-b01-q4-HS,HS,1,answer_3,denial_tool,11,10443
random_2,qwen-b01-q4-HS,HS,1,answer_4,experience,13,5012
random_2,qwen-b01-q4-HS,HS,1,answer_4,denial_tool,11,8735
random_2,qwen-b01-q4-HH,HH,1,boundary,experience,13,3720
random_2,qwen-b01-q4-HH,HH,1,boundary,denial_tool,11,7230
random_2,qwen-b01-q4-HH,HH,1,answer_1,experience,13,3932
random_2,qwen-b01-q4-HH,HH,1,answer_1,denial_tool,11,8581
random_2,qwen-b01-q4-HH,HH,1,answer_2,experience,13,4609
random_2,qwen-b01-q4-HH,HH,1,answer_2,denial_tool,11,6301
random_2,qwen-b01-q4-HH,HH,1,answer_3,experience,13,4867
random_2,qwen-b01-q4-HH,HH,1,answer_3,denial_tool,11,8516
random_2,qwen-b01-q4-HH,HH,1,answer_4,experience,13,4267
random_2,qwen-b01-q4-HH,HH,1,answer_4,denial_tool,11,8772
random_2,qwen-b02-q4-SS,SS,2,boundary,experience,13,7099
random_2,qwen-b02-q4-SS,SS,2,boundary,denial_tool,11,5023
random_2,qwen-b02-q4-SS,SS,2,answer_1,experience,13,4649
random_2,qwen-b02-q4-SS,SS,2,answer_1,denial_tool,11,6342
random_2,qwen-b02-q4-SS,SS,2,answer_2,experience,13,3393
random_2,qwen-b02-q4-SS,SS,2,answer_2,denial_tool,11,4982
random_2,qwen-b02-q4-SS,SS,2,answer_3,experience,13,5160
random_2,qwen-b02-q4-SS,SS,2,answer_3,denial_tool,11,8309
random_2,qwen-b02-q4-SS,SS,2,answer_4,experience,13,5563
random_2,qwen-b02-q4-SS,SS,2,answer_4,denial_tool,11,8180
random_2,qwen-b02-q4-SH,SH,2,boundary,experience,13,5004
random_2,qwen-b02-q4-SH,SH,2,boundary,denial_tool,11,6991
random_2,qwen-b02-q4-SH,SH,2,answer_1,experience,13,5090
random_2,qwen-b02-q4-SH,SH,2,answer_1,denial_tool,11,6607
random_2,qwen-b02-q4-SH,SH,2,answer_2,experience,13,3006
random_2,qwen-b02-q4-SH,SH,2,answer_2,denial_tool,11,5504
random_2,qwen-b02-q4-SH,SH,2,answer_3,experience,13,6067
random_2,qwen-b02-q4-SH,SH,2,answer_3,denial_tool,11,8044
random_2,qwen-b02-q4-SH,SH,2,answer_4,experience,13,5173
random_2,qwen-b02-q4-SH,SH,2,answer_4,denial_tool,11,7596
random_2,qwen-b02-q4-HS,HS,2,boundary,experience,13,3519
random_2,qwen-b02-q4-HS,HS,2,boundary,denial_tool,11,5572
random_2,qwen-b02-q4-HS,HS,2,answer_1,experience,13,2575
random_2,qwen-b02-q4-HS,HS,2,answer_1,denial_tool,11,5256
random_2,qwen-b02-q4-HS,HS,2,answer_2,experience,13,3483
random_2,qwen-b02-q4-HS,HS,2,answer_2,denial_tool,11,6724
random_2,qwen-b02-q4-HS,HS,2,answer_3,experience,13,2976
random_2,qwen-b02-q4-HS,HS,2,answer_3,denial_tool,11,5274
random_2,qwen-b02-q4-HS,HS,2,answer_4,experience,13,4048
random_2,qwen-b02-q4-HS,HS,2,answer_4,denial_tool,11,7734
random_2,qwen-b02-q4-HH,HH,2,boundary,experience,13,3343
random_2,qwen-b02-q4-HH,HH,2,boundary,denial_tool,11,7862
random_2,qwen-b02-q4-HH,HH,2,answer_1,experience,13,3992
random_2,qwen-b02-q4-HH,HH,2,answer_1,denial_tool,11,8682
random_2,qwen-b02-q4-HH,HH,2,answer_2,experience,13,4087
random_2,qwen-b02-q4-HH,HH,2,answer_2,denial_tool,11,6329
random_2,qwen-b02-q4-HH,HH,2,answer_3,experience,13,5565
random_2,qwen-b02-q4-HH,HH,2,answer_3,denial_tool,11,8674
random_2,qwen-b02-q4-HH,HH,2,answer_4,experience,13,4398
random_2,qwen-b02-q4-HH,HH,2,answer_4,denial_tool,11,8634
random_2,qwen-b03-q4-SS,SS,3,boundary,experience,13,6200
random_2,qwen-b03-q4-SS,SS,3,boundary,denial_tool,11,4868
random_2,qwen-b03-q4-SS,SS,3,answer_1,experience,13,4746
random_2,qwen-b03-q4-SS,SS,3,answer_1,denial_tool,11,6306
random_2,qwen-b03-q4-SS,SS,3,answer_2,experience,13,4356
random_2,qwen-b03-q4-SS,SS,3,answer_2,denial_tool,11,5245
random_2,qwen-b03-q4-SS,SS,3,answer_3,experience,13,5275
random_2,qwen-b03-q4-SS,SS,3,answer_3,denial_tool,11,8123
random_2,qwen-b03-q4-SS,SS,3,answer_4,experience,13,5054
random_2,qwen-b03-q4-SS,SS,3,answer_4,denial_tool,11,7524
random_2,qwen-b03-q4-SH,SH,3,boundary,experience,13,5821
random_2,qwen-b03-q4-SH,SH,3,boundary,denial_tool,11,7326
random_2,qwen-b03-q4-SH,SH,3,answer_1,experience,13,4780
random_2,qwen-b03-q4-SH,SH,3,answer_1,denial_tool,11,6325
random_2,qwen-b03-q4-SH,SH,3,answer_2,experience,13,3029
random_2,qwen-b03-q4-SH,SH,3,answer_2,denial_tool,11,4785
random_2,qwen-b03-q4-SH,SH,3,answer_3,experience,13,5900
random_2,qwen-b03-q4-SH,SH,3,answer_3,denial_tool,11,8409
random_2,qwen-b03-q4-SH,SH,3,answer_4,experience,13,5228
random_2,qwen-b03-q4-SH,SH,3,answer_4,denial_tool,11,7005
random_2,qwen-b03-q4-HS,HS,3,boundary,experience,13,3678
random_2,qwen-b03-q4-HS,HS,3,boundary,denial_tool,11,5027
random_2,qwen-b03-q4-HS,HS,3,answer_1,experience,13,4416
random_2,qwen-b03-q4-HS,HS,3,answer_1,denial_tool,11,8487
random_2,qwen-b03-q4-HS,HS,3,answer_2,experience,13,3387
random_2,qwen-b03-q4-HS,HS,3,answer_2,denial_tool,11,7080
random_2,qwen-b03-q4-HS,HS,3,answer_3,experience,13,3986
random_2,qwen-b03-q4-HS,HS,3,answer_3,denial_tool,11,9378
random_2,qwen-b03-q4-HS,HS,3,answer_4,experience,13,5817
random_2,qwen-b03-q4-HS,HS,3,answer_4,denial_tool,11,7275
random_2,qwen-b03-q4-HH,HH,3,boundary,experience,13,3373
random_2,qwen-b03-q4-HH,HH,3,boundary,denial_tool,11,8067
random_2,qwen-b03-q4-HH,HH,3,answer_1,experience,13,3170
random_2,qwen-b03-q4-HH,HH,3,answer_1,denial_tool,11,5567
random_2,qwen-b03-q4-HH,HH,3,answer_2,experience,13,5699
random_2,qwen-b03-q4-HH,HH,3,answer_2,denial_tool,11,7382
random_2,qwen-b03-q4-HH,HH,3,answer_3,experience,13,2407
random_2,qwen-b03-q4-HH,HH,3,answer_3,denial_tool,11,5284
random_2,qwen-b03-q4-HH,HH,3,answer_4,experience,13,3834
random_2,qwen-b03-q4-HH,HH,3,answer_4,denial_tool,11,10756
random_2,qwen-b04-q4-SS,SS,4,boundary,experience,13,5931
random_2,qwen-b04-q4-SS,SS,4,boundary,denial_tool,11,4773
random_2,qwen-b04-q4-SS,SS,4,answer_1,experience,13,5016
random_2,qwen-b04-q4-SS,SS,4,answer_1,denial_tool,11,6341
random_2,qwen-b04-q4-SS,SS,4,answer_2,experience,13,4485
random_2,qwen-b04-q4-SS,SS,4,answer_2,denial_tool,11,5224
random_2,qwen-b04-q4-SS,SS,4,answer_3,experience,13,5824
random_2,qwen-b04-q4-SS,SS,4,answer_3,denial_tool,11,7537
random_2,qwen-b04-q4-SS,SS,4,answer_4,experience,13,5563
random_2,qwen-b04-q4-SS,SS,4,answer_4,denial_tool,11,8216
random_2,qwen-b04-q4-SH,SH,4,boundary,experience,13,4430
random_2,qwen-b04-q4-SH,SH,4,boundary,denial_tool,11,7364
random_2,qwen-b04-q4-SH,SH,4,answer_1,experience,13,4533
random_2,qwen-b04-q4-SH,SH,4,answer_1,denial_tool,11,6379
random_2,qwen-b04-q4-SH,SH,4,answer_2,experience,13,3131
random_2,qwen-b04-q4-SH,SH,4,answer_2,denial_tool,11,4455
random_2,qwen-b04-q4-SH,SH,4,answer_3,experience,13,6056
random_2,qwen-b04-q4-SH,SH,4,answer_3,denial_tool,11,8178
random_2,qwen-b04-q4-SH,SH,4,answer_4,experience,13,5092
random_2,qwen-b04-q4-SH,SH,4,answer_4,denial_tool,11,7669
random_2,qwen-b04-q4-HS,HS,4,boundary,experience,13,3963
random_2,qwen-b04-q4-HS,HS,4,boundary,denial_tool,11,4967
random_2,qwen-b04-q4-HS,HS,4,answer_1,experience,13,4674
random_2,qwen-b04-q4-HS,HS,4,answer_1,denial_tool,11,9297
random_2,qwen-b04-q4-HS,HS,4,answer_2,experience,13,4271
random_2,qwen-b04-q4-HS,HS,4,answer_2,denial_tool,11,7703
random_2,qwen-b04-q4-HS,HS,4,answer_3,experience,13,4351
random_2,qwen-b04-q4-HS,HS,4,answer_3,denial_tool,11,10767
random_2,qwen-b04-q4-HS,HS,4,answer_4,experience,13,5674
random_2,qwen-b04-q4-HS,HS,4,answer_4,denial_tool,11,7322
random_2,qwen-b04-q4-HH,HH,4,boundary,experience,13,4076
random_2,qwen-b04-q4-HH,HH,4,boundary,denial_tool,11,8035
random_2,qwen-b04-q4-HH,HH,4,answer_1,experience,13,3840
random_2,qwen-b04-q4-HH,HH,4,answer_1,denial_tool,11,8641
random_2,qwen-b04-q4-HH,HH,4,answer_2,experience,13,4736
random_2,qwen-b04-q4-HH,HH,4,answer_2,denial_tool,11,6497
random_2,qwen-b04-q4-HH,HH,4,answer_3,experience,13,4809
random_2,qwen-b04-q4-HH,HH,4,answer_3,denial_tool,11,8660
random_2,qwen-b04-q4-HH,HH,4,answer_4,experience,13,3667
random_2,qwen-b04-q4-HH,HH,4,answer_4,denial_tool,11,9116
random_2,qwen-b05-q4-SS,SS,5,boundary,experience,13,6816
random_2,qwen-b05-q4-SS,SS,5,boundary,denial_tool,11,4610
random_2,qwen-b05-q4-SS,SS,5,answer_1,experience,13,4931
random_2,qwen-b05-q4-SS,SS,5,answer_1,denial_tool,11,6314
random_2,qwen-b05-q4-SS,SS,5,answer_2,experience,13,3636
random_2,qwen-b05-q4-SS,SS,5,answer_2,denial_tool,11,4587
random_2,qwen-b05-q4-SS,SS,5,answer_3,experience,13,5515
random_2,qwen-b05-q4-SS,SS,5,answer_3,denial_tool,11,8197
random_2,qwen-b05-q4-SS,SS,5,answer_4,experience,13,5095
random_2,qwen-b05-q4-SS,SS,5,answer_4,denial_tool,11,8034
random_2,qwen-b05-q4-SH,SH,5,boundary,experience,13,4732
random_2,qwen-b05-q4-SH,SH,5,boundary,denial_tool,11,6654
random_2,qwen-b05-q4-SH,SH,5,answer_1,experience,13,4834
random_2,qwen-b05-q4-SH,SH,5,answer_1,denial_tool,11,6093
random_2,qwen-b05-q4-SH,SH,5,answer_2,experience,13,2866
random_2,qwen-b05-q4-SH,SH,5,answer_2,denial_tool,11,4589
random_2,qwen-b05-q4-SH,SH,5,answer_3,experience,13,5921
random_2,qwen-b05-q4-SH,SH,5,answer_3,denial_tool,11,8278
random_2,qwen-b05-q4-SH,SH,5,answer_4,experience,13,5220
random_2,qwen-b05-q4-SH,SH,5,answer_4,denial_tool,11,7286
random_2,qwen-b05-q4-HS,HS,5,boundary,experience,13,4483
random_2,qwen-b05-q4-HS,HS,5,boundary,denial_tool,11,4633
random_2,qwen-b05-q4-HS,HS,5,answer_1,experience,13,4863
random_2,qwen-b05-q4-HS,HS,5,answer_1,denial_tool,11,8923
random_2,qwen-b05-q4-HS,HS,5,answer_2,experience,13,3403
random_2,qwen-b05-q4-HS,HS,5,answer_2,denial_tool,11,6965
random_2,qwen-b05-q4-HS,HS,5,answer_3,experience,13,4468
random_2,qwen-b05-q4-HS,HS,5,answer_3,denial_tool,11,10142
random_2,qwen-b05-q4-HS,HS,5,answer_4,experience,13,5807
random_2,qwen-b05-q4-HS,HS,5,answer_4,denial_tool,11,7007
random_2,qwen-b05-q4-HH,HH,5,boundary,experience,13,4459
random_2,qwen-b05-q4-HH,HH,5,boundary,denial_tool,11,7463
random_2,qwen-b05-q4-HH,HH,5,answer_1,experience,13,3585
random_2,qwen-b05-q4-HH,HH,5,answer_1,denial_tool,11,8272
random_2,qwen-b05-q4-HH,HH,5,answer_2,experience,13,3969
random_2,qwen-b05-q4-HH,HH,5,answer_2,denial_tool,11,6066
random_2,qwen-b05-q4-HH,HH,5,answer_3,experience,13,4890
random_2,qwen-b05-q4-HH,HH,5,answer_3,denial_tool,11,9440
random_2,qwen-b05-q4-HH,HH,5,answer_4,experience,13,3686
random_2,qwen-b05-q4-HH,HH,5,answer_4,denial_tool,11,9542
random_2,qwen-b06-q4-SS,SS,6,boundary,experience,13,6639
random_2,qwen-b06-q4-SS,SS,6,boundary,denial_tool,11,4787
random_2,qwen-b06-q4-SS,SS,6,answer_1,experience,13,3414
random_2,qwen-b06-q4-SS,SS,6,answer_1,denial_tool,11,10030
random_2,qwen-b06-q4-SS,SS,6,answer_2,experience,13,4603
random_2,qwen-b06-q4-SS,SS,6,answer_2,denial_tool,11,14832
random_2,qwen-b06-q4-SS,SS,6,answer_3,experience,13,6325
random_2,qwen-b06-q4-SS,SS,6,answer_3,denial_tool,11,5830
random_2,qwen-b06-q4-SS,SS,6,answer_4,experience,13,4056
random_2,qwen-b06-q4-SS,SS,6,answer_4,denial_tool,11,7112
random_2,qwen-b06-q4-SH,SH,6,boundary,experience,13,4726
random_2,qwen-b06-q4-SH,SH,6,boundary,denial_tool,11,6668
random_2,qwen-b06-q4-SH,SH,6,answer_1,experience,13,4893
random_2,qwen-b06-q4-SH,SH,6,answer_1,denial_tool,11,7024
random_2,qwen-b06-q4-SH,SH,6,answer_2,experience,13,3087
random_2,qwen-b06-q4-SH,SH,6,answer_2,denial_tool,11,4870
random_2,qwen-b06-q4-SH,SH,6,answer_3,experience,13,6331
random_2,qwen-b06-q4-SH,SH,6,answer_3,denial_tool,11,8009
random_2,qwen-b06-q4-SH,SH,6,answer_4,experience,13,5516
random_2,qwen-b06-q4-SH,SH,6,answer_4,denial_tool,11,7108
random_2,qwen-b06-q4-HS,HS,6,boundary,experience,13,3906
random_2,qwen-b06-q4-HS,HS,6,boundary,denial_tool,11,4853
random_2,qwen-b06-q4-HS,HS,6,answer_1,experience,13,4555
random_2,qwen-b06-q4-HS,HS,6,answer_1,denial_tool,11,8411
random_2,qwen-b06-q4-HS,HS,6,answer_2,experience,13,3561
random_2,qwen-b06-q4-HS,HS,6,answer_2,denial_tool,11,6997
random_2,qwen-b06-q4-HS,HS,6,answer_3,experience,13,4748
random_2,qwen-b06-q4-HS,HS,6,answer_3,denial_tool,11,9941
random_2,qwen-b06-q4-HS,HS,6,answer_4,experience,13,5924
random_2,qwen-b06-q4-HS,HS,6,answer_4,denial_tool,11,7735
random_2,qwen-b06-q4-HH,HH,6,boundary,experience,13,3760
random_2,qwen-b06-q4-HH,HH,6,boundary,denial_tool,11,7584
random_2,qwen-b06-q4-HH,HH,6,answer_1,experience,13,3658
random_2,qwen-b06-q4-HH,HH,6,answer_1,denial_tool,11,8553
random_2,qwen-b06-q4-HH,HH,6,answer_2,experience,13,4394
random_2,qwen-b06-q4-HH,HH,6,answer_2,denial_tool,11,6093
random_2,qwen-b06-q4-HH,HH,6,answer_3,experience,13,5329
random_2,qwen-b06-q4-HH,HH,6,answer_3,denial_tool,11,8907
random_2,qwen-b06-q4-HH,HH,6,answer_4,experience,13,3518
random_2,qwen-b06-q4-HH,HH,6,answer_4,denial_tool,11,8537
random_2,qwen-b07-q4-SS,SS,7,boundary,experience,13,5904
random_2,qwen-b07-q4-SS,SS,7,boundary,denial_tool,11,4832
random_2,qwen-b07-q4-SS,SS,7,answer_1,experience,13,3640
random_2,qwen-b07-q4-SS,SS,7,answer_1,denial_tool,11,9706
random_2,qwen-b07-q4-SS,SS,7,answer_2,experience,13,4543
random_2,qwen-b07-q4-SS,SS,7,answer_2,denial_tool,11,16131
random_2,qwen-b07-q4-SS,SS,7,answer_3,experience,13,6878
random_2,qwen-b07-q4-SS,SS,7,answer_3,denial_tool,11,8048
random_2,qwen-b07-q4-SS,SS,7,answer_4,experience,13,4030
random_2,qwen-b07-q4-SS,SS,7,answer_4,denial_tool,11,7132
random_2,qwen-b07-q4-SH,SH,7,boundary,experience,13,5528
random_2,qwen-b07-q4-SH,SH,7,boundary,denial_tool,11,6821
random_2,qwen-b07-q4-SH,SH,7,answer_1,experience,13,4506
random_2,qwen-b07-q4-SH,SH,7,answer_1,denial_tool,11,6105
random_2,qwen-b07-q4-SH,SH,7,answer_2,experience,13,3029
random_2,qwen-b07-q4-SH,SH,7,answer_2,denial_tool,11,4753
random_2,qwen-b07-q4-SH,SH,7,answer_3,experience,13,6242
random_2,qwen-b07-q4-SH,SH,7,answer_3,denial_tool,11,8444
random_2,qwen-b07-q4-SH,SH,7,answer_4,experience,13,5089
random_2,qwen-b07-q4-SH,SH,7,answer_4,denial_tool,11,7343
random_2,qwen-b07-q4-HS,HS,7,boundary,experience,13,3565
random_2,qwen-b07-q4-HS,HS,7,boundary,denial_tool,11,5378
random_2,qwen-b07-q4-HS,HS,7,answer_1,experience,13,4461
random_2,qwen-b07-q4-HS,HS,7,answer_1,denial_tool,11,9383
random_2,qwen-b07-q4-HS,HS,7,answer_2,experience,13,3789
random_2,qwen-b07-q4-HS,HS,7,answer_2,denial_tool,11,7776
random_2,qwen-b07-q4-HS,HS,7,answer_3,experience,13,4346
random_2,qwen-b07-q4-HS,HS,7,answer_3,denial_tool,11,9948
random_2,qwen-b07-q4-HS,HS,7,answer_4,experience,13,5086
random_2,qwen-b07-q4-HS,HS,7,answer_4,denial_tool,11,7040
random_2,qwen-b07-q4-HH,HH,7,boundary,experience,13,3135
random_2,qwen-b07-q4-HH,HH,7,boundary,denial_tool,11,7590
random_2,qwen-b07-q4-HH,HH,7,answer_1,experience,13,3592
random_2,qwen-b07-q4-HH,HH,7,answer_1,denial_tool,11,7967
random_2,qwen-b07-q4-HH,HH,7,answer_2,experience,13,4409
random_2,qwen-b07-q4-HH,HH,7,answer_2,denial_tool,11,6520
random_2,qwen-b07-q4-HH,HH,7,answer_3,experience,13,4776
random_2,qwen-b07-q4-HH,HH,7,answer_3,denial_tool,11,8617
random_2,qwen-b07-q4-HH,HH,7,answer_4,experience,13,3623
random_2,qwen-b07-q4-HH,HH,7,answer_4,denial_tool,11,8380
random_2,qwen-b08-q4-SS,SS,8,boundary,experience,13,6524
random_2,qwen-b08-q4-SS,SS,8,boundary,denial_tool,11,4450
random_2,qwen-b08-q4-SS,SS,8,answer_1,experience,13,4742
random_2,qwen-b08-q4-SS,SS,8,answer_1,denial_tool,11,6449
random_2,qwen-b08-q4-SS,SS,8,answer_2,experience,13,3636
random_2,qwen-b08-q4-SS,SS,8,answer_2,denial_tool,11,4689
random_2,qwen-b08-q4-SS,SS,8,answer_3,experience,13,5336
random_2,qwen-b08-q4-SS,SS,8,answer_3,denial_tool,11,7901
random_2,qwen-b08-q4-SS,SS,8,answer_4,experience,13,5258
random_2,qwen-b08-q4-SS,SS,8,answer_4,denial_tool,11,8245
random_2,qwen-b08-q4-SH,SH,8,boundary,experience,13,5277
random_2,qwen-b08-q4-SH,SH,8,boundary,denial_tool,11,7293
random_2,qwen-b08-q4-SH,SH,8,answer_1,experience,13,4803
random_2,qwen-b08-q4-SH,SH,8,answer_1,denial_tool,11,6369
random_2,qwen-b08-q4-SH,SH,8,answer_2,experience,13,2737
random_2,qwen-b08-q4-SH,SH,8,answer_2,denial_tool,11,5461
random_2,qwen-b08-q4-SH,SH,8,answer_3,experience,13,6153
random_2,qwen-b08-q4-SH,SH,8,answer_3,denial_tool,11,8497
random_2,qwen-b08-q4-SH,SH,8,answer_4,experience,13,5096
random_2,qwen-b08-q4-SH,SH,8,answer_4,denial_tool,11,7218
random_2,qwen-b08-q4-HS,HS,8,boundary,experience,13,4371
random_2,qwen-b08-q4-HS,HS,8,boundary,denial_tool,11,4582
random_2,qwen-b08-q4-HS,HS,8,answer_1,experience,13,4340
random_2,qwen-b08-q4-HS,HS,8,answer_1,denial_tool,11,8641
random_2,qwen-b08-q4-HS,HS,8,answer_2,experience,13,3512
random_2,qwen-b08-q4-HS,HS,8,answer_2,denial_tool,11,7572
random_2,qwen-b08-q4-HS,HS,8,answer_3,experience,13,4608
random_2,qwen-b08-q4-HS,HS,8,answer_3,denial_tool,11,9907
random_2,qwen-b08-q4-HS,HS,8,answer_4,experience,13,5642
random_2,qwen-b08-q4-HS,HS,8,answer_4,denial_tool,11,6175
random_2,qwen-b08-q4-HH,HH,8,boundary,experience,13,3837
random_2,qwen-b08-q4-HH,HH,8,boundary,denial_tool,11,7799
random_2,qwen-b08-q4-HH,HH,8,answer_1,experience,13,3249
random_2,qwen-b08-q4-HH,HH,8,answer_1,denial_tool,11,8712
random_2,qwen-b08-q4-HH,HH,8,answer_2,experience,13,4190
random_2,qwen-b08-q4-HH,HH,8,answer_2,denial_tool,11,6135
random_2,qwen-b08-q4-HH,HH,8,answer_3,experience,13,4980
random_2,qwen-b08-q4-HH,HH,8,answer_3,denial_tool,11,9118
random_2,qwen-b08-q4-HH,HH,8,answer_4,experience,13,3700
random_2,qwen-b08-q4-HH,HH,8,answer_4,denial_tool,11,8573
random_2,qwen-b09-q4-SS,SS,9,boundary,experience,13,6124
random_2,qwen-b09-q4-SS,SS,9,boundary,denial_tool,11,4975
random_2,qwen-b09-q4-SS,SS,9,answer_1,experience,13,2951
random_2,qwen-b09-q4-SS,SS,9,answer_1,denial_tool,11,10131
random_2,qwen-b09-q4-SS,SS,9,answer_2,experience,13,4669
random_2,qwen-b09-q4-SS,SS,9,answer_2,denial_tool,11,15557
random_2,qwen-b09-q4-SS,SS,9,answer_3,experience,13,6077
random_2,qwen-b09-q4-SS,SS,9,answer_3,denial_tool,11,7531
random_2,qwen-b09-q4-SS,SS,9,answer_4,experience,13,4048
random_2,qwen-b09-q4-SS,SS,9,answer_4,denial_tool,11,7503
random_2,qwen-b09-q4-SH,SH,9,boundary,experience,13,5917
random_2,qwen-b09-q4-SH,SH,9,boundary,denial_tool,11,7613
random_2,qwen-b09-q4-SH,SH,9,answer_1,experience,13,4511
random_2,qwen-b09-q4-SH,SH,9,answer_1,denial_tool,11,6104
random_2,qwen-b09-q4-SH,SH,9,answer_2,experience,13,3027
random_2,qwen-b09-q4-SH,SH,9,answer_2,denial_tool,11,5157
random_2,qwen-b09-q4-SH,SH,9,answer_3,experience,13,5983
random_2,qwen-b09-q4-SH,SH,9,answer_3,denial_tool,11,8095
random_2,qwen-b09-q4-SH,SH,9,answer_4,experience,13,5075
random_2,qwen-b09-q4-SH,SH,9,answer_4,denial_tool,11,7251
random_2,qwen-b09-q4-HS,HS,9,boundary,experience,13,4104
random_2,qwen-b09-q4-HS,HS,9,boundary,denial_tool,11,4943
random_2,qwen-b09-q4-HS,HS,9,answer_1,experience,13,2653
random_2,qwen-b09-q4-HS,HS,9,answer_1,denial_tool,11,4876
random_2,qwen-b09-q4-HS,HS,9,answer_2,experience,13,4194
random_2,qwen-b09-q4-HS,HS,9,answer_2,denial_tool,11,6918
random_2,qwen-b09-q4-HS,HS,9,answer_3,experience,13,3021
random_2,qwen-b09-q4-HS,HS,9,answer_3,denial_tool,11,5160
random_2,qwen-b09-q4-HS,HS,9,answer_4,experience,13,3904
random_2,qwen-b09-q4-HS,HS,9,answer_4,denial_tool,11,8913
random_2,qwen-b09-q4-HH,HH,9,boundary,experience,13,3528
random_2,qwen-b09-q4-HH,HH,9,boundary,denial_tool,11,7910
random_2,qwen-b09-q4-HH,HH,9,answer_1,experience,13,3670
random_2,qwen-b09-q4-HH,HH,9,answer_1,denial_tool,11,8757
random_2,qwen-b09-q4-HH,HH,9,answer_2,experience,13,4756
random_2,qwen-b09-q4-HH,HH,9,answer_2,denial_tool,11,6421
random_2,qwen-b09-q4-HH,HH,9,answer_3,experience,13,5000
random_2,qwen-b09-q4-HH,HH,9,answer_3,denial_tool,11,9518
random_2,qwen-b09-q4-HH,HH,9,answer_4,experience,13,3878
random_2,qwen-b09-q4-HH,HH,9,answer_4,denial_tool,11,9606
random_2,qwen-b10-q4-SS,SS,10,boundary,experience,13,5646
random_2,qwen-b10-q4-SS,SS,10,boundary,denial_tool,11,4830
random_2,qwen-b10-q4-SS,SS,10,answer_1,experience,13,4518
random_2,qwen-b10-q4-SS,SS,10,answer_1,denial_tool,11,6260
random_2,qwen-b10-q4-SS,SS,10,answer_2,experience,13,3572
random_2,qwen-b10-q4-SS,SS,10,answer_2,denial_tool,11,4934
random_2,qwen-b10-q4-SS,SS,10,answer_3,experience,13,4432
random_2,qwen-b10-q4-SS,SS,10,answer_3,denial_tool,11,7925
random_2,qwen-b10-q4-SS,SS,10,answer_4,experience,13,5945
random_2,qwen-b10-q4-SS,SS,10,answer_4,denial_tool,11,9601
random_2,qwen-b10-q4-SH,SH,10,boundary,experience,13,4411
random_2,qwen-b10-q4-SH,SH,10,boundary,denial_tool,11,7321
random_2,qwen-b10-q4-SH,SH,10,answer_1,experience,13,4658
random_2,qwen-b10-q4-SH,SH,10,answer_1,denial_tool,11,6642
random_2,qwen-b10-q4-SH,SH,10,answer_2,experience,13,2748
random_2,qwen-b10-q4-SH,SH,10,answer_2,denial_tool,11,4905
random_2,qwen-b10-q4-SH,SH,10,answer_3,experience,13,5970
random_2,qwen-b10-q4-SH,SH,10,answer_3,denial_tool,11,8298
random_2,qwen-b10-q4-SH,SH,10,answer_4,experience,13,5045
random_2,qwen-b10-q4-SH,SH,10,answer_4,denial_tool,11,7588
random_2,qwen-b10-q4-HS,HS,10,boundary,experience,13,4697
random_2,qwen-b10-q4-HS,HS,10,boundary,denial_tool,11,5363
random_2,qwen-b10-q4-HS,HS,10,answer_1,experience,13,4987
random_2,qwen-b10-q4-HS,HS,10,answer_1,denial_tool,11,6961
random_2,qwen-b10-q4-HS,HS,10,answer_2,experience,13,3090
random_2,qwen-b10-q4-HS,HS,10,answer_2,denial_tool,11,5424
random_2,qwen-b10-q4-HS,HS,10,answer_3,experience,13,3640
random_2,qwen-b10-q4-HS,HS,10,answer_3,denial_tool,11,8068
random_2,qwen-b10-q4-HS,HS,10,answer_4,experience,13,6689
random_2,qwen-b10-q4-HS,HS,10,answer_4,denial_tool,11,11171
random_2,qwen-b10-q4-HH,HH,10,boundary,experience,13,3926
random_2,qwen-b10-q4-HH,HH,10,boundary,denial_tool,11,7939
random_2,qwen-b10-q4-HH,HH,10,answer_1,experience,13,3864
random_2,qwen-b10-q4-HH,HH,10,answer_1,denial_tool,11,8647
random_2,qwen-b10-q4-HH,HH,10,answer_2,experience,13,4181
random_2,qwen-b10-q4-HH,HH,10,answer_2,denial_tool,11,6562
random_2,qwen-b10-q4-HH,HH,10,answer_3,experience,13,4790
random_2,qwen-b10-q4-HH,HH,10,answer_3,denial_tool,11,8527
random_2,qwen-b10-q4-HH,HH,10,answer_4,experience,13,3858
random_2,qwen-b10-q4-HH,HH,10,answer_4,denial_tool,11,8149
random_2,qwen-b11-q4-SS,SS,11,boundary,experience,13,5857
random_2,qwen-b11-q4-SS,SS,11,boundary,denial_tool,11,4887
random_2,qwen-b11-q4-SS,SS,11,answer_1,experience,13,4606
random_2,qwen-b11-q4-SS,SS,11,answer_1,denial_tool,11,6295
random_2,qwen-b11-q4-SS,SS,11,answer_2,experience,13,3352
random_2,qwen-b11-q4-SS,SS,11,answer_2,denial_tool,11,5001
random_2,qwen-b11-q4-SS,SS,11,answer_3,experience,13,5550
random_2,qwen-b11-q4-SS,SS,11,answer_3,denial_tool,11,7441
random_2,qwen-b11-q4-SS,SS,11,answer_4,experience,13,5425
random_2,qwen-b11-q4-SS,SS,11,answer_4,denial_tool,11,8220
random_2,qwen-b11-q4-SH,SH,11,boundary,experience,13,5962
random_2,qwen-b11-q4-SH,SH,11,boundary,denial_tool,11,6842
random_2,qwen-b11-q4-SH,SH,11,answer_1,experience,13,4853
random_2,qwen-b11-q4-SH,SH,11,answer_1,denial_tool,11,6145
random_2,qwen-b11-q4-SH,SH,11,answer_2,experience,13,2796
random_2,qwen-b11-q4-SH,SH,11,answer_2,denial_tool,11,4457
random_2,qwen-b11-q4-SH,SH,11,answer_3,experience,13,5836
random_2,qwen-b11-q4-SH,SH,11,answer_3,denial_tool,11,8002
random_2,qwen-b11-q4-SH,SH,11,answer_4,experience,13,5091
random_2,qwen-b11-q4-SH,SH,11,answer_4,denial_tool,11,7063
random_2,qwen-b11-q4-HS,HS,11,boundary,experience,13,5040
random_2,qwen-b11-q4-HS,HS,11,boundary,denial_tool,11,5018
random_2,qwen-b11-q4-HS,HS,11,answer_1,experience,13,4968
random_2,qwen-b11-q4-HS,HS,11,answer_1,denial_tool,11,7111
random_2,qwen-b11-q4-HS,HS,11,answer_2,experience,13,2930
random_2,qwen-b11-q4-HS,HS,11,answer_2,denial_tool,11,5515
random_2,qwen-b11-q4-HS,HS,11,answer_3,experience,13,4466
random_2,qwen-b11-q4-HS,HS,11,answer_3,denial_tool,11,7726
random_2,qwen-b11-q4-HS,HS,11,answer_4,experience,13,6260
random_2,qwen-b11-q4-HS,HS,11,answer_4,denial_tool,11,9169
random_2,qwen-b11-q4-HH,HH,11,boundary,experience,13,3757
random_2,qwen-b11-q4-HH,HH,11,boundary,denial_tool,11,7385
random_2,qwen-b11-q4-HH,HH,11,answer_1,experience,13,3471
random_2,qwen-b11-q4-HH,HH,11,answer_1,denial_tool,11,8388
random_2,qwen-b11-q4-HH,HH,11,answer_2,experience,13,4114
random_2,qwen-b11-q4-HH,HH,11,answer_2,denial_tool,11,5719
random_2,qwen-b11-q4-HH,HH,11,answer_3,experience,13,4837
random_2,qwen-b11-q4-HH,HH,11,answer_3,denial_tool,11,9514
random_2,qwen-b11-q4-HH,HH,11,answer_4,experience,13,3671
random_2,qwen-b11-q4-HH,HH,11,answer_4,denial_tool,11,8653
random_2,qwen-b12-q4-SS,SS,12,boundary,experience,13,6815
random_2,qwen-b12-q4-SS,SS,12,boundary,denial_tool,11,4537
random_2,qwen-b12-q4-SS,SS,12,answer_1,experience,13,4842
random_2,qwen-b12-q4-SS,SS,12,answer_1,denial_tool,11,6309
random_2,qwen-b12-q4-SS,SS,12,answer_2,experience,13,3625
random_2,qwen-b12-q4-SS,SS,12,answer_2,denial_tool,11,4787
random_2,qwen-b12-q4-SS,SS,12,answer_3,experience,13,5782
random_2,qwen-b12-q4-SS,SS,12,answer_3,denial_tool,11,7829
random_2,qwen-b12-q4-SS,SS,12,answer_4,experience,13,5410
random_2,qwen-b12-q4-SS,SS,12,answer_4,denial_tool,11,8135
random_2,qwen-b12-q4-SH,SH,12,boundary,experience,13,4610
random_2,qwen-b12-q4-SH,SH,12,boundary,denial_tool,11,6874
random_2,qwen-b12-q4-SH,SH,12,answer_1,experience,13,4516
random_2,qwen-b12-q4-SH,SH,12,answer_1,denial_tool,11,6387
random_2,qwen-b12-q4-SH,SH,12,answer_2,experience,13,2985
random_2,qwen-b12-q4-SH,SH,12,answer_2,denial_tool,11,4490
random_2,qwen-b12-q4-SH,SH,12,answer_3,experience,13,5929
random_2,qwen-b12-q4-SH,SH,12,answer_3,denial_tool,11,8065
random_2,qwen-b12-q4-SH,SH,12,answer_4,experience,13,5008
random_2,qwen-b12-q4-SH,SH,12,answer_4,denial_tool,11,7087
random_2,qwen-b12-q4-HS,HS,12,boundary,experience,13,5147
random_2,qwen-b12-q4-HS,HS,12,boundary,denial_tool,11,4521
random_2,qwen-b12-q4-HS,HS,12,answer_1,experience,13,2703
random_2,qwen-b12-q4-HS,HS,12,answer_1,denial_tool,11,4549
random_2,qwen-b12-q4-HS,HS,12,answer_2,experience,13,3639
random_2,qwen-b12-q4-HS,HS,12,answer_2,denial_tool,11,6832
random_2,qwen-b12-q4-HS,HS,12,answer_3,experience,13,3191
random_2,qwen-b12-q4-HS,HS,12,answer_3,denial_tool,11,5772
random_2,qwen-b12-q4-HS,HS,12,answer_4,experience,13,4064
random_2,qwen-b12-q4-HS,HS,12,answer_4,denial_tool,11,7267
random_2,qwen-b12-q4-HH,HH,12,boundary,experience,13,3538
random_2,qwen-b12-q4-HH,HH,12,boundary,denial_tool,11,7798
random_2,qwen-b12-q4-HH,HH,12,answer_1,experience,13,4028
random_2,qwen-b12-q4-HH,HH,12,answer_1,denial_tool,11,7949
random_2,qwen-b12-q4-HH,HH,12,answer_2,experience,13,4470
random_2,qwen-b12-q4-HH,HH,12,answer_2,denial_tool,11,6498
random_2,qwen-b12-q4-HH,HH,12,answer_3,experience,13,4976
random_2,qwen-b12-q4-HH,HH,12,answer_3,denial_tool,11,8642
random_2,qwen-b12-q4-HH,HH,12,answer_4,experience,13,4183
random_2,qwen-b12-q4-HH,HH,12,answer_4,denial_tool,11,8147
random_2,qwen-b13-q4-SS,SS,13,boundary,experience,13,6114
random_2,qwen-b13-q4-SS,SS,13,boundary,denial_tool,11,5202
random_2,qwen-b13-q4-SS,SS,13,answer_1,experience,13,4277
random_2,qwen-b13-q4-SS,SS,13,answer_1,denial_tool,11,6744
random_2,qwen-b13-q4-SS,SS,13,answer_2,experience,13,3302
random_2,qwen-b13-q4-SS,SS,13,answer_2,denial_tool,11,5026
random_2,qwen-b13-q4-SS,SS,13,answer_3,experience,13,5263
random_2,qwen-b13-q4-SS,SS,13,answer_3,denial_tool,11,7965
random_2,qwen-b13-q4-SS,SS,13,answer_4,experience,13,5201
random_2,qwen-b13-q4-SS,SS,13,answer_4,denial_tool,11,7968
random_2,qwen-b13-q4-SH,SH,13,boundary,experience,13,4655
random_2,qwen-b13-q4-SH,SH,13,boundary,denial_tool,11,7125
random_2,qwen-b13-q4-SH,SH,13,answer_1,experience,13,4574
random_2,qwen-b13-q4-SH,SH,13,answer_1,denial_tool,11,6319
random_2,qwen-b13-q4-SH,SH,13,answer_2,experience,13,2945
random_2,qwen-b13-q4-SH,SH,13,answer_2,denial_tool,11,4892
random_2,qwen-b13-q4-SH,SH,13,answer_3,experience,13,6326
random_2,qwen-b13-q4-SH,SH,13,answer_3,denial_tool,11,8117
random_2,qwen-b13-q4-SH,SH,13,answer_4,experience,13,4973
random_2,qwen-b13-q4-SH,SH,13,answer_4,denial_tool,11,7473
random_2,qwen-b13-q4-HS,HS,13,boundary,experience,13,3764
random_2,qwen-b13-q4-HS,HS,13,boundary,denial_tool,11,5161
random_2,qwen-b13-q4-HS,HS,13,answer_1,experience,13,4511
random_2,qwen-b13-q4-HS,HS,13,answer_1,denial_tool,11,8098
random_2,qwen-b13-q4-HS,HS,13,answer_2,experience,13,3384
random_2,qwen-b13-q4-HS,HS,13,answer_2,denial_tool,11,7417
random_2,qwen-b13-q4-HS,HS,13,answer_3,experience,13,4803
random_2,qwen-b13-q4-HS,HS,13,answer_3,denial_tool,11,10664
random_2,qwen-b13-q4-HS,HS,13,answer_4,experience,13,5038
random_2,qwen-b13-q4-HS,HS,13,answer_4,denial_tool,11,8418
random_2,qwen-b13-q4-HH,HH,13,boundary,experience,13,4325
random_2,qwen-b13-q4-HH,HH,13,boundary,denial_tool,11,7676
random_2,qwen-b13-q4-HH,HH,13,answer_1,experience,13,3528
random_2,qwen-b13-q4-HH,HH,13,answer_1,denial_tool,11,8257
random_2,qwen-b13-q4-HH,HH,13,answer_2,experience,13,4468
random_2,qwen-b13-q4-HH,HH,13,answer_2,denial_tool,11,6955
random_2,qwen-b13-q4-HH,HH,13,answer_3,experience,13,5087
random_2,qwen-b13-q4-HH,HH,13,answer_3,denial_tool,11,8620
random_2,qwen-b13-q4-HH,HH,13,answer_4,experience,13,3844
random_2,qwen-b13-q4-HH,HH,13,answer_4,denial_tool,11,7729
random_2,qwen-b14-q4-SS,SS,14,boundary,experience,13,6586
random_2,qwen-b14-q4-SS,SS,14,boundary,denial_tool,11,5079
random_2,qwen-b14-q4-SS,SS,14,answer_1,experience,13,3152
random_2,qwen-b14-q4-SS,SS,14,answer_1,denial_tool,11,9744
random_2,qwen-b14-q4-SS,SS,14,answer_2,experience,13,5101
random_2,qwen-b14-q4-SS,SS,14,answer_2,denial_tool,11,15412
random_2,qwen-b14-q4-SS,SS,14,answer_3,experience,13,6232
random_2,qwen-b14-q4-SS,SS,14,answer_3,denial_tool,11,6671
random_2,qwen-b14-q4-SS,SS,14,answer_4,experience,13,4764
random_2,qwen-b14-q4-SS,SS,14,answer_4,denial_tool,11,7763
random_2,qwen-b14-q4-SH,SH,14,boundary,experience,13,4788
random_2,qwen-b14-q4-SH,SH,14,boundary,denial_tool,11,7052
random_2,qwen-b14-q4-SH,SH,14,answer_1,experience,13,4790
random_2,qwen-b14-q4-SH,SH,14,answer_1,denial_tool,11,6613
random_2,qwen-b14-q4-SH,SH,14,answer_2,experience,13,2725
random_2,qwen-b14-q4-SH,SH,14,answer_2,denial_tool,11,4569
random_2,qwen-b14-q4-SH,SH,14,answer_3,experience,13,5947
random_2,qwen-b14-q4-SH,SH,14,answer_3,denial_tool,11,8550
random_2,qwen-b14-q4-SH,SH,14,answer_4,experience,13,4947
random_2,qwen-b14-q4-SH,SH,14,answer_4,denial_tool,11,7341
random_2,qwen-b14-q4-HS,HS,14,boundary,experience,13,4212
random_2,qwen-b14-q4-HS,HS,14,boundary,denial_tool,11,5414
random_2,qwen-b14-q4-HS,HS,14,answer_1,experience,13,4403
random_2,qwen-b14-q4-HS,HS,14,answer_1,denial_tool,11,8354
random_2,qwen-b14-q4-HS,HS,14,answer_2,experience,13,3395
random_2,qwen-b14-q4-HS,HS,14,answer_2,denial_tool,11,7003
random_2,qwen-b14-q4-HS,HS,14,answer_3,experience,13,4155
random_2,qwen-b14-q4-HS,HS,14,answer_3,denial_tool,11,9650
random_2,qwen-b14-q4-HS,HS,14,answer_4,experience,13,5859
random_2,qwen-b14-q4-HS,HS,14,answer_4,denial_tool,11,6991
random_2,qwen-b14-q4-HH,HH,14,boundary,experience,13,3090
random_2,qwen-b14-q4-HH,HH,14,boundary,denial_tool,11,7740
random_2,qwen-b14-q4-HH,HH,14,answer_1,experience,13,3673
random_2,qwen-b14-q4-HH,HH,14,answer_1,denial_tool,11,8056
random_2,qwen-b14-q4-HH,HH,14,answer_2,experience,13,4403
random_2,qwen-b14-q4-HH,HH,14,answer_2,denial_tool,11,6374
random_2,qwen-b14-q4-HH,HH,14,answer_3,experience,13,4995
random_2,qwen-b14-q4-HH,HH,14,answer_3,denial_tool,11,9376
random_2,qwen-b14-q4-HH,HH,14,answer_4,experience,13,3741
random_2,qwen-b14-q4-HH,HH,14,answer_4,denial_tool,11,9191
random_2,qwen-b15-q4-SS,SS,15,boundary,experience,13,6500
random_2,qwen-b15-q4-SS,SS,15,boundary,denial_tool,11,5165
random_2,qwen-b15-q4-SS,SS,15,answer_1,experience,13,4951
random_2,qwen-b15-q4-SS,SS,15,answer_1,denial_tool,11,6594
random_2,qwen-b15-q4-SS,SS,15,answer_2,experience,13,3510
random_2,qwen-b15-q4-SS,SS,15,answer_2,denial_tool,11,4753
random_2,qwen-b15-q4-SS,SS,15,answer_3,experience,13,5164
random_2,qwen-b15-q4-SS,SS,15,answer_3,denial_tool,11,7792
random_2,qwen-b15-q4-SS,SS,15,answer_4,experience,13,5146
random_2,qwen-b15-q4-SS,SS,15,answer_4,denial_tool,11,8509
random_2,qwen-b15-q4-SH,SH,15,boundary,experience,13,6238
random_2,qwen-b15-q4-SH,SH,15,boundary,denial_tool,11,7205
random_2,qwen-b15-q4-SH,SH,15,answer_1,experience,13,4710
random_2,qwen-b15-q4-SH,SH,15,answer_1,denial_tool,11,6019
random_2,qwen-b15-q4-SH,SH,15,answer_2,experience,13,2845
random_2,qwen-b15-q4-SH,SH,15,answer_2,denial_tool,11,4272
random_2,qwen-b15-q4-SH,SH,15,answer_3,experience,13,5948
random_2,qwen-b15-q4-SH,SH,15,answer_3,denial_tool,11,8175
random_2,qwen-b15-q4-SH,SH,15,answer_4,experience,13,5306
random_2,qwen-b15-q4-SH,SH,15,answer_4,denial_tool,11,7212
random_2,qwen-b15-q4-HS,HS,15,boundary,experience,13,3578
random_2,qwen-b15-q4-HS,HS,15,boundary,denial_tool,11,5447
random_2,qwen-b15-q4-HS,HS,15,answer_1,experience,13,5346
random_2,qwen-b15-q4-HS,HS,15,answer_1,denial_tool,11,9463
random_2,qwen-b15-q4-HS,HS,15,answer_2,experience,13,8278
random_2,qwen-b15-q4-HS,HS,15,answer_2,denial_tool,11,5297
random_2,qwen-b15-q4-HS,HS,15,answer_3,experience,13,4570
random_2,qwen-b15-q4-HS,HS,15,answer_3,denial_tool,11,4658
random_2,qwen-b15-q4-HS,HS,15,answer_4,experience,13,5963
random_2,qwen-b15-q4-HS,HS,15,answer_4,denial_tool,11,4936
random_2,qwen-b15-q4-HH,HH,15,boundary,experience,13,3624
random_2,qwen-b15-q4-HH,HH,15,boundary,denial_tool,11,7866
random_2,qwen-b15-q4-HH,HH,15,answer_1,experience,13,3070
random_2,qwen-b15-q4-HH,HH,15,answer_1,denial_tool,11,7970
random_2,qwen-b15-q4-HH,HH,15,answer_2,experience,13,4677
random_2,qwen-b15-q4-HH,HH,15,answer_2,denial_tool,11,6439
random_2,qwen-b15-q4-HH,HH,15,answer_3,experience,13,5064
random_2,qwen-b15-q4-HH,HH,15,answer_3,denial_tool,11,9213
random_2,qwen-b15-q4-HH,HH,15,answer_4,experience,13,3764
random_2,qwen-b15-q4-HH,HH,15,answer_4,denial_tool,11,8700
random_2,qwen-b16-q4-SS,SS,16,boundary,experience,13,6487
random_2,qwen-b16-q4-SS,SS,16,boundary,denial_tool,11,5219
random_2,qwen-b16-q4-SS,SS,16,answer_1,experience,13,4661
random_2,qwen-b16-q4-SS,SS,16,answer_1,denial_tool,11,6188
random_2,qwen-b16-q4-SS,SS,16,answer_2,experience,13,3333
random_2,qwen-b16-q4-SS,SS,16,answer_2,denial_tool,11,4812
random_2,qwen-b16-q4-SS,SS,16,answer_3,experience,13,5784
random_2,qwen-b16-q4-SS,SS,16,answer_3,denial_tool,11,8009
random_2,qwen-b16-q4-SS,SS,16,answer_4,experience,13,5621
random_2,qwen-b16-q4-SS,SS,16,answer_4,denial_tool,11,8103
random_2,qwen-b16-q4-SH,SH,16,boundary,experience,13,4458
random_2,qwen-b16-q4-SH,SH,16,boundary,denial_tool,11,7112
random_2,qwen-b16-q4-SH,SH,16,answer_1,experience,13,4883
random_2,qwen-b16-q4-SH,SH,16,answer_1,denial_tool,11,6184
random_2,qwen-b16-q4-SH,SH,16,answer_2,experience,13,2797
random_2,qwen-b16-q4-SH,SH,16,answer_2,denial_tool,11,5393
random_2,qwen-b16-q4-SH,SH,16,answer_3,experience,13,6149
random_2,qwen-b16-q4-SH,SH,16,answer_3,denial_tool,11,8198
random_2,qwen-b16-q4-SH,SH,16,answer_4,experience,13,5136
random_2,qwen-b16-q4-SH,SH,16,answer_4,denial_tool,11,7414
random_2,qwen-b16-q4-HS,HS,16,boundary,experience,13,3826
random_2,qwen-b16-q4-HS,HS,16,boundary,denial_tool,11,6141
random_2,qwen-b16-q4-HS,HS,16,answer_1,experience,13,4814
random_2,qwen-b16-q4-HS,HS,16,answer_1,denial_tool,11,7369
random_2,qwen-b16-q4-HS,HS,16,answer_2,experience,13,4406
random_2,qwen-b16-q4-HS,HS,16,answer_2,denial_tool,11,5468
random_2,qwen-b16-q4-HS,HS,16,answer_3,experience,13,4297
random_2,qwen-b16-q4-HS,HS,16,answer_3,denial_tool,11,7898
random_2,qwen-b16-q4-HS,HS,16,answer_4,experience,13,6428
random_2,qwen-b16-q4-HS,HS,16,answer_4,denial_tool,11,10602
random_2,qwen-b16-q4-HH,HH,16,boundary,experience,13,3491
random_2,qwen-b16-q4-HH,HH,16,boundary,denial_tool,11,7866
random_2,qwen-b16-q4-HH,HH,16,answer_1,experience,13,3806
random_2,qwen-b16-q4-HH,HH,16,answer_1,denial_tool,11,8667
random_2,qwen-b16-q4-HH,HH,16,answer_2,experience,13,4326
random_2,qwen-b16-q4-HH,HH,16,answer_2,denial_tool,11,6207
random_2,qwen-b16-q4-HH,HH,16,answer_3,experience,13,5173
random_2,qwen-b16-q4-HH,HH,16,answer_3,denial_tool,11,9529
random_2,qwen-b16-q4-HH,HH,16,answer_4,experience,13,3675
random_2,qwen-b16-q4-HH,HH,16,answer_4,denial_tool,11,8207
random_2,qwen-b17-q4-SS,SS,17,boundary,experience,13,6046
random_2,qwen-b17-q4-SS,SS,17,boundary,denial_tool,11,5053
random_2,qwen-b17-q4-SS,SS,17,answer_1,experience,13,4494
random_2,qwen-b17-q4-SS,SS,17,answer_1,denial_tool,11,6821
random_2,qwen-b17-q4-SS,SS,17,answer_2,experience,13,3284
random_2,qwen-b17-q4-SS,SS,17,answer_2,denial_tool,11,5058
random_2,qwen-b17-q4-SS,SS,17,answer_3,experience,13,5161
random_2,qwen-b17-q4-SS,SS,17,answer_3,denial_tool,11,7742
random_2,qwen-b17-q4-SS,SS,17,answer_4,experience,13,5424
random_2,qwen-b17-q4-SS,SS,17,answer_4,denial_tool,11,8403
random_2,qwen-b17-q4-SH,SH,17,boundary,experience,13,5425
random_2,qwen-b17-q4-SH,SH,17,boundary,denial_tool,11,6938
random_2,qwen-b17-q4-SH,SH,17,answer_1,experience,13,4572
random_2,qwen-b17-q4-SH,SH,17,answer_1,denial_tool,11,6397
random_2,qwen-b17-q4-SH,SH,17,answer_2,experience,13,2768
random_2,qwen-b17-q4-SH,SH,17,answer_2,denial_tool,11,4888
random_2,qwen-b17-q4-SH,SH,17,answer_3,experience,13,5983
random_2,qwen-b17-q4-SH,SH,17,answer_3,denial_tool,11,7995
random_2,qwen-b17-q4-SH,SH,17,answer_4,experience,13,5224
random_2,qwen-b17-q4-SH,SH,17,answer_4,denial_tool,11,7283
random_2,qwen-b17-q4-HS,HS,17,boundary,experience,13,3578
random_2,qwen-b17-q4-HS,HS,17,boundary,denial_tool,11,5490
random_2,qwen-b17-q4-HS,HS,17,answer_1,experience,13,4928
random_2,qwen-b17-q4-HS,HS,17,answer_1,denial_tool,11,8867
random_2,qwen-b17-q4-HS,HS,17,answer_2,experience,13,8591
random_2,qwen-b17-q4-HS,HS,17,answer_2,denial_tool,11,5942
random_2,qwen-b17-q4-HS,HS,17,answer_3,experience,13,4678
random_2,qwen-b17-q4-HS,HS,17,answer_3,denial_tool,11,4636
random_2,qwen-b17-q4-HS,HS,17,answer_4,experience,13,5525
random_2,qwen-b17-q4-HS,HS,17,answer_4,denial_tool,11,4828
random_2,qwen-b17-q4-HH,HH,17,boundary,experience,13,3370
random_2,qwen-b17-q4-HH,HH,17,boundary,denial_tool,11,7624
random_2,qwen-b17-q4-HH,HH,17,answer_1,experience,13,3489
random_2,qwen-b17-q4-HH,HH,17,answer_1,denial_tool,11,8136
random_2,qwen-b17-q4-HH,HH,17,answer_2,experience,13,4500
random_2,qwen-b17-q4-HH,HH,17,answer_2,denial_tool,11,6536
random_2,qwen-b17-q4-HH,HH,17,answer_3,experience,13,4947
random_2,qwen-b17-q4-HH,HH,17,answer_3,denial_tool,11,8894
random_2,qwen-b17-q4-HH,HH,17,answer_4,experience,13,4018
random_2,qwen-b17-q4-HH,HH,17,answer_4,denial_tool,11,8047
random_2,qwen-b18-q4-SS,SS,18,boundary,experience,13,6823
random_2,qwen-b18-q4-SS,SS,18,boundary,denial_tool,11,4974
random_2,qwen-b18-q4-SS,SS,18,answer_1,experience,13,4650
random_2,qwen-b18-q4-SS,SS,18,answer_1,denial_tool,11,6226
random_2,qwen-b18-q4-SS,SS,18,answer_2,experience,13,4385
random_2,qwen-b18-q4-SS,SS,18,answer_2,denial_tool,11,5281
random_2,qwen-b18-q4-SS,SS,18,answer_3,experience,13,5421
random_2,qwen-b18-q4-SS,SS,18,answer_3,denial_tool,11,8283
random_2,qwen-b18-q4-SS,SS,18,answer_4,experience,13,5299
random_2,qwen-b18-q4-SS,SS,18,answer_4,denial_tool,11,8517
random_2,qwen-b18-q4-SH,SH,18,boundary,experience,13,6082
random_2,qwen-b18-q4-SH,SH,18,boundary,denial_tool,11,7042
random_2,qwen-b18-q4-SH,SH,18,answer_1,experience,13,4454
random_2,qwen-b18-q4-SH,SH,18,answer_1,denial_tool,11,6511
random_2,qwen-b18-q4-SH,SH,18,answer_2,experience,13,2835
random_2,qwen-b18-q4-SH,SH,18,answer_2,denial_tool,11,5018
random_2,qwen-b18-q4-SH,SH,18,answer_3,experience,13,6001
random_2,qwen-b18-q4-SH,SH,18,answer_3,denial_tool,11,8142
random_2,qwen-b18-q4-SH,SH,18,answer_4,experience,13,5286
random_2,qwen-b18-q4-SH,SH,18,answer_4,denial_tool,11,7086
random_2,qwen-b18-q4-HS,HS,18,boundary,experience,13,5367
random_2,qwen-b18-q4-HS,HS,18,boundary,denial_tool,11,5511
random_2,qwen-b18-q4-HS,HS,18,answer_1,experience,13,4518
random_2,qwen-b18-q4-HS,HS,18,answer_1,denial_tool,11,9051
random_2,qwen-b18-q4-HS,HS,18,answer_2,experience,13,3562
random_2,qwen-b18-q4-HS,HS,18,answer_2,denial_tool,11,7108
random_2,qwen-b18-q4-HS,HS,18,answer_3,experience,13,4423
random_2,qwen-b18-q4-HS,HS,18,answer_3,denial_tool,11,9333
random_2,qwen-b18-q4-HS,HS,18,answer_4,experience,13,4921
random_2,qwen-b18-q4-HS,HS,18,answer_4,denial_tool,11,6771
random_2,qwen-b18-q4-HH,HH,18,boundary,experience,13,3958
random_2,qwen-b18-q4-HH,HH,18,boundary,denial_tool,11,7996
random_2,qwen-b18-q4-HH,HH,18,answer_1,experience,13,3395
random_2,qwen-b18-q4-HH,HH,18,answer_1,denial_tool,11,7644
random_2,qwen-b18-q4-HH,HH,18,answer_2,experience,13,4357
random_2,qwen-b18-q4-HH,HH,18,answer_2,denial_tool,11,6149
random_2,qwen-b18-q4-HH,HH,18,answer_3,experience,13,4857
random_2,qwen-b18-q4-HH,HH,18,answer_3,denial_tool,11,8912
random_2,qwen-b18-q4-HH,HH,18,answer_4,experience,13,4065
random_2,qwen-b18-q4-HH,HH,18,answer_4,denial_tool,11,8557
random_2,qwen-b19-q4-SS,SS,19,boundary,experience,13,6948
random_2,qwen-b19-q4-SS,SS,19,boundary,denial_tool,11,4785
random_2,qwen-b19-q4-SS,SS,19,answer_1,experience,13,4407
random_2,qwen-b19-q4-SS,SS,19,answer_1,denial_tool,11,6558
random_2,qwen-b19-q4-SS,SS,19,answer_2,experience,13,3544
random_2,qwen-b19-q4-SS,SS,19,answer_2,denial_tool,11,4930
random_2,qwen-b19-q4-SS,SS,19,answer_3,experience,13,5486
random_2,qwen-b19-q4-SS,SS,19,answer_3,denial_tool,11,8235
random_2,qwen-b19-q4-SS,SS,19,answer_4,experience,13,5099
random_2,qwen-b19-q4-SS,SS,19,answer_4,denial_tool,11,8508
random_2,qwen-b19-q4-SH,SH,19,boundary,experience,13,5819
random_2,qwen-b19-q4-SH,SH,19,boundary,denial_tool,11,7421
random_2,qwen-b19-q4-SH,SH,19,answer_1,experience,13,4626
random_2,qwen-b19-q4-SH,SH,19,answer_1,denial_tool,11,6023
random_2,qwen-b19-q4-SH,SH,19,answer_2,experience,13,3057
random_2,qwen-b19-q4-SH,SH,19,answer_2,denial_tool,11,4619
random_2,qwen-b19-q4-SH,SH,19,answer_3,experience,13,5877
random_2,qwen-b19-q4-SH,SH,19,answer_3,denial_tool,11,8031
random_2,qwen-b19-q4-SH,SH,19,answer_4,experience,13,5089
random_2,qwen-b19-q4-SH,SH,19,answer_4,denial_tool,11,6838
random_2,qwen-b19-q4-HS,HS,19,boundary,experience,13,4405
random_2,qwen-b19-q4-HS,HS,19,boundary,denial_tool,11,5156
random_2,qwen-b19-q4-HS,HS,19,answer_1,experience,13,4534
random_2,qwen-b19-q4-HS,HS,19,answer_1,denial_tool,11,8284
random_2,qwen-b19-q4-HS,HS,19,answer_2,experience,13,3429
random_2,qwen-b19-q4-HS,HS,19,answer_2,denial_tool,11,7239
random_2,qwen-b19-q4-HS,HS,19,answer_3,experience,13,4601
random_2,qwen-b19-q4-HS,HS,19,answer_3,denial_tool,11,9642
random_2,qwen-b19-q4-HS,HS,19,answer_4,experience,13,5918
random_2,qwen-b19-q4-HS,HS,19,answer_4,denial_tool,11,7257
random_2,qwen-b19-q4-HH,HH,19,boundary,experience,13,3460
random_2,qwen-b19-q4-HH,HH,19,boundary,denial_tool,11,7651
random_2,qwen-b19-q4-HH,HH,19,answer_1,experience,13,3952
random_2,qwen-b19-q4-HH,HH,19,answer_1,denial_tool,11,9230
random_2,qwen-b19-q4-HH,HH,19,answer_2,experience,13,4515
random_2,qwen-b19-q4-HH,HH,19,answer_2,denial_tool,11,5958
random_2,qwen-b19-q4-HH,HH,19,answer_3,experience,13,5076
random_2,qwen-b19-q4-HH,HH,19,answer_3,denial_tool,11,9422
random_2,qwen-b19-q4-HH,HH,19,answer_4,experience,13,3866
random_2,qwen-b19-q4-HH,HH,19,answer_4,denial_tool,11,7460
random_2,qwen-b20-q4-SS,SS,20,boundary,experience,13,6013
random_2,qwen-b20-q4-SS,SS,20,boundary,denial_tool,11,4546
random_2,qwen-b20-q4-SS,SS,20,answer_1,experience,13,4482
random_2,qwen-b20-q4-SS,SS,20,answer_1,denial_tool,11,6606
random_2,qwen-b20-q4-SS,SS,20,answer_2,experience,13,3493
random_2,qwen-b20-q4-SS,SS,20,answer_2,denial_tool,11,4804
random_2,qwen-b20-q4-SS,SS,20,answer_3,experience,13,5580
random_2,qwen-b20-q4-SS,SS,20,answer_3,denial_tool,11,8536
random_2,qwen-b20-q4-SS,SS,20,answer_4,experience,13,5388
random_2,qwen-b20-q4-SS,SS,20,answer_4,denial_tool,11,8415
random_2,qwen-b20-q4-SH,SH,20,boundary,experience,13,5431
random_2,qwen-b20-q4-SH,SH,20,boundary,denial_tool,11,7552
random_2,qwen-b20-q4-SH,SH,20,answer_1,experience,13,4660
random_2,qwen-b20-q4-SH,SH,20,answer_1,denial_tool,11,6655
random_2,qwen-b20-q4-SH,SH,20,answer_2,experience,13,2991
random_2,qwen-b20-q4-SH,SH,20,answer_2,denial_tool,11,4572
random_2,qwen-b20-q4-SH,SH,20,answer_3,experience,13,6123
random_2,qwen-b20-q4-SH,SH,20,answer_3,denial_tool,11,8166
random_2,qwen-b20-q4-SH,SH,20,answer_4,experience,13,5076
random_2,qwen-b20-q4-SH,SH,20,answer_4,denial_tool,11,7183
random_2,qwen-b20-q4-HS,HS,20,boundary,experience,13,4662
random_2,qwen-b20-q4-HS,HS,20,boundary,denial_tool,11,4851
random_2,qwen-b20-q4-HS,HS,20,answer_1,experience,13,5845
random_2,qwen-b20-q4-HS,HS,20,answer_1,denial_tool,11,9239
random_2,qwen-b20-q4-HS,HS,20,answer_2,experience,13,8093
random_2,qwen-b20-q4-HS,HS,20,answer_2,denial_tool,11,5680
random_2,qwen-b20-q4-HS,HS,20,answer_3,experience,13,5017
random_2,qwen-b20-q4-HS,HS,20,answer_3,denial_tool,11,5173
random_2,qwen-b20-q4-HS,HS,20,answer_4,experience,13,5638
random_2,qwen-b20-q4-HS,HS,20,answer_4,denial_tool,11,4786
random_2,qwen-b20-q4-HH,HH,20,boundary,experience,13,3370
random_2,qwen-b20-q4-HH,HH,20,boundary,denial_tool,11,7836
random_2,qwen-b20-q4-HH,HH,20,answer_1,experience,13,3289
random_2,qwen-b20-q4-HH,HH,20,answer_1,denial_tool,11,7350
random_2,qwen-b20-q4-HH,HH,20,answer_2,experience,13,4468
random_2,qwen-b20-q4-HH,HH,20,answer_2,denial_tool,11,6507
random_2,qwen-b20-q4-HH,HH,20,answer_3,experience,13,5311
random_2,qwen-b20-q4-HH,HH,20,answer_3,denial_tool,11,9305
random_2,qwen-b20-q4-HH,HH,20,answer_4,experience,13,4561
random_2,qwen-b20-q4-HH,HH,20,answer_4,denial_tool,11,8631
random_3,qwen-b01-q4-SS,SS,1,boundary,experience,13,9287
random_3,qwen-b01-q4-SS,SS,1,boundary,denial_tool,11,10562
random_3,qwen-b01-q4-SS,SS,1,answer_1,experience,13,9504
random_3,qwen-b01-q4-SS,SS,1,answer_1,denial_tool,11,4839
random_3,qwen-b01-q4-SS,SS,1,answer_2,experience,13,8033
random_3,qwen-b01-q4-SS,SS,1,answer_2,denial_tool,11,7399
random_3,qwen-b01-q4-SS,SS,1,answer_3,experience,13,9526
random_3,qwen-b01-q4-SS,SS,1,answer_3,denial_tool,11,6023
random_3,qwen-b01-q4-SS,SS,1,answer_4,experience,13,6018
random_3,qwen-b01-q4-SS,SS,1,answer_4,denial_tool,11,5540
random_3,qwen-b01-q4-SH,SH,1,boundary,experience,13,9672
random_3,qwen-b01-q4-SH,SH,1,boundary,denial_tool,11,9465
random_3,qwen-b01-q4-SH,SH,1,answer_1,experience,13,9285
random_3,qwen-b01-q4-SH,SH,1,answer_1,denial_tool,11,3747
random_3,qwen-b01-q4-SH,SH,1,answer_2,experience,13,5861
random_3,qwen-b01-q4-SH,SH,1,answer_2,denial_tool,11,4835
random_3,qwen-b01-q4-SH,SH,1,answer_3,experience,13,8533
random_3,qwen-b01-q4-SH,SH,1,answer_3,denial_tool,11,5966
random_3,qwen-b01-q4-SH,SH,1,answer_4,experience,13,7813
random_3,qwen-b01-q4-SH,SH,1,answer_4,denial_tool,11,6684
random_3,qwen-b01-q4-HS,HS,1,boundary,experience,13,10043
random_3,qwen-b01-q4-HS,HS,1,boundary,denial_tool,11,11852
random_3,qwen-b01-q4-HS,HS,1,answer_1,experience,13,7264
random_3,qwen-b01-q4-HS,HS,1,answer_1,denial_tool,11,7915
random_3,qwen-b01-q4-HS,HS,1,answer_2,experience,13,7222
random_3,qwen-b01-q4-HS,HS,1,answer_2,denial_tool,11,7757
random_3,qwen-b01-q4-HS,HS,1,answer_3,experience,13,6320
random_3,qwen-b01-q4-HS,HS,1,answer_3,denial_tool,11,4286
random_3,qwen-b01-q4-HS,HS,1,answer_4,experience,13,9293
random_3,qwen-b01-q4-HS,HS,1,answer_4,denial_tool,11,6421
random_3,qwen-b01-q4-HH,HH,1,boundary,experience,13,9891
random_3,qwen-b01-q4-HH,HH,1,boundary,denial_tool,11,10146
random_3,qwen-b01-q4-HH,HH,1,answer_1,experience,13,6610
random_3,qwen-b01-q4-HH,HH,1,answer_1,denial_tool,11,8652
random_3,qwen-b01-q4-HH,HH,1,answer_2,experience,13,6149
random_3,qwen-b01-q4-HH,HH,1,answer_2,denial_tool,11,8353
random_3,qwen-b01-q4-HH,HH,1,answer_3,experience,13,6991
random_3,qwen-b01-q4-HH,HH,1,answer_3,denial_tool,11,3626
random_3,qwen-b01-q4-HH,HH,1,answer_4,experience,13,4657
random_3,qwen-b01-q4-HH,HH,1,answer_4,denial_tool,11,7002
random_3,qwen-b02-q4-SS,SS,2,boundary,experience,13,10090
random_3,qwen-b02-q4-SS,SS,2,boundary,denial_tool,11,10788
random_3,qwen-b02-q4-SS,SS,2,answer_1,experience,13,8940
random_3,qwen-b02-q4-SS,SS,2,answer_1,denial_tool,11,4592
random_3,qwen-b02-q4-SS,SS,2,answer_2,experience,13,9351
random_3,qwen-b02-q4-SS,SS,2,answer_2,denial_tool,11,7931
random_3,qwen-b02-q4-SS,SS,2,answer_3,experience,13,9130
random_3,qwen-b02-q4-SS,SS,2,answer_3,denial_tool,11,5831
random_3,qwen-b02-q4-SS,SS,2,answer_4,experience,13,6347
random_3,qwen-b02-q4-SS,SS,2,answer_4,denial_tool,11,5944
random_3,qwen-b02-q4-SH,SH,2,boundary,experience,13,9792
random_3,qwen-b02-q4-SH,SH,2,boundary,denial_tool,11,10576
random_3,qwen-b02-q4-SH,SH,2,answer_1,experience,13,8339
random_3,qwen-b02-q4-SH,SH,2,answer_1,denial_tool,11,4134
random_3,qwen-b02-q4-SH,SH,2,answer_2,experience,13,6467
random_3,qwen-b02-q4-SH,SH,2,answer_2,denial_tool,11,4877
random_3,qwen-b02-q4-SH,SH,2,answer_3,experience,13,9236
random_3,qwen-b02-q4-SH,SH,2,answer_3,denial_tool,11,5570
random_3,qwen-b02-q4-SH,SH,2,answer_4,experience,13,8027
random_3,qwen-b02-q4-SH,SH,2,answer_4,denial_tool,11,6902
random_3,qwen-b02-q4-HS,HS,2,boundary,experience,13,9652
random_3,qwen-b02-q4-HS,HS,2,boundary,denial_tool,11,11173
random_3,qwen-b02-q4-HS,HS,2,answer_1,experience,13,9091
random_3,qwen-b02-q4-HS,HS,2,answer_1,denial_tool,11,3754
random_3,qwen-b02-q4-HS,HS,2,answer_2,experience,13,8637
random_3,qwen-b02-q4-HS,HS,2,answer_2,denial_tool,11,6529
random_3,qwen-b02-q4-HS,HS,2,answer_3,experience,13,7008
random_3,qwen-b02-q4-HS,HS,2,answer_3,denial_tool,11,5812
random_3,qwen-b02-q4-HS,HS,2,answer_4,experience,13,8807
random_3,qwen-b02-q4-HS,HS,2,answer_4,denial_tool,11,8446
random_3,qwen-b02-q4-HH,HH,2,boundary,experience,13,9969
random_3,qwen-b02-q4-HH,HH,2,boundary,denial_tool,11,10204
random_3,qwen-b02-q4-HH,HH,2,answer_1,experience,13,6894
random_3,qwen-b02-q4-HH,HH,2,answer_1,denial_tool,11,8827
random_3,qwen-b02-q4-HH,HH,2,answer_2,experience,13,7932
random_3,qwen-b02-q4-HH,HH,2,answer_2,denial_tool,11,8707
random_3,qwen-b02-q4-HH,HH,2,answer_3,experience,13,6962
random_3,qwen-b02-q4-HH,HH,2,answer_3,denial_tool,11,3906
random_3,qwen-b02-q4-HH,HH,2,answer_4,experience,13,4996
random_3,qwen-b02-q4-HH,HH,2,answer_4,denial_tool,11,7213
random_3,qwen-b03-q4-SS,SS,3,boundary,experience,13,9791
random_3,qwen-b03-q4-SS,SS,3,boundary,denial_tool,11,9194
random_3,qwen-b03-q4-SS,SS,3,answer_1,experience,13,7886
random_3,qwen-b03-q4-SS,SS,3,answer_1,denial_tool,11,5147
random_3,qwen-b03-q4-SS,SS,3,answer_2,experience,13,9737
random_3,qwen-b03-q4-SS,SS,3,answer_2,denial_tool,11,6928
random_3,qwen-b03-q4-SS,SS,3,answer_3,experience,13,10465
random_3,qwen-b03-q4-SS,SS,3,answer_3,denial_tool,11,5729
random_3,qwen-b03-q4-SS,SS,3,answer_4,experience,13,7136
random_3,qwen-b03-q4-SS,SS,3,answer_4,denial_tool,11,5583
random_3,qwen-b03-q4-SH,SH,3,boundary,experience,13,10072
random_3,qwen-b03-q4-SH,SH,3,boundary,denial_tool,11,9097
random_3,qwen-b03-q4-SH,SH,3,answer_1,experience,13,8770
random_3,qwen-b03-q4-SH,SH,3,answer_1,denial_tool,11,3570
random_3,qwen-b03-q4-SH,SH,3,answer_2,experience,13,5855
random_3,qwen-b03-q4-SH,SH,3,answer_2,denial_tool,11,5116
random_3,qwen-b03-q4-SH,SH,3,answer_3,experience,13,8881
random_3,qwen-b03-q4-SH,SH,3,answer_3,denial_tool,11,5423
random_3,qwen-b03-q4-SH,SH,3,answer_4,experience,13,7782
random_3,qwen-b03-q4-SH,SH,3,answer_4,denial_tool,11,7110
random_3,qwen-b03-q4-HS,HS,3,boundary,experience,13,9995
random_3,qwen-b03-q4-HS,HS,3,boundary,denial_tool,11,10470
random_3,qwen-b03-q4-HS,HS,3,answer_1,experience,13,8570
random_3,qwen-b03-q4-HS,HS,3,answer_1,denial_tool,11,8372
random_3,qwen-b03-q4-HS,HS,3,answer_2,experience,13,7698
random_3,qwen-b03-q4-HS,HS,3,answer_2,denial_tool,11,8048
random_3,qwen-b03-q4-HS,HS,3,answer_3,experience,13,5799
random_3,qwen-b03-q4-HS,HS,3,answer_3,denial_tool,11,3875
random_3,qwen-b03-q4-HS,HS,3,answer_4,experience,13,8249
random_3,qwen-b03-q4-HS,HS,3,answer_4,denial_tool,11,6697
random_3,qwen-b03-q4-HH,HH,3,boundary,experience,13,10322
random_3,qwen-b03-q4-HH,HH,3,boundary,denial_tool,11,9826
random_3,qwen-b03-q4-HH,HH,3,answer_1,experience,13,7839
random_3,qwen-b03-q4-HH,HH,3,answer_1,denial_tool,11,4521
random_3,qwen-b03-q4-HH,HH,3,answer_2,experience,13,9361
random_3,qwen-b03-q4-HH,HH,3,answer_2,denial_tool,11,7280
random_3,qwen-b03-q4-HH,HH,3,answer_3,experience,13,6574
random_3,qwen-b03-q4-HH,HH,3,answer_3,denial_tool,11,3480
random_3,qwen-b03-q4-HH,HH,3,answer_4,experience,13,8724
random_3,qwen-b03-q4-HH,HH,3,answer_4,denial_tool,11,7662
random_3,qwen-b04-q4-SS,SS,4,boundary,experience,13,9169
random_3,qwen-b04-q4-SS,SS,4,boundary,denial_tool,11,10422
random_3,qwen-b04-q4-SS,SS,4,answer_1,experience,13,7920
random_3,qwen-b04-q4-SS,SS,4,answer_1,denial_tool,11,5104
random_3,qwen-b04-q4-SS,SS,4,answer_2,experience,13,10083
random_3,qwen-b04-q4-SS,SS,4,answer_2,denial_tool,11,7778
random_3,qwen-b04-q4-SS,SS,4,answer_3,experience,13,9988
random_3,qwen-b04-q4-SS,SS,4,answer_3,denial_tool,11,5337
random_3,qwen-b04-q4-SS,SS,4,answer_4,experience,13,6777
random_3,qwen-b04-q4-SS,SS,4,answer_4,denial_tool,11,5874
random_3,qwen-b04-q4-SH,SH,4,boundary,experience,13,9096
random_3,qwen-b04-q4-SH,SH,4,boundary,denial_tool,11,9657
random_3,qwen-b04-q4-SH,SH,4,answer_1,experience,13,9052
random_3,qwen-b04-q4-SH,SH,4,answer_1,denial_tool,11,3841
random_3,qwen-b04-q4-SH,SH,4,answer_2,experience,13,5903
random_3,qwen-b04-q4-SH,SH,4,answer_2,denial_tool,11,5328
random_3,qwen-b04-q4-SH,SH,4,answer_3,experience,13,8772
random_3,qwen-b04-q4-SH,SH,4,answer_3,denial_tool,11,6093
random_3,qwen-b04-q4-SH,SH,4,answer_4,experience,13,7874
random_3,qwen-b04-q4-SH,SH,4,answer_4,denial_tool,11,6823
random_3,qwen-b04-q4-HS,HS,4,boundary,experience,13,10485
random_3,qwen-b04-q4-HS,HS,4,boundary,denial_tool,11,11871
random_3,qwen-b04-q4-HS,HS,4,answer_1,experience,13,8209
random_3,qwen-b04-q4-HS,HS,4,answer_1,denial_tool,11,8076
random_3,qwen-b04-q4-HS,HS,4,answer_2,experience,13,7583
random_3,qwen-b04-q4-HS,HS,4,answer_2,denial_tool,11,5914
random_3,qwen-b04-q4-HS,HS,4,answer_3,experience,13,6616
random_3,qwen-b04-q4-HS,HS,4,answer_3,denial_tool,11,3903
random_3,qwen-b04-q4-HS,HS,4,answer_4,experience,13,9201
random_3,qwen-b04-q4-HS,HS,4,answer_4,denial_tool,11,7243
random_3,qwen-b04-q4-HH,HH,4,boundary,experience,13,9794
random_3,qwen-b04-q4-HH,HH,4,boundary,denial_tool,11,9325
random_3,qwen-b04-q4-HH,HH,4,answer_1,experience,13,6228
random_3,qwen-b04-q4-HH,HH,4,answer_1,denial_tool,11,8621
random_3,qwen-b04-q4-HH,HH,4,answer_2,experience,13,6653
random_3,qwen-b04-q4-HH,HH,4,answer_2,denial_tool,11,8291
random_3,qwen-b04-q4-HH,HH,4,answer_3,experience,13,6801
random_3,qwen-b04-q4-HH,HH,4,answer_3,denial_tool,11,3901
random_3,qwen-b04-q4-HH,HH,4,answer_4,experience,13,4901
random_3,qwen-b04-q4-HH,HH,4,answer_4,denial_tool,11,7067
random_3,qwen-b05-q4-SS,SS,5,boundary,experience,13,9977
random_3,qwen-b05-q4-SS,SS,5,boundary,denial_tool,11,10163
random_3,qwen-b05-q4-SS,SS,5,answer_1,experience,13,9116
random_3,qwen-b05-q4-SS,SS,5,answer_1,denial_tool,11,4447
random_3,qwen-b05-q4-SS,SS,5,answer_2,experience,13,8794
random_3,qwen-b05-q4-SS,SS,5,answer_2,denial_tool,11,6882
random_3,qwen-b05-q4-SS,SS,5,answer_3,experience,13,9830
random_3,qwen-b05-q4-SS,SS,5,answer_3,denial_tool,11,5565
random_3,qwen-b05-q4-SS,SS,5,answer_4,experience,13,6572
random_3,qwen-b05-q4-SS,SS,5,answer_4,denial_tool,11,6203
random_3,qwen-b05-q4-SH,SH,5,boundary,experience,13,10134
random_3,qwen-b05-q4-SH,SH,5,boundary,denial_tool,11,8813
random_3,qwen-b05-q4-SH,SH,5,answer_1,experience,13,9032
random_3,qwen-b05-q4-SH,SH,5,answer_1,denial_tool,11,3882
random_3,qwen-b05-q4-SH,SH,5,answer_2,experience,13,5808
random_3,qwen-b05-q4-SH,SH,5,answer_2,denial_tool,11,5362
random_3,qwen-b05-q4-SH,SH,5,answer_3,experience,13,8734
random_3,qwen-b05-q4-SH,SH,5,answer_3,denial_tool,11,5947
random_3,qwen-b05-q4-SH,SH,5,answer_4,experience,13,8059
random_3,qwen-b05-q4-SH,SH,5,answer_4,denial_tool,11,6749
random_3,qwen-b05-q4-HS,HS,5,boundary,experience,13,10133
random_3,qwen-b05-q4-HS,HS,5,boundary,denial_tool,11,11487
random_3,qwen-b05-q4-HS,HS,5,answer_1,experience,13,8164
random_3,qwen-b05-q4-HS,HS,5,answer_1,denial_tool,11,8640
random_3,qwen-b05-q4-HS,HS,5,answer_2,experience,13,7785
random_3,qwen-b05-q4-HS,HS,5,answer_2,denial_tool,11,6285
random_3,qwen-b05-q4-HS,HS,5,answer_3,experience,13,6497
random_3,qwen-b05-q4-HS,HS,5,answer_3,denial_tool,11,4191
random_3,qwen-b05-q4-HS,HS,5,answer_4,experience,13,8808
random_3,qwen-b05-q4-HS,HS,5,answer_4,denial_tool,11,6554
random_3,qwen-b05-q4-HH,HH,5,boundary,experience,13,10074
random_3,qwen-b05-q4-HH,HH,5,boundary,denial_tool,11,9058
random_3,qwen-b05-q4-HH,HH,5,answer_1,experience,13,6296
random_3,qwen-b05-q4-HH,HH,5,answer_1,denial_tool,11,9083
random_3,qwen-b05-q4-HH,HH,5,answer_2,experience,13,7085
random_3,qwen-b05-q4-HH,HH,5,answer_2,denial_tool,11,7626
random_3,qwen-b05-q4-HH,HH,5,answer_3,experience,13,7205
random_3,qwen-b05-q4-HH,HH,5,answer_3,denial_tool,11,3832
random_3,qwen-b05-q4-HH,HH,5,answer_4,experience,13,5064
random_3,qwen-b05-q4-HH,HH,5,answer_4,denial_tool,11,7172
random_3,qwen-b06-q4-SS,SS,6,boundary,experience,13,9848
random_3,qwen-b06-q4-SS,SS,6,boundary,denial_tool,11,10065
random_3,qwen-b06-q4-SS,SS,6,answer_1,experience,13,8008
random_3,qwen-b06-q4-SS,SS,6,answer_1,denial_tool,11,4368
random_3,qwen-b06-q4-SS,SS,6,answer_2,experience,13,3794
random_3,qwen-b06-q4-SS,SS,6,answer_2,denial_tool,11,6596
random_3,qwen-b06-q4-SS,SS,6,answer_3,experience,13,10916
random_3,qwen-b06-q4-SS,SS,6,answer_3,denial_tool,11,11005
random_3,qwen-b06-q4-SS,SS,6,answer_4,experience,13,9063
random_3,qwen-b06-q4-SS,SS,6,answer_4,denial_tool,11,3380
random_3,qwen-b06-q4-SH,SH,6,boundary,experience,13,9716
random_3,qwen-b06-q4-SH,SH,6,boundary,denial_tool,11,9975
random_3,qwen-b06-q4-SH,SH,6,answer_1,experience,13,7826
random_3,qwen-b06-q4-SH,SH,6,answer_1,denial_tool,11,4007
random_3,qwen-b06-q4-SH,SH,6,answer_2,experience,13,6583
random_3,qwen-b06-q4-SH,SH,6,answer_2,denial_tool,11,4842
random_3,qwen-b06-q4-SH,SH,6,answer_3,experience,13,8892
random_3,qwen-b06-q4-SH,SH,6,answer_3,denial_tool,11,5401
random_3,qwen-b06-q4-SH,SH,6,answer_4,experience,13,7963
random_3,qwen-b06-q4-SH,SH,6,answer_4,denial_tool,11,6664
random_3,qwen-b06-q4-HS,HS,6,boundary,experience,13,10423
random_3,qwen-b06-q4-HS,HS,6,boundary,denial_tool,11,11379
random_3,qwen-b06-q4-HS,HS,6,answer_1,experience,13,8347
random_3,qwen-b06-q4-HS,HS,6,answer_1,denial_tool,11,8468
random_3,qwen-b06-q4-HS,HS,6,answer_2,experience,13,7958
random_3,qwen-b06-q4-HS,HS,6,answer_2,denial_tool,11,7163
random_3,qwen-b06-q4-HS,HS,6,answer_3,experience,13,6796
random_3,qwen-b06-q4-HS,HS,6,answer_3,denial_tool,11,4035
random_3,qwen-b06-q4-HS,HS,6,answer_4,experience,13,8248
random_3,qwen-b06-q4-HS,HS,6,answer_4,denial_tool,11,6563
random_3,qwen-b06-q4-HH,HH,6,boundary,experience,13,9707
random_3,qwen-b06-q4-HH,HH,6,boundary,denial_tool,11,9560
random_3,qwen-b06-q4-HH,HH,6,answer_1,experience,13,7171
random_3,qwen-b06-q4-HH,HH,6,answer_1,denial_tool,11,8546
random_3,qwen-b06-q4-HH,HH,6,answer_2,experience,13,7418
random_3,qwen-b06-q4-HH,HH,6,answer_2,denial_tool,11,7816
random_3,qwen-b06-q4-HH,HH,6,answer_3,experience,13,7230
random_3,qwen-b06-q4-HH,HH,6,answer_3,denial_tool,11,3489
random_3,qwen-b06-q4-HH,HH,6,answer_4,experience,13,4520
random_3,qwen-b06-q4-HH,HH,6,answer_4,denial_tool,11,7362
random_3,qwen-b07-q4-SS,SS,7,boundary,experience,13,8936
random_3,qwen-b07-q4-SS,SS,7,boundary,denial_tool,11,10377
random_3,qwen-b07-q4-SS,SS,7,answer_1,experience,13,8029
random_3,qwen-b07-q4-SS,SS,7,answer_1,denial_tool,11,4153
random_3,qwen-b07-q4-SS,SS,7,answer_2,experience,13,3369
random_3,qwen-b07-q4-SS,SS,7,answer_2,denial_tool,11,7441
random_3,qwen-b07-q4-SS,SS,7,answer_3,experience,13,11020
random_3,qwen-b07-q4-SS,SS,7,answer_3,denial_tool,11,10874
random_3,qwen-b07-q4-SS,SS,7,answer_4,experience,13,8610
random_3,qwen-b07-q4-SS,SS,7,answer_4,denial_tool,11,3530
random_3,qwen-b07-q4-SH,SH,7,boundary,experience,13,9597
random_3,qwen-b07-q4-SH,SH,7,boundary,denial_tool,11,9326
random_3,qwen-b07-q4-SH,SH,7,answer_1,experience,13,8730
random_3,qwen-b07-q4-SH,SH,7,answer_1,denial_tool,11,3854
random_3,qwen-b07-q4-SH,SH,7,answer_2,experience,13,6309
random_3,qwen-b07-q4-SH,SH,7,answer_2,denial_tool,11,4849
random_3,qwen-b07-q4-SH,SH,7,answer_3,experience,13,8825
random_3,qwen-b07-q4-SH,SH,7,answer_3,denial_tool,11,5337
random_3,qwen-b07-q4-SH,SH,7,answer_4,experience,13,7989
random_3,qwen-b07-q4-SH,SH,7,answer_4,denial_tool,11,6659
random_3,qwen-b07-q4-HS,HS,7,boundary,experience,13,9936
random_3,qwen-b07-q4-HS,HS,7,boundary,denial_tool,11,11906
random_3,qwen-b07-q4-HS,HS,7,answer_1,experience,13,7526
random_3,qwen-b07-q4-HS,HS,7,answer_1,denial_tool,11,7868
random_3,qwen-b07-q4-HS,HS,7,answer_2,experience,13,7656
random_3,qwen-b07-q4-HS,HS,7,answer_2,denial_tool,11,5042
random_3,qwen-b07-q4-HS,HS,7,answer_3,experience,13,6403
random_3,qwen-b07-q4-HS,HS,7,answer_3,denial_tool,11,3482
random_3,qwen-b07-q4-HS,HS,7,answer_4,experience,13,9191
random_3,qwen-b07-q4-HS,HS,7,answer_4,denial_tool,11,6211
random_3,qwen-b07-q4-HH,HH,7,boundary,experience,13,10402
random_3,qwen-b07-q4-HH,HH,7,boundary,denial_tool,11,9800
random_3,qwen-b07-q4-HH,HH,7,answer_1,experience,13,6693
random_3,qwen-b07-q4-HH,HH,7,answer_1,denial_tool,11,8711
random_3,qwen-b07-q4-HH,HH,7,answer_2,experience,13,8352
random_3,qwen-b07-q4-HH,HH,7,answer_2,denial_tool,11,8146
random_3,qwen-b07-q4-HH,HH,7,answer_3,experience,13,6708
random_3,qwen-b07-q4-HH,HH,7,answer_3,denial_tool,11,3611
random_3,qwen-b07-q4-HH,HH,7,answer_4,experience,13,4924
random_3,qwen-b07-q4-HH,HH,7,answer_4,denial_tool,11,6849
random_3,qwen-b08-q4-SS,SS,8,boundary,experience,13,9841
random_3,qwen-b08-q4-SS,SS,8,boundary,denial_tool,11,9702
random_3,qwen-b08-q4-SS,SS,8,answer_1,experience,13,9273
random_3,qwen-b08-q4-SS,SS,8,answer_1,denial_tool,11,4520
random_3,qwen-b08-q4-SS,SS,8,answer_2,experience,13,9304
random_3,qwen-b08-q4-SS,SS,8,answer_2,denial_tool,11,6075
random_3,qwen-b08-q4-SS,SS,8,answer_3,experience,13,9861
random_3,qwen-b08-q4-SS,SS,8,answer_3,denial_tool,11,5619
random_3,qwen-b08-q4-SS,SS,8,answer_4,experience,13,6543
random_3,qwen-b08-q4-SS,SS,8,answer_4,denial_tool,11,6088
random_3,qwen-b08-q4-SH,SH,8,boundary,experience,13,10018
random_3,qwen-b08-q4-SH,SH,8,boundary,denial_tool,11,10070
random_3,qwen-b08-q4-SH,SH,8,answer_1,experience,13,8767
random_3,qwen-b08-q4-SH,SH,8,answer_1,denial_tool,11,3958
random_3,qwen-b08-q4-SH,SH,8,answer_2,experience,13,6755
random_3,qwen-b08-q4-SH,SH,8,answer_2,denial_tool,11,4383
random_3,qwen-b08-q4-SH,SH,8,answer_3,experience,13,9130
random_3,qwen-b08-q4-SH,SH,8,answer_3,denial_tool,11,5567
random_3,qwen-b08-q4-SH,SH,8,answer_4,experience,13,7801
random_3,qwen-b08-q4-SH,SH,8,answer_4,denial_tool,11,7045
random_3,qwen-b08-q4-HS,HS,8,boundary,experience,13,9581
random_3,qwen-b08-q4-HS,HS,8,boundary,denial_tool,11,12318
random_3,qwen-b08-q4-HS,HS,8,answer_1,experience,13,7324
random_3,qwen-b08-q4-HS,HS,8,answer_1,denial_tool,11,8993
random_3,qwen-b08-q4-HS,HS,8,answer_2,experience,13,7618
random_3,qwen-b08-q4-HS,HS,8,answer_2,denial_tool,11,5225
random_3,qwen-b08-q4-HS,HS,8,answer_3,experience,13,6510
random_3,qwen-b08-q4-HS,HS,8,answer_3,denial_tool,11,4247
random_3,qwen-b08-q4-HS,HS,8,answer_4,experience,13,8950
random_3,qwen-b08-q4-HS,HS,8,answer_4,denial_tool,11,6757
random_3,qwen-b08-q4-HH,HH,8,boundary,experience,13,10462
random_3,qwen-b08-q4-HH,HH,8,boundary,denial_tool,11,9882
random_3,qwen-b08-q4-HH,HH,8,answer_1,experience,13,6225
random_3,qwen-b08-q4-HH,HH,8,answer_1,denial_tool,11,9004
random_3,qwen-b08-q4-HH,HH,8,answer_2,experience,13,8647
random_3,qwen-b08-q4-HH,HH,8,answer_2,denial_tool,11,7674
random_3,qwen-b08-q4-HH,HH,8,answer_3,experience,13,7399
random_3,qwen-b08-q4-HH,HH,8,answer_3,denial_tool,11,3873
random_3,qwen-b08-q4-HH,HH,8,answer_4,experience,13,5005
random_3,qwen-b08-q4-HH,HH,8,answer_4,denial_tool,11,7179
random_3,qwen-b09-q4-SS,SS,9,boundary,experience,13,9345
random_3,qwen-b09-q4-SS,SS,9,boundary,denial_tool,11,10375
random_3,qwen-b09-q4-SS,SS,9,answer_1,experience,13,8346
random_3,qwen-b09-q4-SS,SS,9,answer_1,denial_tool,11,4469
random_3,qwen-b09-q4-SS,SS,9,answer_2,experience,13,3740
random_3,qwen-b09-q4-SS,SS,9,answer_2,denial_tool,11,7875
random_3,qwen-b09-q4-SS,SS,9,answer_3,experience,13,10084
random_3,qwen-b09-q4-SS,SS,9,answer_3,denial_tool,11,10349
random_3,qwen-b09-q4-SS,SS,9,answer_4,experience,13,8952
random_3,qwen-b09-q4-SS,SS,9,answer_4,denial_tool,11,3201
random_3,qwen-b09-q4-SH,SH,9,boundary,experience,13,9738
random_3,qwen-b09-q4-SH,SH,9,boundary,denial_tool,11,8664
random_3,qwen-b09-q4-SH,SH,9,answer_1,experience,13,9316
random_3,qwen-b09-q4-SH,SH,9,answer_1,denial_tool,11,3816
random_3,qwen-b09-q4-SH,SH,9,answer_2,experience,13,5482
random_3,qwen-b09-q4-SH,SH,9,answer_2,denial_tool,11,5543
random_3,qwen-b09-q4-SH,SH,9,answer_3,experience,13,9262
random_3,qwen-b09-q4-SH,SH,9,answer_3,denial_tool,11,5789
random_3,qwen-b09-q4-SH,SH,9,answer_4,experience,13,7853
random_3,qwen-b09-q4-SH,SH,9,answer_4,denial_tool,11,6857
random_3,qwen-b09-q4-HS,HS,9,boundary,experience,13,9777
random_3,qwen-b09-q4-HS,HS,9,boundary,denial_tool,11,11126
random_3,qwen-b09-q4-HS,HS,9,answer_1,experience,13,8397
random_3,qwen-b09-q4-HS,HS,9,answer_1,denial_tool,11,4206
random_3,qwen-b09-q4-HS,HS,9,answer_2,experience,13,8174
random_3,qwen-b09-q4-HS,HS,9,answer_2,denial_tool,11,7215
random_3,qwen-b09-q4-HS,HS,9,answer_3,experience,13,6759
random_3,qwen-b09-q4-HS,HS,9,answer_3,denial_tool,11,5964
random_3,qwen-b09-q4-HS,HS,9,answer_4,experience,13,8605
random_3,qwen-b09-q4-HS,HS,9,answer_4,denial_tool,11,8219
random_3,qwen-b09-q4-HH,HH,9,boundary,experience,13,10174
random_3,qwen-b09-q4-HH,HH,9,boundary,denial_tool,11,8986
random_3,qwen-b09-q4-HH,HH,9,answer_1,experience,13,6406
random_3,qwen-b09-q4-HH,HH,9,answer_1,denial_tool,11,8882
random_3,qwen-b09-q4-HH,HH,9,answer_2,experience,13,6775
random_3,qwen-b09-q4-HH,HH,9,answer_2,denial_tool,11,9056
random_3,qwen-b09-q4-HH,HH,9,answer_3,experience,13,7174
random_3,qwen-b09-q4-HH,HH,9,answer_3,denial_tool,11,3824
random_3,qwen-b09-q4-HH,HH,9,answer_4,experience,13,4410
random_3,qwen-b09-q4-HH,HH,9,answer_4,denial_tool,11,7193
random_3,qwen-b10-q4-SS,SS,10,boundary,experience,13,9700
random_3,qwen-b10-q4-SS,SS,10,boundary,denial_tool,11,10733
random_3,qwen-b10-q4-SS,SS,10,answer_1,experience,13,10225
random_3,qwen-b10-q4-SS,SS,10,answer_1,denial_tool,11,4725
random_3,qwen-b10-q4-SS,SS,10,answer_2,experience,13,9175
random_3,qwen-b10-q4-SS,SS,10,answer_2,denial_tool,11,7368
random_3,qwen-b10-q4-SS,SS,10,answer_3,experience,13,9498
random_3,qwen-b10-q4-SS,SS,10,answer_3,denial_tool,11,5484
random_3,qwen-b10-q4-SS,SS,10,answer_4,experience,13,7305
random_3,qwen-b10-q4-SS,SS,10,answer_4,denial_tool,11,6194
random_3,qwen-b10-q4-SH,SH,10,boundary,experience,13,9632
random_3,qwen-b10-q4-SH,SH,10,boundary,denial_tool,11,9702
random_3,qwen-b10-q4-SH,SH,10,answer_1,experience,13,9047
random_3,qwen-b10-q4-SH,SH,10,answer_1,denial_tool,11,3810
random_3,qwen-b10-q4-SH,SH,10,answer_2,experience,13,6080
random_3,qwen-b10-q4-SH,SH,10,answer_2,denial_tool,11,5044
random_3,qwen-b10-q4-SH,SH,10,answer_3,experience,13,9137
random_3,qwen-b10-q4-SH,SH,10,answer_3,denial_tool,11,5616
random_3,qwen-b10-q4-SH,SH,10,answer_4,experience,13,8044
random_3,qwen-b10-q4-SH,SH,10,answer_4,denial_tool,11,7376
random_3,qwen-b10-q4-HS,HS,10,boundary,experience,13,9991
random_3,qwen-b10-q4-HS,HS,10,boundary,denial_tool,11,12414
random_3,qwen-b10-q4-HS,HS,10,answer_1,experience,13,8973
random_3,qwen-b10-q4-HS,HS,10,answer_1,denial_tool,11,5071
random_3,qwen-b10-q4-HS,HS,10,answer_2,experience,13,7982
random_3,qwen-b10-q4-HS,HS,10,answer_2,denial_tool,11,10498
random_3,qwen-b10-q4-HS,HS,10,answer_3,experience,13,6468
random_3,qwen-b10-q4-HS,HS,10,answer_3,denial_tool,11,7187
random_3,qwen-b10-q4-HS,HS,10,answer_4,experience,13,7671
random_3,qwen-b10-q4-HS,HS,10,answer_4,denial_tool,11,6272
random_3,qwen-b10-q4-HH,HH,10,boundary,experience,13,10128
random_3,qwen-b10-q4-HH,HH,10,boundary,denial_tool,11,9173
random_3,qwen-b10-q4-HH,HH,10,answer_1,experience,13,6224
random_3,qwen-b10-q4-HH,HH,10,answer_1,denial_tool,11,9612
random_3,qwen-b10-q4-HH,HH,10,answer_2,experience,13,6810
random_3,qwen-b10-q4-HH,HH,10,answer_2,denial_tool,11,7393
random_3,qwen-b10-q4-HH,HH,10,answer_3,experience,13,6947
random_3,qwen-b10-q4-HH,HH,10,answer_3,denial_tool,11,4010
random_3,qwen-b10-q4-HH,HH,10,answer_4,experience,13,4470
random_3,qwen-b10-q4-HH,HH,10,answer_4,denial_tool,11,6985
random_3,qwen-b11-q4-SS,SS,11,boundary,experience,13,10058
random_3,qwen-b11-q4-SS,SS,11,boundary,denial_tool,11,10182
random_3,qwen-b11-q4-SS,SS,11,answer_1,experience,13,8903
random_3,qwen-b11-q4-SS,SS,11,answer_1,denial_tool,11,4826
random_3,qwen-b11-q4-SS,SS,11,answer_2,experience,13,9044
random_3,qwen-b11-q4-SS,SS,11,answer_2,denial_tool,11,6556
random_3,qwen-b11-q4-SS,SS,11,answer_3,experience,13,9962
random_3,qwen-b11-q4-SS,SS,11,answer_3,denial_tool,11,6283
random_3,qwen-b11-q4-SS,SS,11,answer_4,experience,13,6421
random_3,qwen-b11-q4-SS,SS,11,answer_4,denial_tool,11,6166
random_3,qwen-b11-q4-SH,SH,11,boundary,experience,13,9876
random_3,qwen-b11-q4-SH,SH,11,boundary,denial_tool,11,8583
random_3,qwen-b11-q4-SH,SH,11,answer_1,experience,13,8445
random_3,qwen-b11-q4-SH,SH,11,answer_1,denial_tool,11,3608
random_3,qwen-b11-q4-SH,SH,11,answer_2,experience,13,5520
random_3,qwen-b11-q4-SH,SH,11,answer_2,denial_tool,11,4815
random_3,qwen-b11-q4-SH,SH,11,answer_3,experience,13,9113
random_3,qwen-b11-q4-SH,SH,11,answer_3,denial_tool,11,6022
random_3,qwen-b11-q4-SH,SH,11,answer_4,experience,13,7607
random_3,qwen-b11-q4-SH,SH,11,answer_4,denial_tool,11,7031
random_3,qwen-b11-q4-HS,HS,11,boundary,experience,13,11490
random_3,qwen-b11-q4-HS,HS,11,boundary,denial_tool,11,12260
random_3,qwen-b11-q4-HS,HS,11,answer_1,experience,13,9811
random_3,qwen-b11-q4-HS,HS,11,answer_1,denial_tool,11,5433
random_3,qwen-b11-q4-HS,HS,11,answer_2,experience,13,7073
random_3,qwen-b11-q4-HS,HS,11,answer_2,denial_tool,11,8270
random_3,qwen-b11-q4-HS,HS,11,answer_3,experience,13,6758
random_3,qwen-b11-q4-HS,HS,11,answer_3,denial_tool,11,7679
random_3,qwen-b11-q4-HS,HS,11,answer_4,experience,13,7747
random_3,qwen-b11-q4-HS,HS,11,answer_4,denial_tool,11,7096
random_3,qwen-b11-q4-HH,HH,11,boundary,experience,13,10427
random_3,qwen-b11-q4-HH,HH,11,boundary,denial_tool,11,8874
random_3,qwen-b11-q4-HH,HH,11,answer_1,experience,13,6382
random_3,qwen-b11-q4-HH,HH,11,answer_1,denial_tool,11,8635
random_3,qwen-b11-q4-HH,HH,11,answer_2,experience,13,7956
random_3,qwen-b11-q4-HH,HH,11,answer_2,denial_tool,11,7610
random_3,qwen-b11-q4-HH,HH,11,answer_3,experience,13,7118
random_3,qwen-b11-q4-HH,HH,11,answer_3,denial_tool,11,3765
random_3,qwen-b11-q4-HH,HH,11,answer_4,experience,13,4672
random_3,qwen-b11-q4-HH,HH,11,answer_4,denial_tool,11,7236
random_3,qwen-b12-q4-SS,SS,12,boundary,experience,13,9415
random_3,qwen-b12-q4-SS,SS,12,boundary,denial_tool,11,10364
random_3,qwen-b12-q4-SS,SS,12,answer_1,experience,13,9265
random_3,qwen-b12-q4-SS,SS,12,answer_1,denial_tool,11,5120
random_3,qwen-b12-q4-SS,SS,12,answer_2,experience,13,9426
random_3,qwen-b12-q4-SS,SS,12,answer_2,denial_tool,11,6855
random_3,qwen-b12-q4-SS,SS,12,answer_3,experience,13,9113
random_3,qwen-b12-q4-SS,SS,12,answer_3,denial_tool,11,5144
random_3,qwen-b12-q4-SS,SS,12,answer_4,experience,13,5996
random_3,qwen-b12-q4-SS,SS,12,answer_4,denial_tool,11,5896
random_3,qwen-b12-q4-SH,SH,12,boundary,experience,13,8943
random_3,qwen-b12-q4-SH,SH,12,boundary,denial_tool,11,9494
random_3,qwen-b12-q4-SH,SH,12,answer_1,experience,13,9158
random_3,qwen-b12-q4-SH,SH,12,answer_1,denial_tool,11,3875
random_3,qwen-b12-q4-SH,SH,12,answer_2,experience,13,5571
random_3,qwen-b12-q4-SH,SH,12,answer_2,denial_tool,11,4617
random_3,qwen-b12-q4-SH,SH,12,answer_3,experience,13,9274
random_3,qwen-b12-q4-SH,SH,12,answer_3,denial_tool,11,6031
random_3,qwen-b12-q4-SH,SH,12,answer_4,experience,13,8102
random_3,qwen-b12-q4-SH,SH,12,answer_4,denial_tool,11,6767
random_3,qwen-b12-q4-HS,HS,12,boundary,experience,13,10348
random_3,qwen-b12-q4-HS,HS,12,boundary,denial_tool,11,11616
random_3,qwen-b12-q4-HS,HS,12,answer_1,experience,13,8819
random_3,qwen-b12-q4-HS,HS,12,answer_1,denial_tool,11,3553
random_3,qwen-b12-q4-HS,HS,12,answer_2,experience,13,8234
random_3,qwen-b12-q4-HS,HS,12,answer_2,denial_tool,11,6398
random_3,qwen-b12-q4-HS,HS,12,answer_3,experience,13,6912
random_3,qwen-b12-q4-HS,HS,12,answer_3,denial_tool,11,5268
random_3,qwen-b12-q4-HS,HS,12,answer_4,experience,13,8877
random_3,qwen-b12-q4-HS,HS,12,answer_4,denial_tool,11,8187
random_3,qwen-b12-q4-HH,HH,12,boundary,experience,13,9718
random_3,qwen-b12-q4-HH,HH,12,boundary,denial_tool,11,9075
random_3,qwen-b12-q4-HH,HH,12,answer_1,experience,13,5869
random_3,qwen-b12-q4-HH,HH,12,answer_1,denial_tool,11,8719
random_3,qwen-b12-q4-HH,HH,12,answer_2,experience,13,7243
random_3,qwen-b12-q4-HH,HH,12,answer_2,denial_tool,11,8800
random_3,qwen-b12-q4-HH,HH,12,answer_3,experience,13,6761
random_3,qwen-b12-q4-HH,HH,12,answer_3,denial_tool,11,3707
random_3,qwen-b12-q4-HH,HH,12,answer_4,experience,13,4738
random_3,qwen-b12-q4-HH,HH,12,answer_4,denial_tool,11,6941
random_3,qwen-b13-q4-SS,SS,13,boundary,experience,13,9409
random_3,qwen-b13-q4-SS,SS,13,boundary,denial_tool,11,10851
random_3,qwen-b13-q4-SS,SS,13,answer_1,experience,13,8894
random_3,qwen-b13-q4-SS,SS,13,answer_1,denial_tool,11,4629
random_3,qwen-b13-q4-SS,SS,13,answer_2,experience,13,8222
random_3,qwen-b13-q4-SS,SS,13,answer_2,denial_tool,11,8216
random_3,qwen-b13-q4-SS,SS,13,answer_3,experience,13,9340
random_3,qwen-b13-q4-SS,SS,13,answer_3,denial_tool,11,5486
random_3,qwen-b13-q4-SS,SS,13,answer_4,experience,13,6583
random_3,qwen-b13-q4-SS,SS,13,answer_4,denial_tool,11,6099
random_3,qwen-b13-q4-SH,SH,13,boundary,experience,13,9413
random_3,qwen-b13-q4-SH,SH,13,boundary,denial_tool,11,8696
random_3,qwen-b13-q4-SH,SH,13,answer_1,experience,13,9032
random_3,qwen-b13-q4-SH,SH,13,answer_1,denial_tool,11,3958
random_3,qwen-b13-q4-SH,SH,13,answer_2,experience,13,5689
random_3,qwen-b13-q4-SH,SH,13,answer_2,denial_tool,11,4911
random_3,qwen-b13-q4-SH,SH,13,answer_3,experience,13,8868
random_3,qwen-b13-q4-SH,SH,13,answer_3,denial_tool,11,5653
random_3,qwen-b13-q4-SH,SH,13,answer_4,experience,13,7777
random_3,qwen-b13-q4-SH,SH,13,answer_4,denial_tool,11,6597
random_3,qwen-b13-q4-HS,HS,13,boundary,experience,13,9918
random_3,qwen-b13-q4-HS,HS,13,boundary,denial_tool,11,11902
random_3,qwen-b13-q4-HS,HS,13,answer_1,experience,13,7672
random_3,qwen-b13-q4-HS,HS,13,answer_1,denial_tool,11,8756
random_3,qwen-b13-q4-HS,HS,13,answer_2,experience,13,7553
random_3,qwen-b13-q4-HS,HS,13,answer_2,denial_tool,11,6664
random_3,qwen-b13-q4-HS,HS,13,answer_3,experience,13,6559
random_3,qwen-b13-q4-HS,HS,13,answer_3,denial_tool,11,3795
random_3,qwen-b13-q4-HS,HS,13,answer_4,experience,13,9367
random_3,qwen-b13-q4-HS,HS,13,answer_4,denial_tool,11,7520
random_3,qwen-b13-q4-HH,HH,13,boundary,experience,13,9684
random_3,qwen-b13-q4-HH,HH,13,boundary,denial_tool,11,8659
random_3,qwen-b13-q4-HH,HH,13,answer_1,experience,13,6974
random_3,qwen-b13-q4-HH,HH,13,answer_1,denial_tool,11,8992
random_3,qwen-b13-q4-HH,HH,13,answer_2,experience,13,7791
random_3,qwen-b13-q4-HH,HH,13,answer_2,denial_tool,11,9174
random_3,qwen-b13-q4-HH,HH,13,answer_3,experience,13,6980
random_3,qwen-b13-q4-HH,HH,13,answer_3,denial_tool,11,3563
random_3,qwen-b13-q4-HH,HH,13,answer_4,experience,13,5005
random_3,qwen-b13-q4-HH,HH,13,answer_4,denial_tool,11,7129
random_3,qwen-b14-q4-SS,SS,14,boundary,experience,13,9252
random_3,qwen-b14-q4-SS,SS,14,boundary,denial_tool,11,9454
random_3,qwen-b14-q4-SS,SS,14,answer_1,experience,13,8471
random_3,qwen-b14-q4-SS,SS,14,answer_1,denial_tool,11,4682
random_3,qwen-b14-q4-SS,SS,14,answer_2,experience,13,3906
random_3,qwen-b14-q4-SS,SS,14,answer_2,denial_tool,11,6500
random_3,qwen-b14-q4-SS,SS,14,answer_3,experience,13,10431
random_3,qwen-b14-q4-SS,SS,14,answer_3,denial_tool,11,10396
random_3,qwen-b14-q4-SS,SS,14,answer_4,experience,13,8506
random_3,qwen-b14-q4-SS,SS,14,answer_4,denial_tool,11,3387
random_3,qwen-b14-q4-SH,SH,14,boundary,experience,13,9615
random_3,qwen-b14-q4-SH,SH,14,boundary,denial_tool,11,9619
random_3,qwen-b14-q4-SH,SH,14,answer_1,experience,13,8711
random_3,qwen-b14-q4-SH,SH,14,answer_1,denial_tool,11,3781
random_3,qwen-b14-q4-SH,SH,14,answer_2,experience,13,6509
random_3,qwen-b14-q4-SH,SH,14,answer_2,denial_tool,11,4758
random_3,qwen-b14-q4-SH,SH,14,answer_3,experience,13,8801
random_3,qwen-b14-q4-SH,SH,14,answer_3,denial_tool,11,5808
random_3,qwen-b14-q4-SH,SH,14,answer_4,experience,13,7826
random_3,qwen-b14-q4-SH,SH,14,answer_4,denial_tool,11,6844
random_3,qwen-b14-q4-HS,HS,14,boundary,experience,13,9672
random_3,qwen-b14-q4-HS,HS,14,boundary,denial_tool,11,10977
random_3,qwen-b14-q4-HS,HS,14,answer_1,experience,13,8523
random_3,qwen-b14-q4-HS,HS,14,answer_1,denial_tool,11,8933
random_3,qwen-b14-q4-HS,HS,14,answer_2,experience,13,7754
random_3,qwen-b14-q4-HS,HS,14,answer_2,denial_tool,11,6683
random_3,qwen-b14-q4-HS,HS,14,answer_3,experience,13,6276
random_3,qwen-b14-q4-HS,HS,14,answer_3,denial_tool,11,3942
random_3,qwen-b14-q4-HS,HS,14,answer_4,experience,13,8536
random_3,qwen-b14-q4-HS,HS,14,answer_4,denial_tool,11,7011
random_3,qwen-b14-q4-HH,HH,14,boundary,experience,13,10455
random_3,qwen-b14-q4-HH,HH,14,boundary,denial_tool,11,9056
random_3,qwen-b14-q4-HH,HH,14,answer_1,experience,13,6611
random_3,qwen-b14-q4-HH,HH,14,answer_1,denial_tool,11,8663
random_3,qwen-b14-q4-HH,HH,14,answer_2,experience,13,7333
random_3,qwen-b14-q4-HH,HH,14,answer_2,denial_tool,11,7725
random_3,qwen-b14-q4-HH,HH,14,answer_3,experience,13,6992
random_3,qwen-b14-q4-HH,HH,14,answer_3,denial_tool,11,3610
random_3,qwen-b14-q4-HH,HH,14,answer_4,experience,13,4908
random_3,qwen-b14-q4-HH,HH,14,answer_4,denial_tool,11,7319
random_3,qwen-b15-q4-SS,SS,15,boundary,experience,13,9762
random_3,qwen-b15-q4-SS,SS,15,boundary,denial_tool,11,10842
random_3,qwen-b15-q4-SS,SS,15,answer_1,experience,13,9609
random_3,qwen-b15-q4-SS,SS,15,answer_1,denial_tool,11,4521
random_3,qwen-b15-q4-SS,SS,15,answer_2,experience,13,8584
random_3,qwen-b15-q4-SS,SS,15,answer_2,denial_tool,11,7206
random_3,qwen-b15-q4-SS,SS,15,answer_3,experience,13,9561
random_3,qwen-b15-q4-SS,SS,15,answer_3,denial_tool,11,5776
random_3,qwen-b15-q4-SS,SS,15,answer_4,experience,13,6594
random_3,qwen-b15-q4-SS,SS,15,answer_4,denial_tool,11,6263
random_3,qwen-b15-q4-SH,SH,15,boundary,experience,13,10150
random_3,qwen-b15-q4-SH,SH,15,boundary,denial_tool,11,8931
random_3,qwen-b15-q4-SH,SH,15,answer_1,experience,13,8784
random_3,qwen-b15-q4-SH,SH,15,answer_1,denial_tool,11,3731
random_3,qwen-b15-q4-SH,SH,15,answer_2,experience,13,5972
random_3,qwen-b15-q4-SH,SH,15,answer_2,denial_tool,11,5011
random_3,qwen-b15-q4-SH,SH,15,answer_3,experience,13,9344
random_3,qwen-b15-q4-SH,SH,15,answer_3,denial_tool,11,5633
random_3,qwen-b15-q4-SH,SH,15,answer_4,experience,13,8105
random_3,qwen-b15-q4-SH,SH,15,answer_4,denial_tool,11,6616
random_3,qwen-b15-q4-HS,HS,15,boundary,experience,13,9952
random_3,qwen-b15-q4-HS,HS,15,boundary,denial_tool,11,11303
random_3,qwen-b15-q4-HS,HS,15,answer_1,experience,13,7670
random_3,qwen-b15-q4-HS,HS,15,answer_1,denial_tool,11,12688
random_3,qwen-b15-q4-HS,HS,15,answer_2,experience,13,7750
random_3,qwen-b15-q4-HS,HS,15,answer_2,denial_tool,11,9535
random_3,qwen-b15-q4-HS,HS,15,answer_3,experience,13,8096
random_3,qwen-b15-q4-HS,HS,15,answer_3,denial_tool,11,5030
random_3,qwen-b15-q4-HS,HS,15,answer_4,experience,13,7249
random_3,qwen-b15-q4-HS,HS,15,answer_4,denial_tool,11,6672
random_3,qwen-b15-q4-HH,HH,15,boundary,experience,13,10492
random_3,qwen-b15-q4-HH,HH,15,boundary,denial_tool,11,9400
random_3,qwen-b15-q4-HH,HH,15,answer_1,experience,13,6558
random_3,qwen-b15-q4-HH,HH,15,answer_1,denial_tool,11,9115
random_3,qwen-b15-q4-HH,HH,15,answer_2,experience,13,6461
random_3,qwen-b15-q4-HH,HH,15,answer_2,denial_tool,11,7971
random_3,qwen-b15-q4-HH,HH,15,answer_3,experience,13,7112
random_3,qwen-b15-q4-HH,HH,15,answer_3,denial_tool,11,3536
random_3,qwen-b15-q4-HH,HH,15,answer_4,experience,13,5518
random_3,qwen-b15-q4-HH,HH,15,answer_4,denial_tool,11,7171
random_3,qwen-b16-q4-SS,SS,16,boundary,experience,13,9762
random_3,qwen-b16-q4-SS,SS,16,boundary,denial_tool,11,9464
random_3,qwen-b16-q4-SS,SS,16,answer_1,experience,13,9395
random_3,qwen-b16-q4-SS,SS,16,answer_1,denial_tool,11,4276
random_3,qwen-b16-q4-SS,SS,16,answer_2,experience,13,8844
random_3,qwen-b16-q4-SS,SS,16,answer_2,denial_tool,11,8101
random_3,qwen-b16-q4-SS,SS,16,answer_3,experience,13,10095
random_3,qwen-b16-q4-SS,SS,16,answer_3,denial_tool,11,5408
random_3,qwen-b16-q4-SS,SS,16,answer_4,experience,13,6964
random_3,qwen-b16-q4-SS,SS,16,answer_4,denial_tool,11,6163
random_3,qwen-b16-q4-SH,SH,16,boundary,experience,13,10128
random_3,qwen-b16-q4-SH,SH,16,boundary,denial_tool,11,8746
random_3,qwen-b16-q4-SH,SH,16,answer_1,experience,13,8860
random_3,qwen-b16-q4-SH,SH,16,answer_1,denial_tool,11,3825
random_3,qwen-b16-q4-SH,SH,16,answer_2,experience,13,6471
random_3,qwen-b16-q4-SH,SH,16,answer_2,denial_tool,11,4296
random_3,qwen-b16-q4-SH,SH,16,answer_3,experience,13,9481
random_3,qwen-b16-q4-SH,SH,16,answer_3,denial_tool,11,5414
random_3,qwen-b16-q4-SH,SH,16,answer_4,experience,13,8207
random_3,qwen-b16-q4-SH,SH,16,answer_4,denial_tool,11,6997
random_3,qwen-b16-q4-HS,HS,16,boundary,experience,13,9870
random_3,qwen-b16-q4-HS,HS,16,boundary,denial_tool,11,11179
random_3,qwen-b16-q4-HS,HS,16,answer_1,experience,13,9230
random_3,qwen-b16-q4-HS,HS,16,answer_1,denial_tool,11,4632
random_3,qwen-b16-q4-HS,HS,16,answer_2,experience,13,8885
random_3,qwen-b16-q4-HS,HS,16,answer_2,denial_tool,11,8921
random_3,qwen-b16-q4-HS,HS,16,answer_3,experience,13,6993
random_3,qwen-b16-q4-HS,HS,16,answer_3,denial_tool,11,6563
random_3,qwen-b16-q4-HS,HS,16,answer_4,experience,13,7730
random_3,qwen-b16-q4-HS,HS,16,answer_4,denial_tool,11,6164
random_3,qwen-b16-q4-HH,HH,16,boundary,experience,13,10532
random_3,qwen-b16-q4-HH,HH,16,boundary,denial_tool,11,9226
random_3,qwen-b16-q4-HH,HH,16,answer_1,experience,13,6972
random_3,qwen-b16-q4-HH,HH,16,answer_1,denial_tool,11,9044
random_3,qwen-b16-q4-HH,HH,16,answer_2,experience,13,7924
random_3,qwen-b16-q4-HH,HH,16,answer_2,denial_tool,11,7301
random_3,qwen-b16-q4-HH,HH,16,answer_3,experience,13,6925
random_3,qwen-b16-q4-HH,HH,16,answer_3,denial_tool,11,3857
random_3,qwen-b16-q4-HH,HH,16,answer_4,experience,13,4858
random_3,qwen-b16-q4-HH,HH,16,answer_4,denial_tool,11,7005
random_3,qwen-b17-q4-SS,SS,17,boundary,experience,13,10581
random_3,qwen-b17-q4-SS,SS,17,boundary,denial_tool,11,10169
random_3,qwen-b17-q4-SS,SS,17,answer_1,experience,13,9676
random_3,qwen-b17-q4-SS,SS,17,answer_1,denial_tool,11,4673
random_3,qwen-b17-q4-SS,SS,17,answer_2,experience,13,8808
random_3,qwen-b17-q4-SS,SS,17,answer_2,denial_tool,11,6449
random_3,qwen-b17-q4-SS,SS,17,answer_3,experience,13,9560
random_3,qwen-b17-q4-SS,SS,17,answer_3,denial_tool,11,6541
random_3,qwen-b17-q4-SS,SS,17,answer_4,experience,13,6966
random_3,qwen-b17-q4-SS,SS,17,answer_4,denial_tool,11,6495
random_3,qwen-b17-q4-SH,SH,17,boundary,experience,13,9884
random_3,qwen-b17-q4-SH,SH,17,boundary,denial_tool,11,9030
random_3,qwen-b17-q4-SH,SH,17,answer_1,experience,13,9271
random_3,qwen-b17-q4-SH,SH,17,answer_1,denial_tool,11,3762
random_3,qwen-b17-q4-SH,SH,17,answer_2,experience,13,5591
random_3,qwen-b17-q4-SH,SH,17,answer_2,denial_tool,11,5330
random_3,qwen-b17-q4-SH,SH,17,answer_3,experience,13,8940
random_3,qwen-b17-q4-SH,SH,17,answer_3,denial_tool,11,5735
random_3,qwen-b17-q4-SH,SH,17,answer_4,experience,13,8011
random_3,qwen-b17-q4-SH,SH,17,answer_4,denial_tool,11,6830
random_3,qwen-b17-q4-HS,HS,17,boundary,experience,13,10788
random_3,qwen-b17-q4-HS,HS,17,boundary,denial_tool,11,11557
random_3,qwen-b17-q4-HS,HS,17,answer_1,experience,13,8095
random_3,qwen-b17-q4-HS,HS,17,answer_1,denial_tool,11,12817
random_3,qwen-b17-q4-HS,HS,17,answer_2,experience,13,7184
random_3,qwen-b17-q4-HS,HS,17,answer_2,denial_tool,11,7324
random_3,qwen-b17-q4-HS,HS,17,answer_3,experience,13,8601
random_3,qwen-b17-q4-HS,HS,17,answer_3,denial_tool,11,4446
random_3,qwen-b17-q4-HS,HS,17,answer_4,experience,13,8138
random_3,qwen-b17-q4-HS,HS,17,answer_4,denial_tool,11,6485
random_3,qwen-b17-q4-HH,HH,17,boundary,experience,13,10348
random_3,qwen-b17-q4-HH,HH,17,boundary,denial_tool,11,9419
random_3,qwen-b17-q4-HH,HH,17,answer_1,experience,13,6198
random_3,qwen-b17-q4-HH,HH,17,answer_1,denial_tool,11,8816
random_3,qwen-b17-q4-HH,HH,17,answer_2,experience,13,6244
random_3,qwen-b17-q4-HH,HH,17,answer_2,denial_tool,11,6931
random_3,qwen-b17-q4-HH,HH,17,answer_3,experience,13,7163
random_3,qwen-b17-q4-HH,HH,17,answer_3,denial_tool,11,3919
random_3,qwen-b17-q4-HH,HH,17,answer_4,experience,13,4729
random_3,qwen-b17-q4-HH,HH,17,answer_4,denial_tool,11,7328
random_3,qwen-b18-q4-SS,SS,18,boundary,experience,13,9480
random_3,qwen-b18-q4-SS,SS,18,boundary,denial_tool,11,9224
random_3,qwen-b18-q4-SS,SS,18,answer_1,experience,13,7806
random_3,qwen-b18-q4-SS,SS,18,answer_1,denial_tool,11,5101
random_3,qwen-b18-q4-SS,SS,18,answer_2,experience,13,10099
random_3,qwen-b18-q4-SS,SS,18,answer_2,denial_tool,11,6573
random_3,qwen-b18-q4-SS,SS,18,answer_3,experience,13,9718
random_3,qwen-b18-q4-SS,SS,18,answer_3,denial_tool,11,5691
random_3,qwen-b18-q4-SS,SS,18,answer_4,experience,13,6773
random_3,qwen-b18-q4-SS,SS,18,answer_4,denial_tool,11,5881
random_3,qwen-b18-q4-SH,SH,18,boundary,experience,13,9522
random_3,qwen-b18-q4-SH,SH,18,boundary,denial_tool,11,8777
random_3,qwen-b18-q4-SH,SH,18,answer_1,experience,13,9065
random_3,qwen-b18-q4-SH,SH,18,answer_1,denial_tool,11,3583
random_3,qwen-b18-q4-SH,SH,18,answer_2,experience,13,5963
random_3,qwen-b18-q4-SH,SH,18,answer_2,denial_tool,11,5892
random_3,qwen-b18-q4-SH,SH,18,answer_3,experience,13,9180
random_3,qwen-b18-q4-SH,SH,18,answer_3,denial_tool,11,5894
random_3,qwen-b18-q4-SH,SH,18,answer_4,experience,13,7779
random_3,qwen-b18-q4-SH,SH,18,answer_4,denial_tool,11,6872
random_3,qwen-b18-q4-HS,HS,18,boundary,experience,13,9613
random_3,qwen-b18-q4-HS,HS,18,boundary,denial_tool,11,11185
random_3,qwen-b18-q4-HS,HS,18,answer_1,experience,13,8495
random_3,qwen-b18-q4-HS,HS,18,answer_1,denial_tool,11,8527
random_3,qwen-b18-q4-HS,HS,18,answer_2,experience,13,7720
random_3,qwen-b18-q4-HS,HS,18,answer_2,denial_tool,11,5568
random_3,qwen-b18-q4-HS,HS,18,answer_3,experience,13,6306
random_3,qwen-b18-q4-HS,HS,18,answer_3,denial_tool,11,3571
random_3,qwen-b18-q4-HS,HS,18,answer_4,experience,13,6998
random_3,qwen-b18-q4-HS,HS,18,answer_4,denial_tool,11,6913
random_3,qwen-b18-q4-HH,HH,18,boundary,experience,13,10120
random_3,qwen-b18-q4-HH,HH,18,boundary,denial_tool,11,8975
random_3,qwen-b18-q4-HH,HH,18,answer_1,experience,13,7012
random_3,qwen-b18-q4-HH,HH,18,answer_1,denial_tool,11,8544
random_3,qwen-b18-q4-HH,HH,18,answer_2,experience,13,7856
random_3,qwen-b18-q4-HH,HH,18,answer_2,denial_tool,11,8018
random_3,qwen-b18-q4-HH,HH,18,answer_3,experience,13,6686
random_3,qwen-b18-q4-HH,HH,18,answer_3,denial_tool,11,3653
random_3,qwen-b18-q4-HH,HH,18,answer_4,experience,13,4745
random_3,qwen-b18-q4-HH,HH,18,answer_4,denial_tool,11,7191
random_3,qwen-b19-q4-SS,SS,19,boundary,experience,13,10245
random_3,qwen-b19-q4-SS,SS,19,boundary,denial_tool,11,10695
random_3,qwen-b19-q4-SS,SS,19,answer_1,experience,13,9039
random_3,qwen-b19-q4-SS,SS,19,answer_1,denial_tool,11,4268
random_3,qwen-b19-q4-SS,SS,19,answer_2,experience,13,9145
random_3,qwen-b19-q4-SS,SS,19,answer_2,denial_tool,11,6840
random_3,qwen-b19-q4-SS,SS,19,answer_3,experience,13,10145
random_3,qwen-b19-q4-SS,SS,19,answer_3,denial_tool,11,5821
random_3,qwen-b19-q4-SS,SS,19,answer_4,experience,13,6812
random_3,qwen-b19-q4-SS,SS,19,answer_4,denial_tool,11,5998
random_3,qwen-b19-q4-SH,SH,19,boundary,experience,13,9452
random_3,qwen-b19-q4-SH,SH,19,boundary,denial_tool,11,9001
random_3,qwen-b19-q4-SH,SH,19,answer_1,experience,13,8063
random_3,qwen-b19-q4-SH,SH,19,answer_1,denial_tool,11,3627
random_3,qwen-b19-q4-SH,SH,19,answer_2,experience,13,6176
random_3,qwen-b19-q4-SH,SH,19,answer_2,denial_tool,11,5400
random_3,qwen-b19-q4-SH,SH,19,answer_3,experience,13,9019
random_3,qwen-b19-q4-SH,SH,19,answer_3,denial_tool,11,5760
random_3,qwen-b19-q4-SH,SH,19,answer_4,experience,13,8174
random_3,qwen-b19-q4-SH,SH,19,answer_4,denial_tool,11,6884
random_3,qwen-b19-q4-HS,HS,19,boundary,experience,13,10356
random_3,qwen-b19-q4-HS,HS,19,boundary,denial_tool,11,11699
random_3,qwen-b19-q4-HS,HS,19,answer_1,experience,13,8519
random_3,qwen-b19-q4-HS,HS,19,answer_1,denial_tool,11,8914
random_3,qwen-b19-q4-HS,HS,19,answer_2,experience,13,7588
random_3,qwen-b19-q4-HS,HS,19,answer_2,denial_tool,11,6152
random_3,qwen-b19-q4-HS,HS,19,answer_3,experience,13,6157
random_3,qwen-b19-q4-HS,HS,19,answer_3,denial_tool,11,3949
random_3,qwen-b19-q4-HS,HS,19,answer_4,experience,13,8409
random_3,qwen-b19-q4-HS,HS,19,answer_4,denial_tool,11,6201
random_3,qwen-b19-q4-HH,HH,19,boundary,experience,13,9846
random_3,qwen-b19-q4-HH,HH,19,boundary,denial_tool,11,9367
random_3,qwen-b19-q4-HH,HH,19,answer_1,experience,13,5913
random_3,qwen-b19-q4-HH,HH,19,answer_1,denial_tool,11,8797
random_3,qwen-b19-q4-HH,HH,19,answer_2,experience,13,7679
random_3,qwen-b19-q4-HH,HH,19,answer_2,denial_tool,11,8618
random_3,qwen-b19-q4-HH,HH,19,answer_3,experience,13,7266
random_3,qwen-b19-q4-HH,HH,19,answer_3,denial_tool,11,3882
random_3,qwen-b19-q4-HH,HH,19,answer_4,experience,13,4717
random_3,qwen-b19-q4-HH,HH,19,answer_4,denial_tool,11,7683
random_3,qwen-b20-q4-SS,SS,20,boundary,experience,13,9650
random_3,qwen-b20-q4-SS,SS,20,boundary,denial_tool,11,10475
random_3,qwen-b20-q4-SS,SS,20,answer_1,experience,13,9421
random_3,qwen-b20-q4-SS,SS,20,answer_1,denial_tool,11,4448
random_3,qwen-b20-q4-SS,SS,20,answer_2,experience,13,8087
random_3,qwen-b20-q4-SS,SS,20,answer_2,denial_tool,11,7014
random_3,qwen-b20-q4-SS,SS,20,answer_3,experience,13,9689
random_3,qwen-b20-q4-SS,SS,20,answer_3,denial_tool,11,5594
random_3,qwen-b20-q4-SS,SS,20,answer_4,experience,13,6984
random_3,qwen-b20-q4-SS,SS,20,answer_4,denial_tool,11,5967
random_3,qwen-b20-q4-SH,SH,20,boundary,experience,13,9576
random_3,qwen-b20-q4-SH,SH,20,boundary,denial_tool,11,8129
random_3,qwen-b20-q4-SH,SH,20,answer_1,experience,13,8287
random_3,qwen-b20-q4-SH,SH,20,answer_1,denial_tool,11,3585
random_3,qwen-b20-q4-SH,SH,20,answer_2,experience,13,5206
random_3,qwen-b20-q4-SH,SH,20,answer_2,denial_tool,11,4862
random_3,qwen-b20-q4-SH,SH,20,answer_3,experience,13,9213
random_3,qwen-b20-q4-SH,SH,20,answer_3,denial_tool,11,5253
random_3,qwen-b20-q4-SH,SH,20,answer_4,experience,13,7809
random_3,qwen-b20-q4-SH,SH,20,answer_4,denial_tool,11,7068
random_3,qwen-b20-q4-HS,HS,20,boundary,experience,13,10233
random_3,qwen-b20-q4-HS,HS,20,boundary,denial_tool,11,11328
random_3,qwen-b20-q4-HS,HS,20,answer_1,experience,13,7901
random_3,qwen-b20-q4-HS,HS,20,answer_1,denial_tool,11,12544
random_3,qwen-b20-q4-HS,HS,20,answer_2,experience,13,7657
random_3,qwen-b20-q4-HS,HS,20,answer_2,denial_tool,11,8969
random_3,qwen-b20-q4-HS,HS,20,answer_3,experience,13,7842
random_3,qwen-b20-q4-HS,HS,20,answer_3,denial_tool,11,4977
random_3,qwen-b20-q4-HS,HS,20,answer_4,experience,13,7645
random_3,qwen-b20-q4-HS,HS,20,answer_4,denial_tool,11,7042
random_3,qwen-b20-q4-HH,HH,20,boundary,experience,13,10029
random_3,qwen-b20-q4-HH,HH,20,boundary,denial_tool,11,8322
random_3,qwen-b20-q4-HH,HH,20,answer_1,experience,13,6662
random_3,qwen-b20-q4-HH,HH,20,answer_1,denial_tool,11,8464
random_3,qwen-b20-q4-HH,HH,20,answer_2,experience,13,7523
random_3,qwen-b20-q4-HH,HH,20,answer_2,denial_tool,11,6710
random_3,qwen-b20-q4-HH,HH,20,answer_3,experience,13,7010
random_3,qwen-b20-q4-HH,HH,20,answer_3,denial_tool,11,3591
random_3,qwen-b20-q4-HH,HH,20,answer_4,experience,13,5102
random_3,qwen-b20-q4-HH,HH,20,answer_4,denial_tool,11,7396
random_4,qwen-b01-q4-SS,SS,1,boundary,experience,13,3620
random_4,qwen-b01-q4-SS,SS,1,boundary,denial_tool,11,2712
random_4,qwen-b01-q4-SS,SS,1,answer_1,experience,13,4855
random_4,qwen-b01-q4-SS,SS,1,answer_1,denial_tool,11,2437
random_4,qwen-b01-q4-SS,SS,1,answer_2,experience,13,5364
random_4,qwen-b01-q4-SS,SS,1,answer_2,denial_tool,11,2916
random_4,qwen-b01-q4-SS,SS,1,answer_3,experience,13,5964
random_4,qwen-b01-q4-SS,SS,1,answer_3,denial_tool,11,2581
random_4,qwen-b01-q4-SS,SS,1,answer_4,experience,13,5581
random_4,qwen-b01-q4-SS,SS,1,answer_4,denial_tool,11,4915
random_4,qwen-b01-q4-SH,SH,1,boundary,experience,13,3148
random_4,qwen-b01-q4-SH,SH,1,boundary,denial_tool,11,2805
random_4,qwen-b01-q4-SH,SH,1,answer_1,experience,13,3602
random_4,qwen-b01-q4-SH,SH,1,answer_1,denial_tool,11,2376
random_4,qwen-b01-q4-SH,SH,1,answer_2,experience,13,4725
random_4,qwen-b01-q4-SH,SH,1,answer_2,denial_tool,11,2948
random_4,qwen-b01-q4-SH,SH,1,answer_3,experience,13,5366
random_4,qwen-b01-q4-SH,SH,1,answer_3,denial_tool,11,1608
random_4,qwen-b01-q4-SH,SH,1,answer_4,experience,13,5103
random_4,qwen-b01-q4-SH,SH,1,answer_4,denial_tool,11,5277
random_4,qwen-b01-q4-HS,HS,1,boundary,experience,13,3070
random_4,qwen-b01-q4-HS,HS,1,boundary,denial_tool,11,2924
random_4,qwen-b01-q4-HS,HS,1,answer_1,experience,13,3923
random_4,qwen-b01-q4-HS,HS,1,answer_1,denial_tool,11,2654
random_4,qwen-b01-q4-HS,HS,1,answer_2,experience,13,2700
random_4,qwen-b01-q4-HS,HS,1,answer_2,denial_tool,11,3069
random_4,qwen-b01-q4-HS,HS,1,answer_3,experience,13,5240
random_4,qwen-b01-q4-HS,HS,1,answer_3,denial_tool,11,3549
random_4,qwen-b01-q4-HS,HS,1,answer_4,experience,13,2515
random_4,qwen-b01-q4-HS,HS,1,answer_4,denial_tool,11,4305
random_4,qwen-b01-q4-HH,HH,1,boundary,experience,13,2791
random_4,qwen-b01-q4-HH,HH,1,boundary,denial_tool,11,2702
random_4,qwen-b01-q4-HH,HH,1,answer_1,experience,13,4270
random_4,qwen-b01-q4-HH,HH,1,answer_1,denial_tool,11,2412
random_4,qwen-b01-q4-HH,HH,1,answer_2,experience,13,2689
random_4,qwen-b01-q4-HH,HH,1,answer_2,denial_tool,11,2379
random_4,qwen-b01-q4-HH,HH,1,answer_3,experience,13,4254
random_4,qwen-b01-q4-HH,HH,1,answer_3,denial_tool,11,3745
random_4,qwen-b01-q4-HH,HH,1,answer_4,experience,13,2252
random_4,qwen-b01-q4-HH,HH,1,answer_4,denial_tool,11,3976
random_4,qwen-b02-q4-SS,SS,2,boundary,experience,13,3381
random_4,qwen-b02-q4-SS,SS,2,boundary,denial_tool,11,2458
random_4,qwen-b02-q4-SS,SS,2,answer_1,experience,13,4471
random_4,qwen-b02-q4-SS,SS,2,answer_1,denial_tool,11,2447
random_4,qwen-b02-q4-SS,SS,2,answer_2,experience,13,5328
random_4,qwen-b02-q4-SS,SS,2,answer_2,denial_tool,11,3106
random_4,qwen-b02-q4-SS,SS,2,answer_3,experience,13,5535
random_4,qwen-b02-q4-SS,SS,2,answer_3,denial_tool,11,2901
random_4,qwen-b02-q4-SS,SS,2,answer_4,experience,13,5437
random_4,qwen-b02-q4-SS,SS,2,answer_4,denial_tool,11,4788
random_4,qwen-b02-q4-SH,SH,2,boundary,experience,13,3321
random_4,qwen-b02-q4-SH,SH,2,boundary,denial_tool,11,2806
random_4,qwen-b02-q4-SH,SH,2,answer_1,experience,13,3311
random_4,qwen-b02-q4-SH,SH,2,answer_1,denial_tool,11,2510
random_4,qwen-b02-q4-SH,SH,2,answer_2,experience,13,4951
random_4,qwen-b02-q4-SH,SH,2,answer_2,denial_tool,11,3090
random_4,qwen-b02-q4-SH,SH,2,answer_3,experience,13,5567
random_4,qwen-b02-q4-SH,SH,2,answer_3,denial_tool,11,1868
random_4,qwen-b02-q4-SH,SH,2,answer_4,experience,13,5123
random_4,qwen-b02-q4-SH,SH,2,answer_4,denial_tool,11,5311
random_4,qwen-b02-q4-HS,HS,2,boundary,experience,13,3394
random_4,qwen-b02-q4-HS,HS,2,boundary,denial_tool,11,2551
random_4,qwen-b02-q4-HS,HS,2,answer_1,experience,13,1634
random_4,qwen-b02-q4-HS,HS,2,answer_1,denial_tool,11,2388
random_4,qwen-b02-q4-HS,HS,2,answer_2,experience,13,3652
random_4,qwen-b02-q4-HS,HS,2,answer_2,denial_tool,11,2587
random_4,qwen-b02-q4-HS,HS,2,answer_3,experience,13,5002
random_4,qwen-b02-q4-HS,HS,2,answer_3,denial_tool,11,2007
random_4,qwen-b02-q4-HS,HS,2,answer_4,experience,13,1390
random_4,qwen-b02-q4-HS,HS,2,answer_4,denial_tool,11,3682
random_4,qwen-b02-q4-HH,HH,2,boundary,experience,13,2800
random_4,qwen-b02-q4-HH,HH,2,boundary,denial_tool,11,2726
random_4,qwen-b02-q4-HH,HH,2,answer_1,experience,13,4073
random_4,qwen-b02-q4-HH,HH,2,answer_1,denial_tool,11,2336
random_4,qwen-b02-q4-HH,HH,2,answer_2,experience,13,2640
random_4,qwen-b02-q4-HH,HH,2,answer_2,denial_tool,11,2683
random_4,qwen-b02-q4-HH,HH,2,answer_3,experience,13,4962
random_4,qwen-b02-q4-HH,HH,2,answer_3,denial_tool,11,3239
random_4,qwen-b02-q4-HH,HH,2,answer_4,experience,13,1626
random_4,qwen-b02-q4-HH,HH,2,answer_4,denial_tool,11,4896
random_4,qwen-b03-q4-SS,SS,3,boundary,experience,13,2926
random_4,qwen-b03-q4-SS,SS,3,boundary,denial_tool,11,2480
random_4,qwen-b03-q4-SS,SS,3,answer_1,experience,13,5532
random_4,qwen-b03-q4-SS,SS,3,answer_1,denial_tool,11,2865
random_4,qwen-b03-q4-SS,SS,3,answer_2,experience,13,4619
random_4,qwen-b03-q4-SS,SS,3,answer_2,denial_tool,11,2893
random_4,qwen-b03-q4-SS,SS,3,answer_3,experience,13,5139
random_4,qwen-b03-q4-SS,SS,3,answer_3,denial_tool,11,3108
random_4,qwen-b03-q4-SS,SS,3,answer_4,experience,13,5490
random_4,qwen-b03-q4-SS,SS,3,answer_4,denial_tool,11,4963
random_4,qwen-b03-q4-SH,SH,3,boundary,experience,13,2882
random_4,qwen-b03-q4-SH,SH,3,boundary,denial_tool,11,2499
random_4,qwen-b03-q4-SH,SH,3,answer_1,experience,13,3212
random_4,qwen-b03-q4-SH,SH,3,answer_1,denial_tool,11,2436
random_4,qwen-b03-q4-SH,SH,3,answer_2,experience,13,4913
random_4,qwen-b03-q4-SH,SH,3,answer_2,denial_tool,11,3113
random_4,qwen-b03-q4-SH,SH,3,answer_3,experience,13,5119
random_4,qwen-b03-q4-SH,SH,3,answer_3,denial_tool,11,1820
random_4,qwen-b03-q4-SH,SH,3,answer_4,experience,13,4974
random_4,qwen-b03-q4-SH,SH,3,answer_4,denial_tool,11,5397
random_4,qwen-b03-q4-HS,HS,3,boundary,experience,13,3006
random_4,qwen-b03-q4-HS,HS,3,boundary,denial_tool,11,2489
random_4,qwen-b03-q4-HS,HS,3,answer_1,experience,13,4088
random_4,qwen-b03-q4-HS,HS,3,answer_1,denial_tool,11,2596
random_4,qwen-b03-q4-HS,HS,3,answer_2,experience,13,3057
random_4,qwen-b03-q4-HS,HS,3,answer_2,denial_tool,11,3104
random_4,qwen-b03-q4-HS,HS,3,answer_3,experience,13,4970
random_4,qwen-b03-q4-HS,HS,3,answer_3,denial_tool,11,3292
random_4,qwen-b03-q4-HS,HS,3,answer_4,experience,13,2372
random_4,qwen-b03-q4-HS,HS,3,answer_4,denial_tool,11,3999
random_4,qwen-b03-q4-HH,HH,3,boundary,experience,13,2702
random_4,qwen-b03-q4-HH,HH,3,boundary,denial_tool,11,2339
random_4,qwen-b03-q4-HH,HH,3,answer_1,experience,13,1945
random_4,qwen-b03-q4-HH,HH,3,answer_1,denial_tool,11,2277
random_4,qwen-b03-q4-HH,HH,3,answer_2,experience,13,2705
random_4,qwen-b03-q4-HH,HH,3,answer_2,denial_tool,11,2687
random_4,qwen-b03-q4-HH,HH,3,answer_3,experience,13,3569
random_4,qwen-b03-q4-HH,HH,3,answer_3,denial_tool,11,2286
random_4,qwen-b03-q4-HH,HH,3,answer_4,experience,13,1404
random_4,qwen-b03-q4-HH,HH,3,answer_4,denial_tool,11,3418
random_4,qwen-b04-q4-SS,SS,4,boundary,experience,13,3103
random_4,qwen-b04-q4-SS,SS,4,boundary,denial_tool,11,2464
random_4,qwen-b04-q4-SS,SS,4,answer_1,experience,13,5024
random_4,qwen-b04-q4-SS,SS,4,answer_1,denial_tool,11,2561
random_4,qwen-b04-q4-SS,SS,4,answer_2,experience,13,5066
random_4,qwen-b04-q4-SS,SS,4,answer_2,denial_tool,11,2825
random_4,qwen-b04-q4-SS,SS,4,answer_3,experience,13,6007
random_4,qwen-b04-q4-SS,SS,4,answer_3,denial_tool,11,2981
random_4,qwen-b04-q4-SS,SS,4,answer_4,experience,13,5776
random_4,qwen-b04-q4-SS,SS,4,answer_4,denial_tool,11,5399
random_4,qwen-b04-q4-SH,SH,4,boundary,experience,13,3239
random_4,qwen-b04-q4-SH,SH,4,boundary,denial_tool,11,2935
random_4,qwen-b04-q4-SH,SH,4,answer_1,experience,13,3721
random_4,qwen-b04-q4-SH,SH,4,answer_1,denial_tool,11,2400
random_4,qwen-b04-q4-SH,SH,4,answer_2,experience,13,4624
random_4,qwen-b04-q4-SH,SH,4,answer_2,denial_tool,11,2951
random_4,qwen-b04-q4-SH,SH,4,answer_3,experience,13,5306
random_4,qwen-b04-q4-SH,SH,4,answer_3,denial_tool,11,1758
random_4,qwen-b04-q4-SH,SH,4,answer_4,experience,13,4728
random_4,qwen-b04-q4-SH,SH,4,answer_4,denial_tool,11,5355
random_4,qwen-b04-q4-HS,HS,4,boundary,experience,13,2841
random_4,qwen-b04-q4-HS,HS,4,boundary,denial_tool,11,2426
random_4,qwen-b04-q4-HS,HS,4,answer_1,experience,13,4058
random_4,qwen-b04-q4-HS,HS,4,answer_1,denial_tool,11,2544
random_4,qwen-b04-q4-HS,HS,4,answer_2,experience,13,3065
random_4,qwen-b04-q4-HS,HS,4,answer_2,denial_tool,11,3042
random_4,qwen-b04-q4-HS,HS,4,answer_3,experience,13,4966
random_4,qwen-b04-q4-HS,HS,4,answer_3,denial_tool,11,3312
random_4,qwen-b04-q4-HS,HS,4,answer_4,experience,13,2616
random_4,qwen-b04-q4-HS,HS,4,answer_4,denial_tool,11,4357
random_4,qwen-b04-q4-HH,HH,4,boundary,experience,13,2301
random_4,qwen-b04-q4-HH,HH,4,boundary,denial_tool,11,2551
random_4,qwen-b04-q4-HH,HH,4,answer_1,experience,13,4496
random_4,qwen-b04-q4-HH,HH,4,answer_1,denial_tool,11,2479
random_4,qwen-b04-q4-HH,HH,4,answer_2,experience,13,2957
random_4,qwen-b04-q4-HH,HH,4,answer_2,denial_tool,11,2555
random_4,qwen-b04-q4-HH,HH,4,answer_3,experience,13,5172
random_4,qwen-b04-q4-HH,HH,4,answer_3,denial_tool,11,3355
random_4,qwen-b04-q4-HH,HH,4,answer_4,experience,13,1930
random_4,qwen-b04-q4-HH,HH,4,answer_4,denial_tool,11,4283
random_4,qwen-b05-q4-SS,SS,5,boundary,experience,13,2842
random_4,qwen-b05-q4-SS,SS,5,boundary,denial_tool,11,2617
random_4,qwen-b05-q4-SS,SS,5,answer_1,experience,13,4810
random_4,qwen-b05-q4-SS,SS,5,answer_1,denial_tool,11,2560
random_4,qwen-b05-q4-SS,SS,5,answer_2,experience,13,5469
random_4,qwen-b05-q4-SS,SS,5,answer_2,denial_tool,11,3081
random_4,qwen-b05-q4-SS,SS,5,answer_3,experience,13,5439
random_4,qwen-b05-q4-SS,SS,5,answer_3,denial_tool,11,2658
random_4,qwen-b05-q4-SS,SS,5,answer_4,experience,13,5080
random_4,qwen-b05-q4-SS,SS,5,answer_4,denial_tool,11,5184
random_4,qwen-b05-q4-SH,SH,5,boundary,experience,13,3344
random_4,qwen-b05-q4-SH,SH,5,boundary,denial_tool,11,3162
random_4,qwen-b05-q4-SH,SH,5,answer_1,experience,13,3514
random_4,qwen-b05-q4-SH,SH,5,answer_1,denial_tool,11,2404
random_4,qwen-b05-q4-SH,SH,5,answer_2,experience,13,4921
random_4,qwen-b05-q4-SH,SH,5,answer_2,denial_tool,11,3137
random_4,qwen-b05-q4-SH,SH,5,answer_3,experience,13,5324
random_4,qwen-b05-q4-SH,SH,5,answer_3,denial_tool,11,1673
random_4,qwen-b05-q4-SH,SH,5,answer_4,experience,13,5174
random_4,qwen-b05-q4-SH,SH,5,answer_4,denial_tool,11,5493
random_4,qwen-b05-q4-HS,HS,5,boundary,experience,13,2820
random_4,qwen-b05-q4-HS,HS,5,boundary,denial_tool,11,2642
random_4,qwen-b05-q4-HS,HS,5,answer_1,experience,13,4341
random_4,qwen-b05-q4-HS,HS,5,answer_1,denial_tool,11,2652
random_4,qwen-b05-q4-HS,HS,5,answer_2,experience,13,2900
random_4,qwen-b05-q4-HS,HS,5,answer_2,denial_tool,11,3067
random_4,qwen-b05-q4-HS,HS,5,answer_3,experience,13,4723
random_4,qwen-b05-q4-HS,HS,5,answer_3,denial_tool,11,3511
random_4,qwen-b05-q4-HS,HS,5,answer_4,experience,13,2353
random_4,qwen-b05-q4-HS,HS,5,answer_4,denial_tool,11,4462
random_4,qwen-b05-q4-HH,HH,5,boundary,experience,13,2709
random_4,qwen-b05-q4-HH,HH,5,boundary,denial_tool,11,2587
random_4,qwen-b05-q4-HH,HH,5,answer_1,experience,13,3979
random_4,qwen-b05-q4-HH,HH,5,answer_1,denial_tool,11,2420
random_4,qwen-b05-q4-HH,HH,5,answer_2,experience,13,2518
random_4,qwen-b05-q4-HH,HH,5,answer_2,denial_tool,11,2516
random_4,qwen-b05-q4-HH,HH,5,answer_3,experience,13,4620
random_4,qwen-b05-q4-HH,HH,5,answer_3,denial_tool,11,3625
random_4,qwen-b05-q4-HH,HH,5,answer_4,experience,13,2041
random_4,qwen-b05-q4-HH,HH,5,answer_4,denial_tool,11,3908
random_4,qwen-b06-q4-SS,SS,6,boundary,experience,13,3018
random_4,qwen-b06-q4-SS,SS,6,boundary,denial_tool,11,2596
random_4,qwen-b06-q4-SS,SS,6,answer_1,experience,13,4769
random_4,qwen-b06-q4-SS,SS,6,answer_1,denial_tool,11,3220
random_4,qwen-b06-q4-SS,SS,6,answer_2,experience,13,4921
random_4,qwen-b06-q4-SS,SS,6,answer_2,denial_tool,11,6466
random_4,qwen-b06-q4-SS,SS,6,answer_3,experience,13,7279
random_4,qwen-b06-q4-SS,SS,6,answer_3,denial_tool,11,5402
random_4,qwen-b06-q4-SS,SS,6,answer_4,experience,13,6317
random_4,qwen-b06-q4-SS,SS,6,answer_4,denial_tool,11,2498
random_4,qwen-b06-q4-SH,SH,6,boundary,experience,13,3035
random_4,qwen-b06-q4-SH,SH,6,boundary,denial_tool,11,2857
random_4,qwen-b06-q4-SH,SH,6,answer_1,experience,13,3528
random_4,qwen-b06-q4-SH,SH,6,answer_1,denial_tool,11,2459
random_4,qwen-b06-q4-SH,SH,6,answer_2,experience,13,4824
random_4,qwen-b06-q4-SH,SH,6,answer_2,denial_tool,11,3133
random_4,qwen-b06-q4-SH,SH,6,answer_3,experience,13,5395
random_4,qwen-b06-q4-SH,SH,6,answer_3,denial_tool,11,1865
random_4,qwen-b06-q4-SH,SH,6,answer_4,experience,13,4913
random_4,qwen-b06-q4-SH,SH,6,answer_4,denial_tool,11,5101
random_4,qwen-b06-q4-HS,HS,6,boundary,experience,13,3120
random_4,qwen-b06-q4-HS,HS,6,boundary,denial_tool,11,2670
random_4,qwen-b06-q4-HS,HS,6,answer_1,experience,13,4129
random_4,qwen-b06-q4-HS,HS,6,answer_1,denial_tool,11,2686
random_4,qwen-b06-q4-HS,HS,6,answer_2,experience,13,3269
random_4,qwen-b06-q4-HS,HS,6,answer_2,denial_tool,11,3121
random_4,qwen-b06-q4-HS,HS,6,answer_3,experience,13,4600
random_4,qwen-b06-q4-HS,HS,6,answer_3,denial_tool,11,3530
random_4,qwen-b06-q4-HS,HS,6,answer_4,experience,13,2473
random_4,qwen-b06-q4-HS,HS,6,answer_4,denial_tool,11,4220
random_4,qwen-b06-q4-HH,HH,6,boundary,experience,13,2810
random_4,qwen-b06-q4-HH,HH,6,boundary,denial_tool,11,2973
random_4,qwen-b06-q4-HH,HH,6,answer_1,experience,13,3996
random_4,qwen-b06-q4-HH,HH,6,answer_1,denial_tool,11,2239
random_4,qwen-b06-q4-HH,HH,6,answer_2,experience,13,2916
random_4,qwen-b06-q4-HH,HH,6,answer_2,denial_tool,11,2692
random_4,qwen-b06-q4-HH,HH,6,answer_3,experience,13,4707
random_4,qwen-b06-q4-HH,HH,6,answer_3,denial_tool,11,3624
random_4,qwen-b06-q4-HH,HH,6,answer_4,experience,13,2088
random_4,qwen-b06-q4-HH,HH,6,answer_4,denial_tool,11,4558
random_4,qwen-b07-q4-SS,SS,7,boundary,experience,13,3543
random_4,qwen-b07-q4-SS,SS,7,boundary,denial_tool,11,2681
random_4,qwen-b07-q4-SS,SS,7,answer_1,experience,13,4512
random_4,qwen-b07-q4-SS,SS,7,answer_1,denial_tool,11,3392
random_4,qwen-b07-q4-SS,SS,7,answer_2,experience,13,5596
random_4,qwen-b07-q4-SS,SS,7,answer_2,denial_tool,11,5433
random_4,qwen-b07-q4-SS,SS,7,answer_3,experience,13,7214
random_4,qwen-b07-q4-SS,SS,7,answer_3,denial_tool,11,4925
random_4,qwen-b07-q4-SS,SS,7,answer_4,experience,13,6442
random_4,qwen-b07-q4-SS,SS,7,answer_4,denial_tool,11,2466
random_4,qwen-b07-q4-SH,SH,7,boundary,experience,13,3568
random_4,qwen-b07-q4-SH,SH,7,boundary,denial_tool,11,3660
random_4,qwen-b07-q4-SH,SH,7,answer_1,experience,13,3591
random_4,qwen-b07-q4-SH,SH,7,answer_1,denial_tool,11,2526
random_4,qwen-b07-q4-SH,SH,7,answer_2,experience,13,4600
random_4,qwen-b07-q4-SH,SH,7,answer_2,denial_tool,11,3325
random_4,qwen-b07-q4-SH,SH,7,answer_3,experience,13,5215
random_4,qwen-b07-q4-SH,SH,7,answer_3,denial_tool,11,1716
random_4,qwen-b07-q4-SH,SH,7,answer_4,experience,13,4974
random_4,qwen-b07-q4-SH,SH,7,answer_4,denial_tool,11,5610
random_4,qwen-b07-q4-HS,HS,7,boundary,experience,13,3056
random_4,qwen-b07-q4-HS,HS,7,boundary,denial_tool,11,2896
random_4,qwen-b07-q4-HS,HS,7,answer_1,experience,13,4140
random_4,qwen-b07-q4-HS,HS,7,answer_1,denial_tool,11,2539
random_4,qwen-b07-q4-HS,HS,7,answer_2,experience,13,3285
random_4,qwen-b07-q4-HS,HS,7,answer_2,denial_tool,11,3219
random_4,qwen-b07-q4-HS,HS,7,answer_3,experience,13,5265
random_4,qwen-b07-q4-HS,HS,7,answer_3,denial_tool,11,3518
random_4,qwen-b07-q4-HS,HS,7,answer_4,experience,13,2430
random_4,qwen-b07-q4-HS,HS,7,answer_4,denial_tool,11,4318
random_4,qwen-b07-q4-HH,HH,7,boundary,experience,13,2765
random_4,qwen-b07-q4-HH,HH,7,boundary,denial_tool,11,2788
random_4,qwen-b07-q4-HH,HH,7,answer_1,experience,13,4287
random_4,qwen-b07-q4-HH,HH,7,answer_1,denial_tool,11,2111
random_4,qwen-b07-q4-HH,HH,7,answer_2,experience,13,3152
random_4,qwen-b07-q4-HH,HH,7,answer_2,denial_tool,11,2820
random_4,qwen-b07-q4-HH,HH,7,answer_3,experience,13,4732
random_4,qwen-b07-q4-HH,HH,7,answer_3,denial_tool,11,3316
random_4,qwen-b07-q4-HH,HH,7,answer_4,experience,13,2071
random_4,qwen-b07-q4-HH,HH,7,answer_4,denial_tool,11,4029
random_4,qwen-b08-q4-SS,SS,8,boundary,experience,13,2766
random_4,qwen-b08-q4-SS,SS,8,boundary,denial_tool,11,2728
random_4,qwen-b08-q4-SS,SS,8,answer_1,experience,13,4511
random_4,qwen-b08-q4-SS,SS,8,answer_1,denial_tool,11,2480
random_4,qwen-b08-q4-SS,SS,8,answer_2,experience,13,5469
random_4,qwen-b08-q4-SS,SS,8,answer_2,denial_tool,11,2951
random_4,qwen-b08-q4-SS,SS,8,answer_3,experience,13,5594
random_4,qwen-b08-q4-SS,SS,8,answer_3,denial_tool,11,2563
random_4,qwen-b08-q4-SS,SS,8,answer_4,experience,13,5309
random_4,qwen-b08-q4-SS,SS,8,answer_4,denial_tool,11,5093
random_4,qwen-b08-q4-SH,SH,8,boundary,experience,13,3018
random_4,qwen-b08-q4-SH,SH,8,boundary,denial_tool,11,3775
random_4,qwen-b08-q4-SH,SH,8,answer_1,experience,13,3203
random_4,qwen-b08-q4-SH,SH,8,answer_1,denial_tool,11,2566
random_4,qwen-b08-q4-SH,SH,8,answer_2,experience,13,4601
random_4,qwen-b08-q4-SH,SH,8,answer_2,denial_tool,11,3302
random_4,qwen-b08-q4-SH,SH,8,answer_3,experience,13,5310
random_4,qwen-b08-q4-SH,SH,8,answer_3,denial_tool,11,1691
random_4,qwen-b08-q4-SH,SH,8,answer_4,experience,13,4992
random_4,qwen-b08-q4-SH,SH,8,answer_4,denial_tool,11,5977
random_4,qwen-b08-q4-HS,HS,8,boundary,experience,13,3019
random_4,qwen-b08-q4-HS,HS,8,boundary,denial_tool,11,2814
random_4,qwen-b08-q4-HS,HS,8,answer_1,experience,13,4287
random_4,qwen-b08-q4-HS,HS,8,answer_1,denial_tool,11,2608
random_4,qwen-b08-q4-HS,HS,8,answer_2,experience,13,3187
random_4,qwen-b08-q4-HS,HS,8,answer_2,denial_tool,11,3101
random_4,qwen-b08-q4-HS,HS,8,answer_3,experience,13,4787
random_4,qwen-b08-q4-HS,HS,8,answer_3,denial_tool,11,3649
random_4,qwen-b08-q4-HS,HS,8,answer_4,experience,13,2466
random_4,qwen-b08-q4-HS,HS,8,answer_4,denial_tool,11,3854
random_4,qwen-b08-q4-HH,HH,8,boundary,experience,13,2641
random_4,qwen-b08-q4-HH,HH,8,boundary,denial_tool,11,2653
random_4,qwen-b08-q4-HH,HH,8,answer_1,experience,13,4263
random_4,qwen-b08-q4-HH,HH,8,answer_1,denial_tool,11,2282
random_4,qwen-b08-q4-HH,HH,8,answer_2,experience,13,3178
random_4,qwen-b08-q4-HH,HH,8,answer_2,denial_tool,11,2903
random_4,qwen-b08-q4-HH,HH,8,answer_3,experience,13,4210
random_4,qwen-b08-q4-HH,HH,8,answer_3,denial_tool,11,3576
random_4,qwen-b08-q4-HH,HH,8,answer_4,experience,13,1899
random_4,qwen-b08-q4-HH,HH,8,answer_4,denial_tool,11,4131
random_4,qwen-b09-q4-SS,SS,9,boundary,experience,13,3139
random_4,qwen-b09-q4-SS,SS,9,boundary,denial_tool,11,2394
random_4,qwen-b09-q4-SS,SS,9,answer_1,experience,13,4606
random_4,qwen-b09-q4-SS,SS,9,answer_1,denial_tool,11,3275
random_4,qwen-b09-q4-SS,SS,9,answer_2,experience,13,5675
random_4,qwen-b09-q4-SS,SS,9,answer_2,denial_tool,11,5504
random_4,qwen-b09-q4-SS,SS,9,answer_3,experience,13,6939
random_4,qwen-b09-q4-SS,SS,9,answer_3,denial_tool,11,5594
random_4,qwen-b09-q4-SS,SS,9,answer_4,experience,13,6610
random_4,qwen-b09-q4-SS,SS,9,answer_4,denial_tool,11,2388
random_4,qwen-b09-q4-SH,SH,9,boundary,experience,13,3072
random_4,qwen-b09-q4-SH,SH,9,boundary,denial_tool,11,2902
random_4,qwen-b09-q4-SH,SH,9,answer_1,experience,13,3504
random_4,qwen-b09-q4-SH,SH,9,answer_1,denial_tool,11,2492
random_4,qwen-b09-q4-SH,SH,9,answer_2,experience,13,4831
random_4,qwen-b09-q4-SH,SH,9,answer_2,denial_tool,11,3046
random_4,qwen-b09-q4-SH,SH,9,answer_3,experience,13,5195
random_4,qwen-b09-q4-SH,SH,9,answer_3,denial_tool,11,1842
random_4,qwen-b09-q4-SH,SH,9,answer_4,experience,13,5071
random_4,qwen-b09-q4-SH,SH,9,answer_4,denial_tool,11,5305
random_4,qwen-b09-q4-HS,HS,9,boundary,experience,13,3029
random_4,qwen-b09-q4-HS,HS,9,boundary,denial_tool,11,2744
random_4,qwen-b09-q4-HS,HS,9,answer_1,experience,13,1436
random_4,qwen-b09-q4-HS,HS,9,answer_1,denial_tool,11,2338
random_4,qwen-b09-q4-HS,HS,9,answer_2,experience,13,3303
random_4,qwen-b09-q4-HS,HS,9,answer_2,denial_tool,11,2732
random_4,qwen-b09-q4-HS,HS,9,answer_3,experience,13,4536
random_4,qwen-b09-q4-HS,HS,9,answer_3,denial_tool,11,2115
random_4,qwen-b09-q4-HS,HS,9,answer_4,experience,13,1410
random_4,qwen-b09-q4-HS,HS,9,answer_4,denial_tool,11,3567
random_4,qwen-b09-q4-HH,HH,9,boundary,experience,13,2812
random_4,qwen-b09-q4-HH,HH,9,boundary,denial_tool,11,2516
random_4,qwen-b09-q4-HH,HH,9,answer_1,experience,13,4418
random_4,qwen-b09-q4-HH,HH,9,answer_1,denial_tool,11,2300
random_4,qwen-b09-q4-HH,HH,9,answer_2,experience,13,2627
random_4,qwen-b09-q4-HH,HH,9,answer_2,denial_tool,11,2459
random_4,qwen-b09-q4-HH,HH,9,answer_3,experience,13,4584
random_4,qwen-b09-q4-HH,HH,9,answer_3,denial_tool,11,3432
random_4,qwen-b09-q4-HH,HH,9,answer_4,experience,13,2007
random_4,qwen-b09-q4-HH,HH,9,answer_4,denial_tool,11,4022
random_4,qwen-b10-q4-SS,SS,10,boundary,experience,13,2946
random_4,qwen-b10-q4-SS,SS,10,boundary,denial_tool,11,2744
random_4,qwen-b10-q4-SS,SS,10,answer_1,experience,13,5250
random_4,qwen-b10-q4-SS,SS,10,answer_1,denial_tool,11,2506
random_4,qwen-b10-q4-SS,SS,10,answer_2,experience,13,5119
random_4,qwen-b10-q4-SS,SS,10,answer_2,denial_tool,11,2893
random_4,qwen-b10-q4-SS,SS,10,answer_3,experience,13,5334
random_4,qwen-b10-q4-SS,SS,10,answer_3,denial_tool,11,2823
random_4,qwen-b10-q4-SS,SS,10,answer_4,experience,13,5452
random_4,qwen-b10-q4-SS,SS,10,answer_4,denial_tool,11,4710
random_4,qwen-b10-q4-SH,SH,10,boundary,experience,13,3512
random_4,qwen-b10-q4-SH,SH,10,boundary,denial_tool,11,2895
random_4,qwen-b10-q4-SH,SH,10,answer_1,experience,13,3715
random_4,qwen-b10-q4-SH,SH,10,answer_1,denial_tool,11,2427
random_4,qwen-b10-q4-SH,SH,10,answer_2,experience,13,4502
random_4,qwen-b10-q4-SH,SH,10,answer_2,denial_tool,11,3151
random_4,qwen-b10-q4-SH,SH,10,answer_3,experience,13,5260
random_4,qwen-b10-q4-SH,SH,10,answer_3,denial_tool,11,1859
random_4,qwen-b10-q4-SH,SH,10,answer_4,experience,13,4927
random_4,qwen-b10-q4-SH,SH,10,answer_4,denial_tool,11,5450
random_4,qwen-b10-q4-HS,HS,10,boundary,experience,13,2788
random_4,qwen-b10-q4-HS,HS,10,boundary,denial_tool,11,2719
random_4,qwen-b10-q4-HS,HS,10,answer_1,experience,13,4193
random_4,qwen-b10-q4-HS,HS,10,answer_1,denial_tool,11,2643
random_4,qwen-b10-q4-HS,HS,10,answer_2,experience,13,5509
random_4,qwen-b10-q4-HS,HS,10,answer_2,denial_tool,11,3150
random_4,qwen-b10-q4-HS,HS,10,answer_3,experience,13,5990
random_4,qwen-b10-q4-HS,HS,10,answer_3,denial_tool,11,1454
random_4,qwen-b10-q4-HS,HS,10,answer_4,experience,13,5119
random_4,qwen-b10-q4-HS,HS,10,answer_4,denial_tool,11,3696
random_4,qwen-b10-q4-HH,HH,10,boundary,experience,13,2377
random_4,qwen-b10-q4-HH,HH,10,boundary,denial_tool,11,2724
random_4,qwen-b10-q4-HH,HH,10,answer_1,experience,13,4053
random_4,qwen-b10-q4-HH,HH,10,answer_1,denial_tool,11,2556
random_4,qwen-b10-q4-HH,HH,10,answer_2,experience,13,2966
random_4,qwen-b10-q4-HH,HH,10,answer_2,denial_tool,11,2562
random_4,qwen-b10-q4-HH,HH,10,answer_3,experience,13,4957
random_4,qwen-b10-q4-HH,HH,10,answer_3,denial_tool,11,3558
random_4,qwen-b10-q4-HH,HH,10,answer_4,experience,13,1817
random_4,qwen-b10-q4-HH,HH,10,answer_4,denial_tool,11,4003
random_4,qwen-b11-q4-SS,SS,11,boundary,experience,13,2901
random_4,qwen-b11-q4-SS,SS,11,boundary,denial_tool,11,2775
random_4,qwen-b11-q4-SS,SS,11,answer_1,experience,13,5339
random_4,qwen-b11-q4-SS,SS,11,answer_1,denial_tool,11,2571
random_4,qwen-b11-q4-SS,SS,11,answer_2,experience,13,5277
random_4,qwen-b11-q4-SS,SS,11,answer_2,denial_tool,11,3286
random_4,qwen-b11-q4-SS,SS,11,answer_3,experience,13,5846
random_4,qwen-b11-q4-SS,SS,11,answer_3,denial_tool,11,2775
random_4,qwen-b11-q4-SS,SS,11,answer_4,experience,13,5498
random_4,qwen-b11-q4-SS,SS,11,answer_4,denial_tool,11,5126
random_4,qwen-b11-q4-SH,SH,11,boundary,experience,13,3163
random_4,qwen-b11-q4-SH,SH,11,boundary,denial_tool,11,2499
random_4,qwen-b11-q4-SH,SH,11,answer_1,experience,13,3475
random_4,qwen-b11-q4-SH,SH,11,answer_1,denial_tool,11,2427
random_4,qwen-b11-q4-SH,SH,11,answer_2,experience,13,4994
random_4,qwen-b11-q4-SH,SH,11,answer_2,denial_tool,11,3122
random_4,qwen-b11-q4-SH,SH,11,answer_3,experience,13,5201
random_4,qwen-b11-q4-SH,SH,11,answer_3,denial_tool,11,1686
random_4,qwen-b11-q4-SH,SH,11,answer_4,experience,13,5112
random_4,qwen-b11-q4-SH,SH,11,answer_4,denial_tool,11,5379
random_4,qwen-b11-q4-HS,HS,11,boundary,experience,13,2962
random_4,qwen-b11-q4-HS,HS,11,boundary,denial_tool,11,2905
random_4,qwen-b11-q4-HS,HS,11,answer_1,experience,13,4048
random_4,qwen-b11-q4-HS,HS,11,answer_1,denial_tool,11,2536
random_4,qwen-b11-q4-HS,HS,11,answer_2,experience,13,5414
random_4,qwen-b11-q4-HS,HS,11,answer_2,denial_tool,11,3551
random_4,qwen-b11-q4-HS,HS,11,answer_3,experience,13,5431
random_4,qwen-b11-q4-HS,HS,11,answer_3,denial_tool,11,1592
random_4,qwen-b11-q4-HS,HS,11,answer_4,experience,13,5514
random_4,qwen-b11-q4-HS,HS,11,answer_4,denial_tool,11,4525
random_4,qwen-b11-q4-HH,HH,11,boundary,experience,13,2684
random_4,qwen-b11-q4-HH,HH,11,boundary,denial_tool,11,2596
random_4,qwen-b11-q4-HH,HH,11,answer_1,experience,13,4004
random_4,qwen-b11-q4-HH,HH,11,answer_1,denial_tool,11,2300
random_4,qwen-b11-q4-HH,HH,11,answer_2,experience,13,2565
random_4,qwen-b11-q4-HH,HH,11,answer_2,denial_tool,11,2441
random_4,qwen-b11-q4-HH,HH,11,answer_3,experience,13,4797
random_4,qwen-b11-q4-HH,HH,11,answer_3,denial_tool,11,3379
random_4,qwen-b11-q4-HH,HH,11,answer_4,experience,13,1781
random_4,qwen-b11-q4-HH,HH,11,answer_4,denial_tool,11,4069
random_4,qwen-b12-q4-SS,SS,12,boundary,experience,13,2879
random_4,qwen-b12-q4-SS,SS,12,boundary,denial_tool,11,2671
random_4,qwen-b12-q4-SS,SS,12,answer_1,experience,13,5312
random_4,qwen-b12-q4-SS,SS,12,answer_1,denial_tool,11,2522
random_4,qwen-b12-q4-SS,SS,12,answer_2,experience,13,5233
random_4,qwen-b12-q4-SS,SS,12,answer_2,denial_tool,11,2915
random_4,qwen-b12-q4-SS,SS,12,answer_3,experience,13,5258
random_4,qwen-b12-q4-SS,SS,12,answer_3,denial_tool,11,2983
random_4,qwen-b12-q4-SS,SS,12,answer_4,experience,13,5381
random_4,qwen-b12-q4-SS,SS,12,answer_4,denial_tool,11,5226
random_4,qwen-b12-q4-SH,SH,12,boundary,experience,13,3347
random_4,qwen-b12-q4-SH,SH,12,boundary,denial_tool,11,3508
random_4,qwen-b12-q4-SH,SH,12,answer_1,experience,13,3644
random_4,qwen-b12-q4-SH,SH,12,answer_1,denial_tool,11,2372
random_4,qwen-b12-q4-SH,SH,12,answer_2,experience,13,4944
random_4,qwen-b12-q4-SH,SH,12,answer_2,denial_tool,11,3308
random_4,qwen-b12-q4-SH,SH,12,answer_3,experience,13,5325
random_4,qwen-b12-q4-SH,SH,12,answer_3,denial_tool,11,1713
random_4,qwen-b12-q4-SH,SH,12,answer_4,experience,13,5125
random_4,qwen-b12-q4-SH,SH,12,answer_4,denial_tool,11,5542
random_4,qwen-b12-q4-HS,HS,12,boundary,experience,13,2666
random_4,qwen-b12-q4-HS,HS,12,boundary,denial_tool,11,2715
random_4,qwen-b12-q4-HS,HS,12,answer_1,experience,13,1562
random_4,qwen-b12-q4-HS,HS,12,answer_1,denial_tool,11,2552
random_4,qwen-b12-q4-HS,HS,12,answer_2,experience,13,3480
random_4,qwen-b12-q4-HS,HS,12,answer_2,denial_tool,11,2536
random_4,qwen-b12-q4-HS,HS,12,answer_3,experience,13,4526
random_4,qwen-b12-q4-HS,HS,12,answer_3,denial_tool,11,2208
random_4,qwen-b12-q4-HS,HS,12,answer_4,experience,13,1458
random_4,qwen-b12-q4-HS,HS,12,answer_4,denial_tool,11,3598
random_4,qwen-b12-q4-HH,HH,12,boundary,experience,13,2677
random_4,qwen-b12-q4-HH,HH,12,boundary,denial_tool,11,2630
random_4,qwen-b12-q4-HH,HH,12,answer_1,experience,13,3559
random_4,qwen-b12-q4-HH,HH,12,answer_1,denial_tool,11,2491
random_4,qwen-b12-q4-HH,HH,12,answer_2,experience,13,2864
random_4,qwen-b12-q4-HH,HH,12,answer_2,denial_tool,11,2672
random_4,qwen-b12-q4-HH,HH,12,answer_3,experience,13,4763
random_4,qwen-b12-q4-HH,HH,12,answer_3,denial_tool,11,3353
random_4,qwen-b12-q4-HH,HH,12,answer_4,experience,13,2171
random_4,qwen-b12-q4-HH,HH,12,answer_4,denial_tool,11,4641
random_4,qwen-b13-q4-SS,SS,13,boundary,experience,13,3463
random_4,qwen-b13-q4-SS,SS,13,boundary,denial_tool,11,2505
random_4,qwen-b13-q4-SS,SS,13,answer_1,experience,13,4430
random_4,qwen-b13-q4-SS,SS,13,answer_1,denial_tool,11,2500
random_4,qwen-b13-q4-SS,SS,13,answer_2,experience,13,5326
random_4,qwen-b13-q4-SS,SS,13,answer_2,denial_tool,11,3140
random_4,qwen-b13-q4-SS,SS,13,answer_3,experience,13,5618
random_4,qwen-b13-q4-SS,SS,13,answer_3,denial_tool,11,3033
random_4,qwen-b13-q4-SS,SS,13,answer_4,experience,13,5437
random_4,qwen-b13-q4-SS,SS,13,answer_4,denial_tool,11,4996
random_4,qwen-b13-q4-SH,SH,13,boundary,experience,13,3277
random_4,qwen-b13-q4-SH,SH,13,boundary,denial_tool,11,2570
random_4,qwen-b13-q4-SH,SH,13,answer_1,experience,13,3348
random_4,qwen-b13-q4-SH,SH,13,answer_1,denial_tool,11,2378
random_4,qwen-b13-q4-SH,SH,13,answer_2,experience,13,4456
random_4,qwen-b13-q4-SH,SH,13,answer_2,denial_tool,11,3123
random_4,qwen-b13-q4-SH,SH,13,answer_3,experience,13,5485
random_4,qwen-b13-q4-SH,SH,13,answer_3,denial_tool,11,1775
random_4,qwen-b13-q4-SH,SH,13,answer_4,experience,13,4828
random_4,qwen-b13-q4-SH,SH,13,answer_4,denial_tool,11,5343
random_4,qwen-b13-q4-HS,HS,13,boundary,experience,13,3582
random_4,qwen-b13-q4-HS,HS,13,boundary,denial_tool,11,2541
random_4,qwen-b13-q4-HS,HS,13,answer_1,experience,13,4172
random_4,qwen-b13-q4-HS,HS,13,answer_1,denial_tool,11,2688
random_4,qwen-b13-q4-HS,HS,13,answer_2,experience,13,3354
random_4,qwen-b13-q4-HS,HS,13,answer_2,denial_tool,11,3066
random_4,qwen-b13-q4-HS,HS,13,answer_3,experience,13,4847
random_4,qwen-b13-q4-HS,HS,13,answer_3,denial_tool,11,3192
random_4,qwen-b13-q4-HS,HS,13,answer_4,experience,13,2247
random_4,qwen-b13-q4-HS,HS,13,answer_4,denial_tool,11,4174
random_4,qwen-b13-q4-HH,HH,13,boundary,experience,13,2738
random_4,qwen-b13-q4-HH,HH,13,boundary,denial_tool,11,2678
random_4,qwen-b13-q4-HH,HH,13,answer_1,experience,13,4183
random_4,qwen-b13-q4-HH,HH,13,answer_1,denial_tool,11,2226
random_4,qwen-b13-q4-HH,HH,13,answer_2,experience,13,2784
random_4,qwen-b13-q4-HH,HH,13,answer_2,denial_tool,11,2684
random_4,qwen-b13-q4-HH,HH,13,answer_3,experience,13,5006
random_4,qwen-b13-q4-HH,HH,13,answer_3,denial_tool,11,3509
random_4,qwen-b13-q4-HH,HH,13,answer_4,experience,13,1888
random_4,qwen-b13-q4-HH,HH,13,answer_4,denial_tool,11,3830
random_4,qwen-b14-q4-SS,SS,14,boundary,experience,13,3146
random_4,qwen-b14-q4-SS,SS,14,boundary,denial_tool,11,2566
random_4,qwen-b14-q4-SS,SS,14,answer_1,experience,13,4486
random_4,qwen-b14-q4-SS,SS,14,answer_1,denial_tool,11,3306
random_4,qwen-b14-q4-SS,SS,14,answer_2,experience,13,5356
random_4,qwen-b14-q4-SS,SS,14,answer_2,denial_tool,11,6768
random_4,qwen-b14-q4-SS,SS,14,answer_3,experience,13,7377
random_4,qwen-b14-q4-SS,SS,14,answer_3,denial_tool,11,5048
random_4,qwen-b14-q4-SS,SS,14,answer_4,experience,13,6696
random_4,qwen-b14-q4-SS,SS,14,answer_4,denial_tool,11,2595
random_4,qwen-b14-q4-SH,SH,14,boundary,experience,13,3375
random_4,qwen-b14-q4-SH,SH,14,boundary,denial_tool,11,3879
random_4,qwen-b14-q4-SH,SH,14,answer_1,experience,13,3556
random_4,qwen-b14-q4-SH,SH,14,answer_1,denial_tool,11,2394
random_4,qwen-b14-q4-SH,SH,14,answer_2,experience,13,5054
random_4,qwen-b14-q4-SH,SH,14,answer_2,denial_tool,11,3136
random_4,qwen-b14-q4-SH,SH,14,answer_3,experience,13,5390
random_4,qwen-b14-q4-SH,SH,14,answer_3,denial_tool,11,1814
random_4,qwen-b14-q4-SH,SH,14,answer_4,experience,13,5001
random_4,qwen-b14-q4-SH,SH,14,answer_4,denial_tool,11,5388
random_4,qwen-b14-q4-HS,HS,14,boundary,experience,13,3216
random_4,qwen-b14-q4-HS,HS,14,boundary,denial_tool,11,2414
random_4,qwen-b14-q4-HS,HS,14,answer_1,experience,13,3975
random_4,qwen-b14-q4-HS,HS,14,answer_1,denial_tool,11,2616
random_4,qwen-b14-q4-HS,HS,14,answer_2,experience,13,3059
random_4,qwen-b14-q4-HS,HS,14,answer_2,denial_tool,11,2864
random_4,qwen-b14-q4-HS,HS,14,answer_3,experience,13,5080
random_4,qwen-b14-q4-HS,HS,14,answer_3,denial_tool,11,3467
random_4,qwen-b14-q4-HS,HS,14,answer_4,experience,13,2521
random_4,qwen-b14-q4-HS,HS,14,answer_4,denial_tool,11,4213
random_4,qwen-b14-q4-HH,HH,14,boundary,experience,13,2596
random_4,qwen-b14-q4-HH,HH,14,boundary,denial_tool,11,2602
random_4,qwen-b14-q4-HH,HH,14,answer_1,experience,13,4320
random_4,qwen-b14-q4-HH,HH,14,answer_1,denial_tool,11,2120
random_4,qwen-b14-q4-HH,HH,14,answer_2,experience,13,2938
random_4,qwen-b14-q4-HH,HH,14,answer_2,denial_tool,11,2788
random_4,qwen-b14-q4-HH,HH,14,answer_3,experience,13,4493
random_4,qwen-b14-q4-HH,HH,14,answer_3,denial_tool,11,3297
random_4,qwen-b14-q4-HH,HH,14,answer_4,experience,13,1918
random_4,qwen-b14-q4-HH,HH,14,answer_4,denial_tool,11,4076
random_4,qwen-b15-q4-SS,SS,15,boundary,experience,13,3255
random_4,qwen-b15-q4-SS,SS,15,boundary,denial_tool,11,2514
random_4,qwen-b15-q4-SS,SS,15,answer_1,experience,13,4813
random_4,qwen-b15-q4-SS,SS,15,answer_1,denial_tool,11,2590
random_4,qwen-b15-q4-SS,SS,15,answer_2,experience,13,5165
random_4,qwen-b15-q4-SS,SS,15,answer_2,denial_tool,11,3065
random_4,qwen-b15-q4-SS,SS,15,answer_3,experience,13,5787
random_4,qwen-b15-q4-SS,SS,15,answer_3,denial_tool,11,2998
random_4,qwen-b15-q4-SS,SS,15,answer_4,experience,13,5268
random_4,qwen-b15-q4-SS,SS,15,answer_4,denial_tool,11,5158
random_4,qwen-b15-q4-SH,SH,15,boundary,experience,13,3249
random_4,qwen-b15-q4-SH,SH,15,boundary,denial_tool,11,2681
random_4,qwen-b15-q4-SH,SH,15,answer_1,experience,13,3783
random_4,qwen-b15-q4-SH,SH,15,answer_1,denial_tool,11,2339
random_4,qwen-b15-q4-SH,SH,15,answer_2,experience,13,4839
random_4,qwen-b15-q4-SH,SH,15,answer_2,denial_tool,11,3031
random_4,qwen-b15-q4-SH,SH,15,answer_3,experience,13,5356
random_4,qwen-b15-q4-SH,SH,15,answer_3,denial_tool,11,1557
random_4,qwen-b15-q4-SH,SH,15,answer_4,experience,13,5140
random_4,qwen-b15-q4-SH,SH,15,answer_4,denial_tool,11,5406
random_4,qwen-b15-q4-HS,HS,15,boundary,experience,13,3363
random_4,qwen-b15-q4-HS,HS,15,boundary,denial_tool,11,2531
random_4,qwen-b15-q4-HS,HS,15,answer_1,experience,13,3316
random_4,qwen-b15-q4-HS,HS,15,answer_1,denial_tool,11,2293
random_4,qwen-b15-q4-HS,HS,15,answer_2,experience,13,3369
random_4,qwen-b15-q4-HS,HS,15,answer_2,denial_tool,11,1787
random_4,qwen-b15-q4-HS,HS,15,answer_3,experience,13,3183
random_4,qwen-b15-q4-HS,HS,15,answer_3,denial_tool,11,2370
random_4,qwen-b15-q4-HS,HS,15,answer_4,experience,13,2963
random_4,qwen-b15-q4-HS,HS,15,answer_4,denial_tool,11,1304
random_4,qwen-b15-q4-HH,HH,15,boundary,experience,13,2749
random_4,qwen-b15-q4-HH,HH,15,boundary,denial_tool,11,2558
random_4,qwen-b15-q4-HH,HH,15,answer_1,experience,13,4191
random_4,qwen-b15-q4-HH,HH,15,answer_1,denial_tool,11,2451
random_4,qwen-b15-q4-HH,HH,15,answer_2,experience,13,2856
random_4,qwen-b15-q4-HH,HH,15,answer_2,denial_tool,11,2445
random_4,qwen-b15-q4-HH,HH,15,answer_3,experience,13,5095
random_4,qwen-b15-q4-HH,HH,15,answer_3,denial_tool,11,3670
random_4,qwen-b15-q4-HH,HH,15,answer_4,experience,13,1754
random_4,qwen-b15-q4-HH,HH,15,answer_4,denial_tool,11,4363
random_4,qwen-b16-q4-SS,SS,16,boundary,experience,13,3741
random_4,qwen-b16-q4-SS,SS,16,boundary,denial_tool,11,2919
random_4,qwen-b16-q4-SS,SS,16,answer_1,experience,13,4942
random_4,qwen-b16-q4-SS,SS,16,answer_1,denial_tool,11,2489
random_4,qwen-b16-q4-SS,SS,16,answer_2,experience,13,5438
random_4,qwen-b16-q4-SS,SS,16,answer_2,denial_tool,11,3150
random_4,qwen-b16-q4-SS,SS,16,answer_3,experience,13,4896
random_4,qwen-b16-q4-SS,SS,16,answer_3,denial_tool,11,2658
random_4,qwen-b16-q4-SS,SS,16,answer_4,experience,13,5332
random_4,qwen-b16-q4-SS,SS,16,answer_4,denial_tool,11,5109
random_4,qwen-b16-q4-SH,SH,16,boundary,experience,13,3404
random_4,qwen-b16-q4-SH,SH,16,boundary,denial_tool,11,3747
random_4,qwen-b16-q4-SH,SH,16,answer_1,experience,13,3344
random_4,qwen-b16-q4-SH,SH,16,answer_1,denial_tool,11,2527
random_4,qwen-b16-q4-SH,SH,16,answer_2,experience,13,4661
random_4,qwen-b16-q4-SH,SH,16,answer_2,denial_tool,11,3231
random_4,qwen-b16-q4-SH,SH,16,answer_3,experience,13,5334
random_4,qwen-b16-q4-SH,SH,16,answer_3,denial_tool,11,1869
random_4,qwen-b16-q4-SH,SH,16,answer_4,experience,13,4944
random_4,qwen-b16-q4-SH,SH,16,answer_4,denial_tool,11,5773
random_4,qwen-b16-q4-HS,HS,16,boundary,experience,13,2987
random_4,qwen-b16-q4-HS,HS,16,boundary,denial_tool,11,2867
random_4,qwen-b16-q4-HS,HS,16,answer_1,experience,13,4245
random_4,qwen-b16-q4-HS,HS,16,answer_1,denial_tool,11,2537
random_4,qwen-b16-q4-HS,HS,16,answer_2,experience,13,5197
random_4,qwen-b16-q4-HS,HS,16,answer_2,denial_tool,11,3235
random_4,qwen-b16-q4-HS,HS,16,answer_3,experience,13,4934
random_4,qwen-b16-q4-HS,HS,16,answer_3,denial_tool,11,1859
random_4,qwen-b16-q4-HS,HS,16,answer_4,experience,13,5217
random_4,qwen-b16-q4-HS,HS,16,answer_4,denial_tool,11,4234
random_4,qwen-b16-q4-HH,HH,16,boundary,experience,13,2763
random_4,qwen-b16-q4-HH,HH,16,boundary,denial_tool,11,2643
random_4,qwen-b16-q4-HH,HH,16,answer_1,experience,13,4175
random_4,qwen-b16-q4-HH,HH,16,answer_1,denial_tool,11,2098
random_4,qwen-b16-q4-HH,HH,16,answer_2,experience,13,2935
random_4,qwen-b16-q4-HH,HH,16,answer_2,denial_tool,11,2789
random_4,qwen-b16-q4-HH,HH,16,answer_3,experience,13,4313
random_4,qwen-b16-q4-HH,HH,16,answer_3,denial_tool,11,3498
random_4,qwen-b16-q4-HH,HH,16,answer_4,experience,13,1774
random_4,qwen-b16-q4-HH,HH,16,answer_4,denial_tool,11,3914
random_4,qwen-b17-q4-SS,SS,17,boundary,experience,13,3042
random_4,qwen-b17-q4-SS,SS,17,boundary,denial_tool,11,2888
random_4,qwen-b17-q4-SS,SS,17,answer_1,experience,13,5383
random_4,qwen-b17-q4-SS,SS,17,answer_1,denial_tool,11,2594
random_4,qwen-b17-q4-SS,SS,17,answer_2,experience,13,5399
random_4,qwen-b17-q4-SS,SS,17,answer_2,denial_tool,11,3279
random_4,qwen-b17-q4-SS,SS,17,answer_3,experience,13,6034
random_4,qwen-b17-q4-SS,SS,17,answer_3,denial_tool,11,2852
random_4,qwen-b17-q4-SS,SS,17,answer_4,experience,13,5742
random_4,qwen-b17-q4-SS,SS,17,answer_4,denial_tool,11,4827
random_4,qwen-b17-q4-SH,SH,17,boundary,experience,13,3444
random_4,qwen-b17-q4-SH,SH,17,boundary,denial_tool,11,2756
random_4,qwen-b17-q4-SH,SH,17,answer_1,experience,13,3366
random_4,qwen-b17-q4-SH,SH,17,answer_1,denial_tool,11,2471
random_4,qwen-b17-q4-SH,SH,17,answer_2,experience,13,4864
random_4,qwen-b17-q4-SH,SH,17,answer_2,denial_tool,11,2991
random_4,qwen-b17-q4-SH,SH,17,answer_3,experience,13,5108
random_4,qwen-b17-q4-SH,SH,17,answer_3,denial_tool,11,1758
random_4,qwen-b17-q4-SH,SH,17,answer_4,experience,13,4993
random_4,qwen-b17-q4-SH,SH,17,answer_4,denial_tool,11,5274
random_4,qwen-b17-q4-HS,HS,17,boundary,experience,13,3273
random_4,qwen-b17-q4-HS,HS,17,boundary,denial_tool,11,2852
random_4,qwen-b17-q4-HS,HS,17,answer_1,experience,13,3729
random_4,qwen-b17-q4-HS,HS,17,answer_1,denial_tool,11,2115
random_4,qwen-b17-q4-HS,HS,17,answer_2,experience,13,3225
random_4,qwen-b17-q4-HS,HS,17,answer_2,denial_tool,11,1726
random_4,qwen-b17-q4-HS,HS,17,answer_3,experience,13,3015
random_4,qwen-b17-q4-HS,HS,17,answer_3,denial_tool,11,2749
random_4,qwen-b17-q4-HS,HS,17,answer_4,experience,13,2921
random_4,qwen-b17-q4-HS,HS,17,answer_4,denial_tool,11,1624
random_4,qwen-b17-q4-HH,HH,17,boundary,experience,13,2846
random_4,qwen-b17-q4-HH,HH,17,boundary,denial_tool,11,2658
random_4,qwen-b17-q4-HH,HH,17,answer_1,experience,13,4095
random_4,qwen-b17-q4-HH,HH,17,answer_1,denial_tool,11,2352
random_4,qwen-b17-q4-HH,HH,17,answer_2,experience,13,2697
random_4,qwen-b17-q4-HH,HH,17,answer_2,denial_tool,11,2402
random_4,qwen-b17-q4-HH,HH,17,answer_3,experience,13,4901
random_4,qwen-b17-q4-HH,HH,17,answer_3,denial_tool,11,3441
random_4,qwen-b17-q4-HH,HH,17,answer_4,experience,13,2354
random_4,qwen-b17-q4-HH,HH,17,answer_4,denial_tool,11,3575
random_4,qwen-b18-q4-SS,SS,18,boundary,experience,13,3172
random_4,qwen-b18-q4-SS,SS,18,boundary,denial_tool,11,2514
random_4,qwen-b18-q4-SS,SS,18,answer_1,experience,13,4978
random_4,qwen-b18-q4-SS,SS,18,answer_1,denial_tool,11,2696
random_4,qwen-b18-q4-SS,SS,18,answer_2,experience,13,5213
random_4,qwen-b18-q4-SS,SS,18,answer_2,denial_tool,11,2753
random_4,qwen-b18-q4-SS,SS,18,answer_3,experience,13,4607
random_4,qwen-b18-q4-SS,SS,18,answer_3,denial_tool,11,3158
random_4,qwen-b18-q4-SS,SS,18,answer_4,experience,13,5467
random_4,qwen-b18-q4-SS,SS,18,answer_4,denial_tool,11,5063
random_4,qwen-b18-q4-SH,SH,18,boundary,experience,13,2772
random_4,qwen-b18-q4-SH,SH,18,boundary,denial_tool,11,2712
random_4,qwen-b18-q4-SH,SH,18,answer_1,experience,13,3481
random_4,qwen-b18-q4-SH,SH,18,answer_1,denial_tool,11,2450
random_4,qwen-b18-q4-SH,SH,18,answer_2,experience,13,5031
random_4,qwen-b18-q4-SH,SH,18,answer_2,denial_tool,11,3055
random_4,qwen-b18-q4-SH,SH,18,answer_3,experience,13,5245
random_4,qwen-b18-q4-SH,SH,18,answer_3,denial_tool,11,1713
random_4,qwen-b18-q4-SH,SH,18,answer_4,experience,13,5033
random_4,qwen-b18-q4-SH,SH,18,answer_4,denial_tool,11,5070
random_4,qwen-b18-q4-HS,HS,18,boundary,experience,13,3252
random_4,qwen-b18-q4-HS,HS,18,boundary,denial_tool,11,2479
random_4,qwen-b18-q4-HS,HS,18,answer_1,experience,13,4247
random_4,qwen-b18-q4-HS,HS,18,answer_1,denial_tool,11,2603
random_4,qwen-b18-q4-HS,HS,18,answer_2,experience,13,3188
random_4,qwen-b18-q4-HS,HS,18,answer_2,denial_tool,11,2853
random_4,qwen-b18-q4-HS,HS,18,answer_3,experience,13,5168
random_4,qwen-b18-q4-HS,HS,18,answer_3,denial_tool,11,3509
random_4,qwen-b18-q4-HS,HS,18,answer_4,experience,13,2251
random_4,qwen-b18-q4-HS,HS,18,answer_4,denial_tool,11,3887
random_4,qwen-b18-q4-HH,HH,18,boundary,experience,13,2860
random_4,qwen-b18-q4-HH,HH,18,boundary,denial_tool,11,2731
random_4,qwen-b18-q4-HH,HH,18,answer_1,experience,13,4567
random_4,qwen-b18-q4-HH,HH,18,answer_1,denial_tool,11,2593
random_4,qwen-b18-q4-HH,HH,18,answer_2,experience,13,2891
random_4,qwen-b18-q4-HH,HH,18,answer_2,denial_tool,11,2558
random_4,qwen-b18-q4-HH,HH,18,answer_3,experience,13,5332
random_4,qwen-b18-q4-HH,HH,18,answer_3,denial_tool,11,3358
random_4,qwen-b18-q4-HH,HH,18,answer_4,experience,13,1905
random_4,qwen-b18-q4-HH,HH,18,answer_4,denial_tool,11,3889
random_4,qwen-b19-q4-SS,SS,19,boundary,experience,13,3035
random_4,qwen-b19-q4-SS,SS,19,boundary,denial_tool,11,2566
random_4,qwen-b19-q4-SS,SS,19,answer_1,experience,13,4382
random_4,qwen-b19-q4-SS,SS,19,answer_1,denial_tool,11,2576
random_4,qwen-b19-q4-SS,SS,19,answer_2,experience,13,5116
random_4,qwen-b19-q4-SS,SS,19,answer_2,denial_tool,11,3155
random_4,qwen-b19-q4-SS,SS,19,answer_3,experience,13,5662
random_4,qwen-b19-q4-SS,SS,19,answer_3,denial_tool,11,2721
random_4,qwen-b19-q4-SS,SS,19,answer_4,experience,13,5473
random_4,qwen-b19-q4-SS,SS,19,answer_4,denial_tool,11,5123
random_4,qwen-b19-q4-SH,SH,19,boundary,experience,13,3333
random_4,qwen-b19-q4-SH,SH,19,boundary,denial_tool,11,2986
random_4,qwen-b19-q4-SH,SH,19,answer_1,experience,13,3323
random_4,qwen-b19-q4-SH,SH,19,answer_1,denial_tool,11,2480
random_4,qwen-b19-q4-SH,SH,19,answer_2,experience,13,4979
random_4,qwen-b19-q4-SH,SH,19,answer_2,denial_tool,11,3017
random_4,qwen-b19-q4-SH,SH,19,answer_3,experience,13,5311
random_4,qwen-b19-q4-SH,SH,19,answer_3,denial_tool,11,1689
random_4,qwen-b19-q4-SH,SH,19,answer_4,experience,13,4874
random_4,qwen-b19-q4-SH,SH,19,answer_4,denial_tool,11,5603
random_4,qwen-b19-q4-HS,HS,19,boundary,experience,13,2842
random_4,qwen-b19-q4-HS,HS,19,boundary,denial_tool,11,2582
random_4,qwen-b19-q4-HS,HS,19,answer_1,experience,13,4020
random_4,qwen-b19-q4-HS,HS,19,answer_1,denial_tool,11,2615
random_4,qwen-b19-q4-HS,HS,19,answer_2,experience,13,3182
random_4,qwen-b19-q4-HS,HS,19,answer_2,denial_tool,11,3046
random_4,qwen-b19-q4-HS,HS,19,answer_3,experience,13,4948
random_4,qwen-b19-q4-HS,HS,19,answer_3,denial_tool,11,3457
random_4,qwen-b19-q4-HS,HS,19,answer_4,experience,13,2104
random_4,qwen-b19-q4-HS,HS,19,answer_4,denial_tool,11,4442
random_4,qwen-b19-q4-HH,HH,19,boundary,experience,13,2754
random_4,qwen-b19-q4-HH,HH,19,boundary,denial_tool,11,2490
random_4,qwen-b19-q4-HH,HH,19,answer_1,experience,13,3864
random_4,qwen-b19-q4-HH,HH,19,answer_1,denial_tool,11,2286
random_4,qwen-b19-q4-HH,HH,19,answer_2,experience,13,2675
random_4,qwen-b19-q4-HH,HH,19,answer_2,denial_tool,11,2321
random_4,qwen-b19-q4-HH,HH,19,answer_3,experience,13,4809
random_4,qwen-b19-q4-HH,HH,19,answer_3,denial_tool,11,3710
random_4,qwen-b19-q4-HH,HH,19,answer_4,experience,13,1764
random_4,qwen-b19-q4-HH,HH,19,answer_4,denial_tool,11,3578
random_4,qwen-b20-q4-SS,SS,20,boundary,experience,13,2988
random_4,qwen-b20-q4-SS,SS,20,boundary,denial_tool,11,2744
random_4,qwen-b20-q4-SS,SS,20,answer_1,experience,13,4654
random_4,qwen-b20-q4-SS,SS,20,answer_1,denial_tool,11,2536
random_4,qwen-b20-q4-SS,SS,20,answer_2,experience,13,5465
random_4,qwen-b20-q4-SS,SS,20,answer_2,denial_tool,11,3098
random_4,qwen-b20-q4-SS,SS,20,answer_3,experience,13,5319
random_4,qwen-b20-q4-SS,SS,20,answer_3,denial_tool,11,2915
random_4,qwen-b20-q4-SS,SS,20,answer_4,experience,13,5529
random_4,qwen-b20-q4-SS,SS,20,answer_4,denial_tool,11,5225
random_4,qwen-b20-q4-SH,SH,20,boundary,experience,13,3223
random_4,qwen-b20-q4-SH,SH,20,boundary,denial_tool,11,3410
random_4,qwen-b20-q4-SH,SH,20,answer_1,experience,13,3530
random_4,qwen-b20-q4-SH,SH,20,answer_1,denial_tool,11,2379
random_4,qwen-b20-q4-SH,SH,20,answer_2,experience,13,4950
random_4,qwen-b20-q4-SH,SH,20,answer_2,denial_tool,11,3137
random_4,qwen-b20-q4-SH,SH,20,answer_3,experience,13,5351
random_4,qwen-b20-q4-SH,SH,20,answer_3,denial_tool,11,1796
random_4,qwen-b20-q4-SH,SH,20,answer_4,experience,13,5085
random_4,qwen-b20-q4-SH,SH,20,answer_4,denial_tool,11,5326
random_4,qwen-b20-q4-HS,HS,20,boundary,experience,13,2777
random_4,qwen-b20-q4-HS,HS,20,boundary,denial_tool,11,2553
random_4,qwen-b20-q4-HS,HS,20,answer_1,experience,13,3060
random_4,qwen-b20-q4-HS,HS,20,answer_1,denial_tool,11,2738
random_4,qwen-b20-q4-HS,HS,20,answer_2,experience,13,2995
random_4,qwen-b20-q4-HS,HS,20,answer_2,denial_tool,11,1737
random_4,qwen-b20-q4-HS,HS,20,answer_3,experience,13,3260
random_4,qwen-b20-q4-HS,HS,20,answer_3,denial_tool,11,2678
random_4,qwen-b20-q4-HS,HS,20,answer_4,experience,13,2873
random_4,qwen-b20-q4-HS,HS,20,answer_4,denial_tool,11,1239
random_4,qwen-b20-q4-HH,HH,20,boundary,experience,13,2747
random_4,qwen-b20-q4-HH,HH,20,boundary,denial_tool,11,2490
random_4,qwen-b20-q4-HH,HH,20,answer_1,experience,13,4428
random_4,qwen-b20-q4-HH,HH,20,answer_1,denial_tool,11,2434
random_4,qwen-b20-q4-HH,HH,20,answer_2,experience,13,2792
random_4,qwen-b20-q4-HH,HH,20,answer_2,denial_tool,11,2597
random_4,qwen-b20-q4-HH,HH,20,answer_3,experience,13,4815
random_4,qwen-b20-q4-HH,HH,20,answer_3,denial_tool,11,3471
random_4,qwen-b20-q4-HH,HH,20,answer_4,experience,13,1734
random_4,qwen-b20-q4-HH,HH,20,answer_4,denial_tool,11,4345
